trade_id,amount,timestamp,counterparty_id
e610dea6,40445.32,1712000000,340
f4722d11,9480.84,1712000001,201
f5f9e41e,36594.96,1712000002,301
89302e8b,43758.66,1712000003,467
3397a8d5,9197.24,1712000004,257
119b1e42,17132.68,1712000005,322
fe2f02d4,1384.79,1712000006,134
c6efaf1a,44303.29,1712000007,279
dab77038,14968.4,1712000008,432
7071184a,36773.78,1712000009,309
3a177e73,7767.6,1712000010,304
5cef377d,5053.93,1712000011,463
57b0fdff,29984.35,1712000012,493
aa48b2eb,17590.34,1712000013,462
49057cf1,46207.32,1712000014,244
88ea4f37,20605.32,1712000015,166
a6380251,32528.43,1712000016,174
181c3605,35713.76,1712000017,434
264d28b7,8550.74,1712000018,338
f315cd20,27465.74,1712000019,410
fe056a2e,38380.94,1712000020,360
384a2b32,4616.31,1712000021,349
25f740a3,14472.12,1712000022,461
edcf8c39,9672.7,1712000023,323
4c1a6696,11209.64,1712000024,227
741f160f,49760.57,1712000025,448
591a9b19,15525.55,1712000026,433
ba732ba7,38517.7,1712000027,267
959ded31,10247.71,1712000028,141
ec7d9288,13039.83,1712000029,155
fc32dbb3,7089.49,1712000030,129
442d60f9,5055.39,1712000031,412
4215eafa,30706.22,1712000032,143
24498a43,40969.88,1712000033,183
25c1009a,37125.65,1712000034,499
043c9ed4,21551.75,1712000035,369
a0769093,31984.55,1712000036,378
b9ac6c1a,37374.96,1712000037,262
16d2b0d2,20919.67,1712000038,334
fffb4c79,45430.76,1712000039,129
21bae185,7424.06,1712000040,477
6aa1ce43,17305.81,1712000041,205
bf0d9643,9014.2,1712000042,243
10869d67,12966.35,1712000043,399
3e57168c,22800.02,1712000044,221
bc9c8571,20481.89,1712000045,362
38a3c57b,20937.75,1712000046,433
d8e94783,44299.7,1712000047,405
59ec4dd1,18071.89,1712000048,161
6ae0e9b2,31147.46,1712000049,340
9e4b33b3,37271.07,1712000050,119
e7dbdd44,17232.77,1712000051,256
dc9fe103,40901.51,1712000052,295
a6af2b49,8470.01,1712000053,130
477d7b94,6016.09,1712000054,403
8b457f1c,28547.85,1712000055,128
31969221,20530.36,1712000056,268
4726ae09,34854.95,1712000057,377
d38ba142,13574.68,1712000058,105
9aa85054,25210.08,1712000059,203
d704c047,42095.39,1712000060,292
ee735ab7,32318.56,1712000061,297
6dac9050,2728.38,1712000062,156
7650ca8a,11681.12,1712000063,348
2a6dbbea,14001.19,1712000064,355
c9cdc192,29972.01,1712000065,159
eedb7fc6,26885.08,1712000066,274
a67e0962,42950.03,1712000067,314
e5fe75e1,49105.82,1712000068,343
4ad913a3,22011.82,1712000069,269
ffe8cd2c,14997.42,1712000070,490
c7b48b25,4420.99,1712000071,224
1f850971,36937.43,1712000072,474
a06c62a2,48523.99,1712000073,317
495cb70b,35248.38,1712000074,432
ca13c839,49290.86,1712000075,282
8f3b3d7b,40586.79,1712000076,189
d02da864,5385.98,1712000077,127
a7073fe6,39741.43,1712000078,408
c32553b5,19300.58,1712000079,413
56b4d774,35778.99,1712000080,412
72a8a48c,25675.2,1712000081,376
4ffd1c49,32629.82,1712000082,287
3a141b0d,5513.87,1712000083,479
62980659,9537.7,1712000084,408
d0c18dcc,9058.61,1712000085,474
82275ae3,4264.93,1712000086,156
85607b2f,12626.75,1712000087,336
bca65e67,27380.05,1712000088,339
3fcd526f,10304.88,1712000089,283
3429a120,47167.15,1712000090,184
6a0dcae5,17244.56,1712000091,418
cf141f05,42477.3,1712000092,157
584a1ab6,12797.31,1712000093,306
1d5bad3f,14130.61,1712000094,341
6f452340,35285.54,1712000095,261
8d2c5ed4,42940.64,1712000096,319
38c13e48,46787.81,1712000097,162
78b3facd,23403.95,1712000098,456
070bbf82,13276.58,1712000099,236
fa94299b,23288.92,1712000100,175
92024904,44672.23,1712000101,229
f6ed7bc1,11609.44,1712000102,362
897611ea,46378.57,1712000103,418
c78b5971,36313.31,1712000104,331
44299e90,20272.42,1712000105,195
8e5eede1,29718.03,1712000106,399
a758eb1d,41334.93,1712000107,457
9bac74c7,16043.36,1712000108,292
be75d04a,7266.82,1712000109,114
4e6e2e41,40006.77,1712000110,170
eb5d2ac6,13017.32,1712000111,216
fb696c2f,21581.1,1712000112,366
95f61585,12599.93,1712000113,179
9cc8855b,40279.4,1712000114,175
fc4ecbc3,17138.79,1712000115,179
69840c32,21760.03,1712000116,323
766fa2e5,25125.27,1712000117,435
396c0673,23892.27,1712000118,298
a1e790c9,25762.02,1712000119,236
0b663d82,42399.47,1712000120,209
11aac164,1728.23,1712000121,243
740be454,21486.67,1712000122,486
83db4d32,47143.81,1712000123,275
40831f07,5966.22,1712000124,311
243c1fab,43374.6,1712000125,292
c1eef66d,34119.02,1712000126,137
5263cf31,42349.55,1712000127,493
bbe7e88a,3638.24,1712000128,110
4bd110a1,11568.17,1712000129,261
357e64bb,23451.48,1712000130,285
6f5390a4,41846.06,1712000131,230
dd251513,16055.54,1712000132,423
fde92819,44112.25,1712000133,424
cc6611cd,21468.88,1712000134,450
ffca1102,49252.81,1712000135,424
25064d61,45852.93,1712000136,305
8688ed57,2370.26,1712000137,487
978b6fcc,34442.03,1712000138,405
5050e1ae,13769.8,1712000139,426
e7d4bed7,6465.96,1712000140,438
2b1a0754,17845.4,1712000141,198
432b43fd,19293.94,1712000142,307
d4601e3f,10324.88,1712000143,440
bd9f5b67,44996.46,1712000144,106
325918cb,4614.08,1712000145,271
ae9c060c,46765.04,1712000146,463
5cece547,25374.23,1712000147,495
e8d75b75,18298.88,1712000148,353
7b176c64,45615.11,1712000149,232
65de2693,26033.23,1712000150,403
252a7781,40562.67,1712000151,274
be1de9b6,28965.08,1712000152,311
724ff98b,48728.32,1712000153,227
db8a8432,24444.47,1712000154,310
85244f1e,26870.06,1712000155,347
676ba88d,10983.84,1712000156,213
5c0962cf,43679.76,1712000157,425
9e11d0c6,9053.45,1712000158,100
3ffef6b8,16570.95,1712000159,210
54ec8982,31022.72,1712000160,385
a8bae7fc,2768.77,1712000161,320
50123ecb,13723.8,1712000162,350
9e7f4649,44488.17,1712000163,495
d021080c,8548.59,1712000164,308
50b55c53,24122.99,1712000165,241
75ae917f,1760.75,1712000166,237
d9b6a4cc,20920.11,1712000167,264
1b10ef3a,2591.65,1712000168,214
a9009829,29943.97,1712000169,416
f8cab4c5,29873.9,1712000170,421
1c4ae8bd,29008.84,1712000171,272
ccdda581,16182.76,1712000172,346
17e00c31,36103.46,1712000173,356
dc111ee0,33979.28,1712000174,411
b68256a1,40047.66,1712000175,292
b4f73e44,46263.64,1712000176,460
e640a149,43234.08,1712000177,292
35babdf5,38713.1,1712000178,369
2f7db3db,23238.58,1712000179,296
76405b50,18030.02,1712000180,134
4e251794,35771.34,1712000181,163
860a2147,8338.49,1712000182,416
0afb28be,13676.73,1712000183,459
dcdf5d48,15939.05,1712000184,342
59060f23,1137.84,1712000185,250
d4985db2,41553.33,1712000186,478
20f6a4a0,32293.32,1712000187,480
1b127224,29576.37,1712000188,488
ce6368c9,19696.05,1712000189,226
7d636985,15919.0,1712000190,483
8a4e17a5,41532.94,1712000191,119
af9c41a6,25595.09,1712000192,269
9acb6a2d,7872.19,1712000193,365
a034ec9d,2391.0,1712000194,368
48882409,31494.29,1712000195,490
f5bfc760,13927.14,1712000196,494
af5291ef,37510.74,1712000197,158
f34e898f,22100.84,1712000198,375
810ac32f,32637.57,1712000199,110
06b9a18f,13580.28,1712000200,216
f658a6ff,5360.87,1712000201,216
99a8ea8b,27622.52,1712000202,343
c44ba5bb,6354.24,1712000203,107
7fc079cb,48244.03,1712000204,320
a4079852,12348.18,1712000205,295
4919d7a2,44805.46,1712000206,191
056a5ee3,39380.31,1712000207,280
c569d7fe,47982.27,1712000208,427
70edeba0,34785.53,1712000209,359
3a0fce16,18787.01,1712000210,487
a28d561c,22451.32,1712000211,147
b718d629,14782.82,1712000212,193
1dcc6832,25888.84,1712000213,419
0a6fcf08,37554.95,1712000214,374
88ac341e,42399.36,1712000215,260
b6ff0bf3,13466.83,1712000216,337
2568ce4e,39353.36,1712000217,355
14526221,10381.63,1712000218,444
c78dfa2a,38925.84,1712000219,295
9f43a929,47765.85,1712000220,442
0bcab2d6,28524.53,1712000221,474
7c214b29,12489.2,1712000222,421
f6abb1fa,45122.85,1712000223,461
424c326d,48225.45,1712000224,405
c63e5f1b,6640.67,1712000225,209
4d27127b,5398.25,1712000226,182
d20665ab,39673.65,1712000227,378
644e1849,36684.94,1712000228,457
ba1522a0,46587.1,1712000229,228
c9737337,15544.69,1712000230,301
72a9eec6,7810.61,1712000231,143
01b58eb0,29527.63,1712000232,399
518634c8,22478.44,1712000233,142
380c6580,9222.37,1712000234,400
07427ace,23148.92,1712000235,355
fb3f99f8,1994.84,1712000236,166
9a0983fb,10336.06,1712000237,412
b7eba130,45293.53,1712000238,332
6d9f4fe7,2178.5,1712000239,451
8456295b,18652.98,1712000240,276
fa53df41,42877.84,1712000241,304
88a538e1,40711.83,1712000242,379
43a0c65d,18896.55,1712000243,325
68d00a0a,39020.11,1712000244,132
5a38e4ef,29327.72,1712000245,235
6f47d574,10764.34,1712000246,371
19568881,24163.45,1712000247,299
69acd51b,7637.66,1712000248,430
3a4eb255,43112.6,1712000249,361
e360811d,17387.43,1712000250,399
caaa20a5,13930.73,1712000251,480
11fa872f,13926.76,1712000252,449
288786ec,20716.61,1712000253,456
b1e26d53,35959.56,1712000254,219
9863de12,39219.9,1712000255,209
ada3195f,21768.07,1712000256,488
f0f05a31,26351.5,1712000257,197
9b654fb6,38391.83,1712000258,215
4732b1c0,35135.24,1712000259,460
58b3e215,29905.77,1712000260,367
7b753b8b,30389.21,1712000261,226
fd071365,36838.36,1712000262,286
8e42c4b0,19610.82,1712000263,137
fbc4f6fb,48712.32,1712000264,175
0d69fe59,44477.56,1712000265,338
2a83d48b,34549.1,1712000266,494
00f8aef9,5649.7,1712000267,149
54462844,11001.12,1712000268,302
7324633d,37927.37,1712000269,143
24e9f167,23057.65,1712000270,394
15a2de35,32436.61,1712000271,399
86008fc6,3615.16,1712000272,463
f05ae244,19416.32,1712000273,488
eeda8ed8,4968.16,1712000274,149
c54c921a,34717.21,1712000275,186
f0a21e3e,3923.25,1712000276,471
afaec4de,2036.58,1712000277,273
b2a2d96f,12439.86,1712000278,284
fb33beed,5382.23,1712000279,225
0bd73fd2,20999.05,1712000280,350
06a79ca1,23501.41,1712000281,439
6b4ea473,23737.35,1712000282,495
9f97ca38,11468.92,1712000283,395
6a4f4faa,30991.72,1712000284,373
5699101b,39102.65,1712000285,260
105eacb6,28434.66,1712000286,185
7a158012,6929.32,1712000287,440
c232f675,42047.09,1712000288,339
5b63ad06,26636.38,1712000289,120
dbfb0ed3,23537.23,1712000290,190
ca4f473f,43211.37,1712000291,331
9dade1c9,40644.84,1712000292,402
f4c31205,9268.5,1712000293,256
4311efd1,39853.27,1712000294,261
d48f42fe,3241.41,1712000295,160
f05fb7b6,18813.65,1712000296,195
15e60319,18269.93,1712000297,147
0805facb,37598.41,1712000298,259
0815b1fd,23142.71,1712000299,403
94fbf750,49495.3,1712000300,238
9ec29d0a,38444.61,1712000301,429
145bd13e,36415.02,1712000302,408
ee4fa565,41813.76,1712000303,325
aeb03c32,6426.5,1712000304,357
d3d955aa,13253.86,1712000305,249
0f9080ec,16583.02,1712000306,340
a8e922fc,37639.78,1712000307,243
f022455f,21209.91,1712000308,188
f47073be,4855.89,1712000309,110
12e2df8b,12493.01,1712000310,185
8a797143,44551.0,1712000311,385
40a18b96,15037.38,1712000312,118
a0d7fb53,31153.59,1712000313,371
65c027d5,18121.35,1712000314,346
ed824ffa,8123.91,1712000315,119
94d855b3,27258.11,1712000316,270
17b7245e,31076.89,1712000317,335
0ccf8e7c,7773.22,1712000318,260
b327af15,11579.11,1712000319,403
99dbfb60,3766.85,1712000320,297
c6998d21,46246.58,1712000321,329
95f743a2,45193.25,1712000322,477
335df812,12387.11,1712000323,167
8286e0df,15097.87,1712000324,485
2bb48ef7,28678.61,1712000325,307
06819db3,1609.76,1712000326,309
f881f73f,10075.35,1712000327,301
641ed69e,44266.82,1712000328,216
7561e39c,12302.71,1712000329,186
8a4633b2,16367.72,1712000330,348
10ab3286,20159.35,1712000331,113
3a191e32,30382.92,1712000332,138
cc55d0cf,16418.88,1712000333,448
1dd4cdbd,31821.4,1712000334,300
0911021c,2557.04,1712000335,227
c21e22cb,1214.44,1712000336,319
85cdbd49,33910.56,1712000337,202
9435f77d,8288.17,1712000338,496
5cc5cee3,41000.85,1712000339,412
bc23e15f,31192.48,1712000340,459
2254515f,25148.63,1712000341,126
a4d81428,46336.06,1712000342,203
209e30cc,26814.73,1712000343,150
d894d554,23872.9,1712000344,263
54fb78e2,14801.66,1712000345,241
704e8478,21924.67,1712000346,333
5730ba05,26425.99,1712000347,451
0a5e640c,42247.59,1712000348,145
8e9fc03b,10622.36,1712000349,154
1ad77e07,45553.63,1712000350,336
52eec6db,3759.79,1712000351,489
ae8b9591,33434.84,1712000352,413
c82a1d7d,15792.5,1712000353,412
3d2a3475,16954.86,1712000354,468
1c341dae,27911.1,1712000355,419
3ac7e109,30920.02,1712000356,456
3e50f145,5037.58,1712000357,457
088450e4,31797.44,1712000358,418
f382ebbb,19051.89,1712000359,384
efc3e5cb,41477.16,1712000360,215
d0538219,23417.64,1712000361,251
e102c262,13866.38,1712000362,165
d606e150,2601.2,1712000363,113
e5182f01,49812.82,1712000364,192
a01c0f03,31490.66,1712000365,447
daa2b438,24458.25,1712000366,246
08de4097,10587.02,1712000367,187
ab385c5d,46736.82,1712000368,174
ecaa51bc,37801.09,1712000369,365
08825ee2,3902.36,1712000370,398
20a60860,15182.87,1712000371,183
3984e758,16576.43,1712000372,387
51521f72,40778.86,1712000373,399
08b2c086,45950.5,1712000374,461
3f8126d1,38623.18,1712000375,139
948918b4,44449.5,1712000376,472
19fea4b6,17009.85,1712000377,175
d630f9ac,2156.9,1712000378,377
6b58a9f9,24773.4,1712000379,194
023f92fc,42975.58,1712000380,378
595f7d3a,30407.82,1712000381,344
53730597,28627.32,1712000382,357
41c42f28,45337.84,1712000383,199
c92b5a9c,31480.41,1712000384,149
42c7ff16,5355.0,1712000385,442
1b070165,34288.99,1712000386,455
a180f55c,16519.75,1712000387,438
7aa732ab,20693.59,1712000388,205
55273855,32724.3,1712000389,246
e763af64,42341.87,1712000390,368
13f2fa14,27692.11,1712000391,489
bdea6b7c,4278.88,1712000392,475
2ac0046f,40048.24,1712000393,471
f1cbea10,31147.59,1712000394,444
e0219067,26843.05,1712000395,110
90b68517,24968.38,1712000396,333
72898732,48175.66,1712000397,261
25d032a0,25253.4,1712000398,493
d5fad4cc,48920.71,1712000399,253
90ff6f19,40021.28,1712000400,432
401fb5cc,33796.92,1712000401,361
2a329494,34160.5,1712000402,228
f89818b7,46124.88,1712000403,407
be3a1f87,30258.38,1712000404,128
12a3c709,6384.39,1712000405,284
9cf93749,34467.93,1712000406,245
e63f510b,30870.58,1712000407,215
b913319f,16081.79,1712000408,154
46c67387,45929.17,1712000409,320
2e2137a3,44561.06,1712000410,249
ffd82972,21382.13,1712000411,290
d5ab7020,37476.41,1712000412,107
1a0fdeaa,26908.46,1712000413,247
5ed17267,15490.93,1712000414,220
4bfd3d4b,49335.34,1712000415,437
aaeeb5d9,19930.05,1712000416,459
7de230f7,28073.07,1712000417,484
7befad36,21340.28,1712000418,437
f579c93b,10813.99,1712000419,287
7a6a8ba1,46207.1,1712000420,420
928fdef5,26909.93,1712000421,335
75d5cde0,39488.69,1712000422,293
af2dfd17,44961.68,1712000423,286
fb6b17b0,36457.1,1712000424,466
6c1cba00,10897.13,1712000425,451
68f5dedb,44812.15,1712000426,225
b9aa3aaa,35867.67,1712000427,466
bf6cf778,42972.67,1712000428,349
67110876,37243.96,1712000429,289
be1c60bd,48705.31,1712000430,272
03211803,28143.69,1712000431,401
af88f00f,12193.12,1712000432,359
fef77d6a,23558.31,1712000433,155
4140c083,39757.61,1712000434,296
7db987a3,47484.08,1712000435,160
666ad48c,41333.99,1712000436,497
56eb660c,42370.65,1712000437,455
cd53664f,37270.86,1712000438,415
bfce7aa0,3035.18,1712000439,469
3942ad27,3814.65,1712000440,137
4bfb2d83,28011.43,1712000441,309
9dc9b19d,48005.75,1712000442,467
d37c0124,31443.58,1712000443,464
1a610909,32394.44,1712000444,265
cc58c8cf,38659.59,1712000445,227
b7319ee0,36634.57,1712000446,200
e3428210,7550.46,1712000447,239
dc625d30,2216.0,1712000448,105
76ea9ab6,13883.66,1712000449,219
57de316d,21273.13,1712000450,458
bee4209d,20557.82,1712000451,256
36aaab50,7549.39,1712000452,304
cf33e0c9,20682.39,1712000453,253
477cefa8,27585.02,1712000454,350
a3e29f78,2855.88,1712000455,396
08ad321f,47298.35,1712000456,327
f402455f,25241.41,1712000457,156
a67aa3e0,44099.59,1712000458,267
226ea086,7766.44,1712000459,236
9ac5c4e3,3145.06,1712000460,473
0e1f867f,15940.44,1712000461,160
692d8ffe,48591.58,1712000462,247
3648c39a,37785.34,1712000463,318
67deb8a8,30725.41,1712000464,430
be2670ed,34510.35,1712000465,177
5071ffba,46758.14,1712000466,115
653c909e,12901.15,1712000467,468
39c0450d,45824.71,1712000468,383
c298eba6,12182.44,1712000469,343
8236655f,1217.7,1712000470,357
3203e60d,38215.93,1712000471,105
5a41635a,30663.17,1712000472,335
95f0cd9c,2707.13,1712000473,429
d220aae9,37481.27,1712000474,317
61b7e6e2,25505.74,1712000475,257
a848e74f,4352.5,1712000476,494
4f1db5c5,5250.16,1712000477,199
7897d2f1,22459.45,1712000478,373
cf9118e5,5284.92,1712000479,336
32a41994,39026.87,1712000480,373
d30e42ce,5948.21,1712000481,442
d4cbc63c,43889.83,1712000482,370
aeb2fc32,39301.53,1712000483,350
9cecb7cd,33508.35,1712000484,474
28c6fb1d,16832.8,1712000485,480
a46f5405,21344.61,1712000486,307
7cf9bf5e,17522.3,1712000487,275
772df88e,17690.79,1712000488,397
296f7893,41168.05,1712000489,295
8ab88934,40844.01,1712000490,270
58dfb4f1,1326.83,1712000491,458
bca5d265,22975.47,1712000492,396
4ce5b22b,37112.9,1712000493,101
8cd1bbbf,9917.72,1712000494,280
634437f4,31595.97,1712000495,308
3e6fedca,42169.98,1712000496,303
b202a486,36053.07,1712000497,457
adbaa527,23560.58,1712000498,391
c216e797,37878.46,1712000499,250
c318e93f,33822.46,1712000500,384
ed4d95a9,8509.29,1712000501,236
fb415cff,18291.61,1712000502,197
f90399bf,15632.32,1712000503,188
3393ba66,6347.16,1712000504,230
953fd7d8,2239.52,1712000505,483
8ae463e8,23380.11,1712000506,217
96a93312,39452.2,1712000507,141
66b2caa9,12803.18,1712000508,253
5b82d6aa,18379.36,1712000509,107
e8adce95,32976.16,1712000510,110
015349e3,7818.79,1712000511,265
3a1649b4,15123.02,1712000512,436
11dd2597,4810.6,1712000513,286
ab1524c7,28599.28,1712000514,141
f350b385,46257.74,1712000515,280
897884f1,26299.1,1712000516,237
576273ae,11739.69,1712000517,356
f4aa9391,30250.68,1712000518,134
ad6bf748,34914.81,1712000519,107
c35a2a04,3774.28,1712000520,155
77c3f0f8,41460.38,1712000521,143
aaa08a70,11041.21,1712000522,342
036fb721,42557.35,1712000523,377
9ca718bf,2805.68,1712000524,173
59f11aa9,23427.86,1712000525,302
2597481b,23541.4,1712000526,379
b75236d8,28458.75,1712000527,228
dcc7723e,17093.01,1712000528,376
62d7bc84,11437.47,1712000529,279
3088a8d8,32475.0,1712000530,196
2f358447,34685.54,1712000531,430
d17c267a,35525.26,1712000532,491
0d3fa518,29518.07,1712000533,432
1bff83a6,23500.87,1712000534,207
a5781bcf,22519.33,1712000535,367
49d12f69,35535.39,1712000536,139
acdf3e4b,36246.01,1712000537,375
8665fa08,31592.27,1712000538,294
6712d417,28545.72,1712000539,431
093d8d3f,15263.21,1712000540,495
3df166d9,25775.68,1712000541,286
d0167ec7,11823.41,1712000542,142
6f49d2e7,45984.83,1712000543,146
86c7f6d2,39707.83,1712000544,240
8928a236,5028.93,1712000545,349
b907f002,45721.98,1712000546,432
cc0aef50,46361.91,1712000547,288
483a80ba,23736.64,1712000548,360
51e422a1,12562.41,1712000549,406
df479bfb,38624.24,1712000550,168
612bfa87,20727.85,1712000551,115
be0a14d8,24713.14,1712000552,335
c495f78c,4039.1,1712000553,370
b96c399b,27003.77,1712000554,443
534ab026,6945.18,1712000555,105
21581eae,45463.29,1712000556,185
9f5bc9bf,7112.54,1712000557,124
55c344bd,34208.14,1712000558,146
6d602939,21632.41,1712000559,423
084c489d,28233.64,1712000560,165
af78ecb0,16753.72,1712000561,419
3f4bac48,19743.15,1712000562,496
7af1cdb5,12237.18,1712000563,487
28adc0ad,39026.0,1712000564,297
7ff52e65,45435.25,1712000565,483
831a7bf5,20309.64,1712000566,123
b19751c2,8367.12,1712000567,467
7a6ea780,14025.09,1712000568,398
68778399,13273.9,1712000569,133
c8e3d91f,17073.21,1712000570,411
23194bb0,6720.33,1712000571,214
36c13f2a,48285.06,1712000572,408
80cc51de,44737.71,1712000573,381
bb32bd4c,38243.28,1712000574,420
48071040,9261.06,1712000575,321
e767b352,21882.99,1712000576,392
169404c9,18005.78,1712000577,447
ad5d7d84,21622.61,1712000578,425
7530b5d6,39005.54,1712000579,457
7b1be350,15285.52,1712000580,327
a38bfbd4,2695.44,1712000581,332
5b0dee08,24300.22,1712000582,139
c7855679,36462.1,1712000583,271
28818ea7,14185.21,1712000584,328
e6c022b9,45848.31,1712000585,298
42a93a41,49734.56,1712000586,135
c5b778e0,38823.4,1712000587,161
9e88c791,47989.83,1712000588,227
ddd205cd,7302.89,1712000589,289
81186ffe,26483.09,1712000590,459
02b375c7,35037.87,1712000591,494
1ddf3c03,9295.34,1712000592,499
e77fa10c,25333.48,1712000593,307
7a051bd3,30037.51,1712000594,289
3a7b07c5,16770.48,1712000595,144
2df19bae,32605.01,1712000596,451
0d898e4b,2883.82,1712000597,163
d70cb98a,33592.69,1712000598,243
c2314dc7,22245.8,1712000599,120
b2af2a4e,5741.55,1712000600,159
1e944f27,2823.34,1712000601,365
893ba3d0,37657.3,1712000602,297
f9fccbea,26960.13,1712000603,353
a392648f,38113.37,1712000604,420
72b2eeba,12354.2,1712000605,429
f69dd350,30751.78,1712000606,352
2c273584,6029.28,1712000607,290
4c28e6d1,10755.12,1712000608,334
8adf664d,47294.12,1712000609,195
f42e3871,19468.17,1712000610,128
37f68fdb,21146.99,1712000611,416
3a8ef66b,10871.28,1712000612,119
4ff344fc,46493.35,1712000613,276
4fad93a1,12073.7,1712000614,326
6c982e16,42242.83,1712000615,237
0e80ba83,33068.42,1712000616,202
aeb143c6,34178.37,1712000617,312
a03fb360,49139.62,1712000618,274
4944d9c0,27580.78,1712000619,435
79379b24,43802.85,1712000620,145
e0598995,26239.54,1712000621,364
1d4b2309,44742.1,1712000622,261
f7a416d8,29018.57,1712000623,373
cb5a5709,15789.64,1712000624,202
710e3d94,22348.61,1712000625,474
7015e62f,47201.41,1712000626,364
4fe67e8d,23232.46,1712000627,248
1c053bd0,8088.22,1712000628,159
354647b5,21017.29,1712000629,478
1552aff6,22604.05,1712000630,344
ccdbd878,25528.23,1712000631,420
46ae890f,8692.23,1712000632,210
6c6bfc76,11967.18,1712000633,103
fa5cfe66,31903.58,1712000634,219
6859d7bc,22580.83,1712000635,344
cd3aa798,46903.81,1712000636,224
534547d6,17374.21,1712000637,339
4113808f,20507.8,1712000638,461
1ee28faf,36438.95,1712000639,176
93936cb5,46118.51,1712000640,163
a4299bfd,15388.28,1712000641,418
4efe999e,2697.65,1712000642,211
3781ce58,17575.28,1712000643,188
0541447b,29991.89,1712000644,192
e8d1e1f6,16421.37,1712000645,223
2cb7b72c,1200.19,1712000646,469
793707e7,22786.73,1712000647,495
1d8a8cdf,49083.53,1712000648,498
8b0f00f2,10213.06,1712000649,151
e795bf00,10333.18,1712000650,228
506330c4,18055.09,1712000651,339
e149871a,21658.63,1712000652,225
3c20a9a2,34557.7,1712000653,123
0d801c00,17868.48,1712000654,198
63186b60,11988.39,1712000655,210
4849731a,21837.3,1712000656,337
f79407ac,29964.13,1712000657,431
e8788619,49312.5,1712000658,474
f581adad,33840.6,1712000659,235
d2e2f92b,32104.32,1712000660,290
24acbb03,16330.79,1712000661,455
2ec03242,11439.47,1712000662,323
e086183f,19372.96,1712000663,489
a0938e00,27297.86,1712000664,207
c5bb286d,30119.15,1712000665,422
f84b0598,34636.61,1712000666,106
e981c27b,1566.64,1712000667,213
76d19c1b,30998.4,1712000668,369
b77f196f,15820.15,1712000669,422
6864ef93,32707.54,1712000670,445
491cabcf,7152.24,1712000671,407
2bea0ad6,20548.96,1712000672,342
6cb11512,36980.91,1712000673,380
a34c201b,25563.7,1712000674,260
252f18d4,3013.41,1712000675,297
321be41b,4430.86,1712000676,126
c3932a9e,44787.69,1712000677,357
163888d0,38797.11,1712000678,162
5cb06626,46562.14,1712000679,380
f07c7c51,26018.46,1712000680,497
0302ab49,45506.88,1712000681,221
7415bd9e,22594.39,1712000682,245
96604d63,44695.01,1712000683,121
e7897f4d,41439.86,1712000684,376
ae331ef9,8070.33,1712000685,264
4902b8fc,4715.63,1712000686,435
8823a24a,49563.39,1712000687,159
e416e699,47326.57,1712000688,217
9fa76ecf,36120.78,1712000689,358
61c199f7,21508.14,1712000690,252
20bb1747,9900.91,1712000691,385
8e59a6ce,34772.72,1712000692,421
8de3748b,1524.78,1712000693,189
186ceae1,27911.84,1712000694,235
de73fd93,37293.35,1712000695,173
6dc3e3e8,7122.5,1712000696,283
fd1134f8,1538.7,1712000697,192
187e47f4,7267.22,1712000698,401
f5ff4560,45613.11,1712000699,376
333ffc52,21579.05,1712000700,165
adbaac52,36670.47,1712000701,147
d7e3b2a5,26880.93,1712000702,485
b11e6cc9,22918.03,1712000703,306
7a1f28b4,6029.93,1712000704,120
6cddf533,14994.73,1712000705,326
53560037,17227.73,1712000706,421
f7f820d7,30859.98,1712000707,220
7ab3e917,46937.04,1712000708,107
78292bbf,8907.42,1712000709,114
f4900fbc,23081.19,1712000710,274
3dd7c650,27757.04,1712000711,458
3c09b515,7609.31,1712000712,491
508d61e7,42887.1,1712000713,199
bab708bf,42671.12,1712000714,364
07ecc5f5,20341.21,1712000715,354
9ce6862c,26059.58,1712000716,264
ed26081d,19273.28,1712000717,493
11145a37,36673.14,1712000718,173
354130b1,8891.97,1712000719,113
6b59536a,6948.84,1712000720,415
67ef6c98,20139.31,1712000721,117
004ae4c6,16674.57,1712000722,444
ae64b046,15321.33,1712000723,471
89167d9b,12415.67,1712000724,271
6978e0c4,11411.89,1712000725,208
2aa9c898,41301.86,1712000726,165
f8ab894e,16952.78,1712000727,454
6e26167b,10646.22,1712000728,169
a60733d0,16340.01,1712000729,374
650f4376,40722.24,1712000730,225
2db10ed9,19854.17,1712000731,316
d6a85219,18888.5,1712000732,399
aa722a2a,40953.68,1712000733,154
24b70e98,9222.4,1712000734,152
3fb2db12,22515.81,1712000735,203
b9d63b49,14222.76,1712000736,266
433b6395,31333.39,1712000737,399
90884218,26632.97,1712000738,223
7230061d,37925.88,1712000739,213
3eddc684,42154.68,1712000740,165
1cebaf23,2146.96,1712000741,277
f589bced,27859.4,1712000742,224
86f83882,40574.79,1712000743,463
7c2c5f6c,37075.81,1712000744,298
1da6ed1d,16911.87,1712000745,359
70ccecbe,15104.75,1712000746,126
a1beaa15,43299.13,1712000747,221
0245e15c,18404.35,1712000748,498
6ba3dd9e,21593.95,1712000749,176
ff0a09b0,47485.9,1712000750,491
1a6250a0,49117.87,1712000751,491
1cf00378,29429.36,1712000752,293
bd3d3917,32331.09,1712000753,102
9fe63afd,26723.16,1712000754,168
bd12e115,38831.33,1712000755,384
457f6065,5318.67,1712000756,340
409d3d2b,49744.09,1712000757,350
c640a898,15455.76,1712000758,227
bf49f126,32191.11,1712000759,335
2a79983c,28429.15,1712000760,394
9aaf2b05,6136.71,1712000761,330
24500713,48279.05,1712000762,287
cf5894cb,49985.85,1712000763,378
46aecb38,29103.75,1712000764,132
d0f3a584,16621.46,1712000765,132
28299a26,5936.99,1712000766,362
5fe5b929,48007.05,1712000767,345
d0c90986,20762.48,1712000768,308
ad0c3468,32619.3,1712000769,140
3525e101,29808.08,1712000770,415
ed2ab4de,6576.82,1712000771,110
fff12f04,19493.43,1712000772,220
a4ee082f,5233.03,1712000773,440
628d665c,46448.65,1712000774,169
dd59c45e,43195.34,1712000775,451
8a41f898,20006.78,1712000776,160
8eb6e24f,35689.64,1712000777,452
6739ac16,34905.45,1712000778,321
bab9c8b0,28419.67,1712000779,266
08b11d46,21737.52,1712000780,457
e3fe8665,2214.85,1712000781,179
55f9b37c,37494.46,1712000782,340
5c8d02d0,9371.19,1712000783,305
16f28770,17967.09,1712000784,382
39fb65b0,30988.71,1712000785,154
fedeef75,20434.12,1712000786,300
eecd16dd,16723.11,1712000787,354
86a34b93,45919.03,1712000788,133
123cfb03,18438.87,1712000789,179
7ab6dce4,22579.68,1712000790,410
c5d01861,23466.27,1712000791,204
09408da3,32392.82,1712000792,314
51d2caf5,18346.11,1712000793,320
471fccc4,17820.99,1712000794,382
930b85fe,40069.05,1712000795,333
de8ba363,33543.9,1712000796,421
7c112854,31183.36,1712000797,427
4b19fe44,23535.75,1712000798,191
8984e004,46988.7,1712000799,420
f748f700,11571.63,1712000800,304
048ffaec,46707.21,1712000801,464
385b61f5,36865.16,1712000802,342
0b0d1bbd,11673.3,1712000803,489
2b58481e,1537.88,1712000804,284
d2382fce,25879.83,1712000805,365
acb5795b,1085.44,1712000806,226
34a8023d,33653.18,1712000807,187
067cc00d,25928.35,1712000808,279
741c8978,39392.92,1712000809,168
0873fe95,37836.65,1712000810,155
131a5ef5,29520.72,1712000811,406
2c6667e7,33029.12,1712000812,499
e824dbb1,39407.11,1712000813,449
f4c8de63,3157.3,1712000814,480
380f9975,44552.72,1712000815,211
9e159f80,41722.42,1712000816,138
6c12d4f9,41042.15,1712000817,437
559a33a4,29792.74,1712000818,403
a022d206,22008.88,1712000819,195
daa5a144,31476.81,1712000820,163
72a9f810,37719.16,1712000821,433
5b4b1205,45820.92,1712000822,396
d7b9bc6e,43174.24,1712000823,386
d4ca210f,30075.2,1712000824,235
19fe4970,29278.78,1712000825,482
3d441e56,33595.48,1712000826,127
66110f40,49797.14,1712000827,421
5575c381,35295.65,1712000828,319
de34d352,26834.16,1712000829,372
e9fd4b50,16779.61,1712000830,439
de424f41,17334.5,1712000831,115
d5d2d89f,30101.89,1712000832,170
1f7cc090,27684.81,1712000833,381
ae2915d6,15252.48,1712000834,458
7dbc5dac,27696.88,1712000835,447
f09a2e5d,46589.39,1712000836,397
0dbaa68c,48268.12,1712000837,373
b68f9453,10491.0,1712000838,451
d7aec73b,5475.88,1712000839,256
22d18122,15284.4,1712000840,321
938a0406,6805.01,1712000841,258
15623f4c,47904.83,1712000842,212
db6ace26,11829.54,1712000843,321
5b191513,46944.62,1712000844,197
f894991e,9778.18,1712000845,400
49f70375,16102.11,1712000846,154
826063e5,1266.6,1712000847,171
85abce69,32705.8,1712000848,416
3ed30f9f,36235.55,1712000849,300
acce86bd,11850.95,1712000850,382
fb4cd429,37926.57,1712000851,336
2976244e,32904.9,1712000852,158
eac50266,38204.46,1712000853,272
a50b9b1c,13781.75,1712000854,172
fa9215a2,33612.64,1712000855,228
3b7ddee3,5628.01,1712000856,139
ea562d7f,40973.05,1712000857,159
df99f432,18098.27,1712000858,382
5e9d88cc,3525.21,1712000859,278
f3677298,18537.84,1712000860,220
b88a1dbe,33533.22,1712000861,187
1e173c86,18655.46,1712000862,119
b2becc32,8921.43,1712000863,423
d2fadd8c,27476.18,1712000864,193
3dfd226f,15404.33,1712000865,467
71c4a8d3,9342.98,1712000866,465
dbdaaa91,21683.29,1712000867,474
a119d03e,37507.22,1712000868,326
398dff39,34643.81,1712000869,380
8471580e,16927.26,1712000870,432
c19f398a,16160.92,1712000871,151
92cbb501,21335.93,1712000872,243
5508732c,27692.94,1712000873,341
00ca0b23,34028.4,1712000874,420
aacbf21c,47926.9,1712000875,126
a4861f71,39642.28,1712000876,371
79dcf6ec,38488.39,1712000877,330
14ca407c,7671.68,1712000878,264
6796df15,24781.87,1712000879,381
d44eda9a,38542.0,1712000880,351
a7cf09fe,49400.55,1712000881,180
201f4eea,40727.03,1712000882,356
f230dcc1,45375.91,1712000883,428
a1d23334,38083.63,1712000884,330
14f370e9,30320.9,1712000885,433
3edd096a,16897.27,1712000886,289
9d4d9f6b,37315.8,1712000887,485
f79b092f,27948.43,1712000888,155
c89a5012,44072.22,1712000889,435
8da21515,30990.71,1712000890,322
1ca1ae8c,22129.33,1712000891,454
bae9395b,42813.28,1712000892,373
00ab242b,40868.05,1712000893,121
e1342037,40507.3,1712000894,380
60388b0a,48456.82,1712000895,464
cda89e6b,5770.81,1712000896,303
f3d89fbd,29967.08,1712000897,222
29468688,36910.96,1712000898,353
3122eeeb,20405.5,1712000899,311
24b8ed68,27527.32,1712000900,152
b860ce72,33021.94,1712000901,337
cda17be6,38828.77,1712000902,248
852a50cd,26307.56,1712000903,206
d9df250c,27792.6,1712000904,284
e0e0806b,2804.56,1712000905,471
854de796,33803.76,1712000906,236
b72af20b,38765.62,1712000907,177
89cd38c4,47625.47,1712000908,420
961d6b22,43945.82,1712000909,173
dd67e2b5,42367.53,1712000910,415
e88a6ace,13400.24,1712000911,324
9e8d9e12,26471.15,1712000912,458
ead39e2f,28637.47,1712000913,217
dea1f961,46128.0,1712000914,451
15914187,17741.85,1712000915,294
eb26f3b4,34713.88,1712000916,393
09e6e8ab,16271.13,1712000917,326
92b5fcc9,17345.67,1712000918,347
bc387eab,19977.58,1712000919,120
62681ede,7868.24,1712000920,383
8b56ebc4,44366.03,1712000921,390
d592f5ac,39227.95,1712000922,490
30d80ec2,36857.02,1712000923,220
7e6f0e40,14218.09,1712000924,252
0277317e,42876.79,1712000925,221
bd41e5e3,3968.88,1712000926,317
5fc8a119,19155.76,1712000927,387
7248231b,43529.02,1712000928,488
1da95c87,37488.11,1712000929,371
d28f03d8,15040.42,1712000930,186
5b5dd4e7,47703.34,1712000931,261
5f53f000,3027.19,1712000932,128
85298b4d,5712.75,1712000933,185
7b58b935,32490.78,1712000934,381
967ef39c,28145.32,1712000935,460
f5701125,34229.49,1712000936,414
0f6be35c,25903.46,1712000937,294
0d5ba16c,19559.56,1712000938,241
65eabd95,49294.59,1712000939,179
a0d33253,40376.15,1712000940,201
168bf1c2,36598.47,1712000941,379
d6ee0042,46769.77,1712000942,419
35258fa8,13402.88,1712000943,490
e6d7c5d3,16881.29,1712000944,174
27b86b5f,32502.34,1712000945,301
293074ec,11015.73,1712000946,215
bbe46a37,23973.14,1712000947,288
6a63762a,12610.69,1712000948,189
0734d8ec,3336.41,1712000949,334
951596f5,41527.93,1712000950,446
5db631dd,34200.78,1712000951,120
72371187,38983.24,1712000952,249
216ed92c,20020.64,1712000953,405
cde25664,48442.05,1712000954,361
05e917da,26944.75,1712000955,457
f8d794e4,44802.18,1712000956,431
a3c872a8,48611.48,1712000957,218
d65b0cfa,10381.91,1712000958,462
22bf8efb,21496.94,1712000959,465
4313bbc3,7315.33,1712000960,190
f0fbba74,15628.04,1712000961,216
a73f0c85,25876.96,1712000962,129
2a2c06f8,2021.6,1712000963,227
4338fd43,3673.42,1712000964,365
b2d3587e,6822.05,1712000965,105
7d175e03,35002.44,1712000966,421
e2d6dbdc,40762.51,1712000967,442
174780e9,17641.06,1712000968,405
5ec05c56,49018.29,1712000969,183
e2b7c524,6148.88,1712000970,215
a7c01f29,46995.55,1712000971,240
135fc081,16572.45,1712000972,325
82198f01,16259.86,1712000973,182
50895ec1,46567.33,1712000974,140
513235ae,1544.89,1712000975,456
10dc1fb1,24564.78,1712000976,365
41654b2e,11943.2,1712000977,480
0d8e75d9,24131.31,1712000978,456
5e94e54f,48854.76,1712000979,114
b9deb893,41043.73,1712000980,419
8da4cfd6,41306.08,1712000981,221
7a43cc67,4790.97,1712000982,236
43c7b1b5,23925.34,1712000983,155
1875a4f1,7928.44,1712000984,152
9f659499,38047.36,1712000985,374
e783a937,35820.85,1712000986,269
5970ef02,42517.83,1712000987,138
6728c782,3881.88,1712000988,330
5d6eab46,32097.23,1712000989,115
2755afa5,17556.36,1712000990,199
c927fc77,20188.9,1712000991,419
c3139df8,39218.44,1712000992,367
7ea9c825,5136.03,1712000993,236
52442977,39224.32,1712000994,270
966cbdc4,39418.43,1712000995,454
14354c97,5660.08,1712000996,270
5a30b42f,11092.06,1712000997,416
5ea6b8ac,34404.46,1712000998,320
ad6ff5b3,34291.78,1712000999,107
c17555e2,15823.33,1712001000,252
2cfeedb0,33156.65,1712001001,223
f2285bcc,36163.66,1712001002,488
4f299c9b,6556.56,1712001003,488
1654338d,17707.52,1712001004,338
4525af16,8186.46,1712001005,133
ae79a3e3,15198.98,1712001006,210
9514e9f7,35196.6,1712001007,464
70da2742,15598.34,1712001008,191
960fd75b,15510.11,1712001009,216
e103b253,4193.25,1712001010,442
53b8f6f6,8984.95,1712001011,333
46889935,31052.51,1712001012,343
aa9a3a34,5068.17,1712001013,476
4ade8290,2426.28,1712001014,242
6494d4d0,24818.62,1712001015,438
d30deab5,38584.84,1712001016,425
4c0a9add,43216.55,1712001017,203
49b15536,28204.44,1712001018,108
8ec88150,7557.44,1712001019,125
8c6f6bb1,3915.7,1712001020,288
5acdb68f,48621.5,1712001021,110
bd09d667,5431.52,1712001022,330
e9b5520f,3856.87,1712001023,334
7c341ca5,16600.16,1712001024,250
37109dfa,17850.22,1712001025,164
b9a8ab4f,41486.06,1712001026,271
869c3b94,21442.09,1712001027,154
b13e4bb5,31131.16,1712001028,226
56698db6,47022.53,1712001029,218
69a00bce,35449.73,1712001030,243
35bfc8fb,1921.74,1712001031,409
d3ecce50,33845.05,1712001032,126
84fee4d2,6339.3,1712001033,196
034d764f,31326.69,1712001034,383
af49357f,17778.83,1712001035,125
14f1e255,16936.93,1712001036,488
8b7cc076,5635.34,1712001037,464
fee0e85c,34088.66,1712001038,172
78b18b9a,37653.6,1712001039,176
6b5c605d,38712.16,1712001040,335
66a2d88e,36544.5,1712001041,442
e8ddfdbb,48642.34,1712001042,270
a44660d2,13237.9,1712001043,271
4c45641c,41614.89,1712001044,206
a15b537a,12407.53,1712001045,440
283018fb,33063.08,1712001046,439
17f71f19,15756.9,1712001047,269
4d21b3ce,9417.76,1712001048,382
ed1377d4,33182.07,1712001049,191
2250c6ab,41223.43,1712001050,435
06dfefa3,28061.34,1712001051,416
cdbfcedf,41540.83,1712001052,152
9cd8522f,22285.99,1712001053,406
674772f4,17111.03,1712001054,325
762615b6,40830.54,1712001055,307
c193a767,25886.38,1712001056,109
dac609d1,3530.42,1712001057,271
9363e654,33554.83,1712001058,203
512cd547,11687.54,1712001059,233
a539dd6a,12017.9,1712001060,238
f3be1e77,15664.54,1712001061,250
994a0dd5,25629.21,1712001062,341
ce20ae67,40656.13,1712001063,349
bbb0a007,38032.43,1712001064,496
861d02e4,16740.64,1712001065,470
ccb27e46,15370.36,1712001066,373
e15ac086,41895.81,1712001067,293
cad5e78d,3842.8,1712001068,348
7e533b8e,2106.53,1712001069,314
04eee7e0,44250.44,1712001070,443
421bb45a,16168.62,1712001071,364
de5c7a26,1685.84,1712001072,487
79f1d7a5,37639.34,1712001073,343
ff6bc8f0,43337.42,1712001074,121
7a338d98,20657.9,1712001075,239
ccd39c2d,19030.2,1712001076,324
683b2e59,47844.15,1712001077,260
1f74b974,14045.7,1712001078,416
8ea5439b,49775.55,1712001079,341
b388f422,24215.42,1712001080,247
438c55fc,36129.0,1712001081,306
df98fe79,25925.04,1712001082,127
f021d533,27140.02,1712001083,102
46f2b95e,5472.21,1712001084,256
cd5ce882,17843.49,1712001085,393
366d326e,4227.43,1712001086,351
e15bc14f,35092.15,1712001087,203
32ce5849,12023.79,1712001088,342
bef67480,20284.01,1712001089,209
3fa16818,2090.89,1712001090,262
73db463b,8025.35,1712001091,438
3331f883,9906.96,1712001092,140
f48a57f0,16855.73,1712001093,260
5f7bdbfe,45220.2,1712001094,390
07fc0233,22919.05,1712001095,204
b49a7cbe,10888.4,1712001096,273
5f092018,41485.83,1712001097,140
eb48522c,28310.88,1712001098,173
c26ee22b,14504.32,1712001099,129
cb764f70,2503.72,1712001100,496
742c39e8,22674.68,1712001101,386
c2131e0f,42377.29,1712001102,468
3196b8d0,47398.23,1712001103,476
4d100932,9857.08,1712001104,288
cf53b02d,21910.18,1712001105,147
8431ae6f,30639.39,1712001106,244
2a53b85c,19048.74,1712001107,468
60ef16a7,46191.97,1712001108,469
e640529d,28086.9,1712001109,480
cd993de5,45228.53,1712001110,297
714310eb,38377.43,1712001111,216
2e6b4440,5133.0,1712001112,416
0cc32f9b,17817.55,1712001113,437
9a3483da,22000.17,1712001114,247
44e75ce2,36919.05,1712001115,468
161a5cd9,19580.51,1712001116,131
add4f9fc,34085.59,1712001117,437
c978e083,22420.0,1712001118,446
a5a9aecd,20185.0,1712001119,304
aa0bc8dd,3982.09,1712001120,147
0a113552,28043.01,1712001121,271
eaed9e7f,46972.88,1712001122,119
512bb9cd,23028.74,1712001123,411
e46c96d1,27839.49,1712001124,284
1da15a79,19295.14,1712001125,499
32d68da7,38321.78,1712001126,342
5d49a786,2024.77,1712001127,243
414e139f,3148.48,1712001128,136
5ccc35ff,10390.6,1712001129,164
8321ddd6,43802.47,1712001130,334
423b9bb3,6226.61,1712001131,437
694ae0b8,13980.38,1712001132,206
21f7d8aa,17252.35,1712001133,372
a2d03835,26668.9,1712001134,449
62e80d94,29780.67,1712001135,294
f283291a,2297.82,1712001136,444
6efe80a0,36949.12,1712001137,245
ccfa3db4,30617.19,1712001138,237
bebad752,21364.9,1712001139,454
5d5c36aa,30368.8,1712001140,364
2e4ac0d3,41513.31,1712001141,348
604f1bee,8561.54,1712001142,102
2d548537,3979.66,1712001143,228
c9995c83,29863.41,1712001144,267
70180dd7,41641.58,1712001145,341
97c4ead8,33487.19,1712001146,386
8c87e14d,2576.27,1712001147,464
12840c8e,46654.12,1712001148,228
3436436b,11652.4,1712001149,161
b639a253,32229.72,1712001150,163
40d6a177,42954.9,1712001151,468
72fbf2e2,46500.36,1712001152,141
c64b10b5,11881.41,1712001153,243
2db85496,28462.64,1712001154,312
f2be0ed7,16049.64,1712001155,224
4df9e4bc,11839.47,1712001156,196
4db07913,7451.93,1712001157,165
fa5325b8,24963.94,1712001158,138
ce77f9b7,17381.32,1712001159,464
2482434b,10262.25,1712001160,325
e2d93586,41019.72,1712001161,332
ebd836ea,38243.69,1712001162,307
cddafd84,11057.16,1712001163,116
65cc9928,37801.05,1712001164,280
aa012e46,39050.27,1712001165,206
8d3e1885,26685.18,1712001166,364
ebd55ce7,12796.62,1712001167,483
a709346f,14334.97,1712001168,146
6a8ca6fd,2504.78,1712001169,462
c436f3ea,35694.55,1712001170,129
27c6b341,5805.72,1712001171,103
98be8e51,8097.92,1712001172,488
29e0b3c7,36438.75,1712001173,210
b05fedf7,44868.0,1712001174,362
561bf04e,34895.43,1712001175,478
221dadd8,20258.36,1712001176,491
a9431bc3,1493.91,1712001177,299
7a8e5208,40553.79,1712001178,178
320eb6b6,23666.12,1712001179,145
b86c0d8b,9501.54,1712001180,143
4e969724,35454.82,1712001181,276
9c50c8c0,9010.43,1712001182,422
e3cbf983,15963.97,1712001183,359
d7916573,46017.45,1712001184,344
3f856a24,24424.33,1712001185,300
d5bfcaef,40865.65,1712001186,464
fe5e5ac0,4959.83,1712001187,485
4b28c52f,41620.87,1712001188,436
72c0cc31,42166.46,1712001189,265
26056bac,7180.93,1712001190,277
f4f2eac5,28555.03,1712001191,295
2007e137,8514.59,1712001192,255
8a519672,29759.4,1712001193,349
7eaa8e21,23881.57,1712001194,378
149f7584,10731.7,1712001195,225
41ae61ed,45167.9,1712001196,209
2c5fd21a,19489.84,1712001197,203
37c436a8,21584.27,1712001198,497
f5c4bcc3,30285.53,1712001199,112
ab475a91,3279.59,1712001200,311
849fbe8c,24585.47,1712001201,405
36e5394c,29300.09,1712001202,467
532841e2,26764.93,1712001203,220
0a8da62e,6199.83,1712001204,296
fdcc16d9,49509.68,1712001205,472
36b3f270,46651.59,1712001206,378
f2c4226c,9817.1,1712001207,100
f342f357,29139.59,1712001208,424
c9d5d8c6,48637.82,1712001209,250
546b83a1,48815.05,1712001210,441
9b715e21,21648.13,1712001211,155
d8314f45,39232.32,1712001212,312
abd677ca,29195.01,1712001213,357
c15c8ed2,9717.54,1712001214,220
aba4bea1,17606.17,1712001215,116
23d12468,12417.09,1712001216,224
03f31e11,1730.08,1712001217,353
93a3d844,13934.77,1712001218,261
56a727a1,44899.62,1712001219,418
a89251fb,34029.42,1712001220,333
07ddb6d4,45986.76,1712001221,280
0cd5f9f4,20345.1,1712001222,119
0e76461f,15172.78,1712001223,372
e9a491df,31378.86,1712001224,203
bdad3af7,35140.87,1712001225,178
263fdfe6,41036.52,1712001226,299
2248def9,41989.47,1712001227,293
fc426709,10327.81,1712001228,450
29cfafd2,19920.33,1712001229,423
013996d9,29209.45,1712001230,244
1ef8e090,5724.54,1712001231,340
1b6ac8f6,45971.41,1712001232,235
f4a0af30,11856.04,1712001233,403
97e251c7,39464.27,1712001234,496
0d9deec5,15297.46,1712001235,380
db64ac3b,31029.65,1712001236,185
9d64da17,41902.81,1712001237,144
20807494,41498.05,1712001238,179
36753f98,18861.21,1712001239,176
55c79cac,14136.41,1712001240,264
f9eea6f4,37545.02,1712001241,456
9698b4f6,9146.65,1712001242,395
826acaa6,21861.33,1712001243,360
a2daa9aa,36530.23,1712001244,409
f2218441,34580.98,1712001245,390
2a2966b5,32331.27,1712001246,434
bfb9a441,14068.93,1712001247,349
eec3e1a4,40056.97,1712001248,112
81c56790,31717.67,1712001249,440
f451628b,23492.52,1712001250,261
b29f003e,45189.53,1712001251,332
b935d17a,1555.63,1712001252,314
0d3f79d8,25831.54,1712001253,280
4321069f,21446.08,1712001254,244
036a785b,6908.93,1712001255,390
f4a7bb1d,8391.93,1712001256,224
780b1ea5,11505.89,1712001257,234
a47edf94,27155.91,1712001258,124
b9ef569b,16775.57,1712001259,151
2a7842a7,12870.76,1712001260,440
868550ce,30876.09,1712001261,476
35214729,17834.58,1712001262,379
12e24a2f,26187.95,1712001263,467
cb155777,1990.68,1712001264,395
914ade99,25612.7,1712001265,241
c212602c,34996.14,1712001266,384
2c3d248c,35498.11,1712001267,125
46d60d4f,12964.33,1712001268,466
cb844d0c,10032.05,1712001269,142
f0696903,3197.85,1712001270,119
1dda12e9,46244.76,1712001271,195
507b7a44,44518.4,1712001272,356
281e4683,21643.53,1712001273,287
e1c904d7,23624.06,1712001274,282
46bfd6cf,31638.81,1712001275,246
783e6708,24491.85,1712001276,466
60b4db09,5822.98,1712001277,120
a36095ca,46333.11,1712001278,232
ab6032f0,17128.87,1712001279,144
bd18e21e,16389.4,1712001280,108
233b40c6,43146.05,1712001281,373
f463205b,31712.13,1712001282,315
068952a6,44619.08,1712001283,384
303236d3,25135.36,1712001284,345
b365b857,49383.51,1712001285,184
fcbc9e6f,16532.2,1712001286,119
129e967a,40571.79,1712001287,323
20ae9cee,33631.8,1712001288,107
c2748892,1637.12,1712001289,266
14f4cef5,48181.78,1712001290,107
fd256207,20097.02,1712001291,319
a071d45a,13280.33,1712001292,367
045f87af,28149.47,1712001293,210
1606508d,41589.23,1712001294,290
fa805de0,41241.99,1712001295,169
0d94c30f,25188.7,1712001296,415
b2377417,49315.2,1712001297,345
8833138a,38140.81,1712001298,170
e19fb51c,41151.53,1712001299,404
6416c014,26649.66,1712001300,452
236a965d,15866.44,1712001301,125
34debf14,21391.34,1712001302,370
e100baeb,46418.9,1712001303,372
1b660ca9,6730.96,1712001304,190
f4a92050,3156.66,1712001305,376
2215ef33,13828.92,1712001306,478
3b0f031f,2507.45,1712001307,108
20775a97,28547.86,1712001308,208
efc33f6e,21102.69,1712001309,281
6a567016,30875.27,1712001310,119
8191c34f,7837.97,1712001311,421
9ecf0dcc,13298.2,1712001312,356
e1975ca9,13564.58,1712001313,200
0f163c48,1198.24,1712001314,288
90267a91,28125.57,1712001315,185
71ee0834,40651.1,1712001316,347
a4edbf3b,13570.04,1712001317,325
d3c51f7c,12825.22,1712001318,139
2e655d3d,30275.1,1712001319,274
ed2bec19,27449.08,1712001320,493
8fc4b0f9,6002.35,1712001321,396
c4bcaedf,2305.32,1712001322,155
747524f0,27222.85,1712001323,259
8b5e3386,43058.04,1712001324,123
c8f5a687,27417.8,1712001325,475
0a6fe6e2,11127.12,1712001326,240
dd2067f6,43421.6,1712001327,376
d2e81efe,12434.45,1712001328,325
3a838b43,41975.6,1712001329,137
e2f5c4e5,40796.44,1712001330,253
be5f5e7c,39613.44,1712001331,486
cdb53382,23146.4,1712001332,342
037df2f2,26450.2,1712001333,281
374ff1fe,3360.75,1712001334,340
6f3c37ff,41271.2,1712001335,178
a27b5d67,6367.19,1712001336,147
26c16c25,25088.8,1712001337,307
c2cfdce5,8062.5,1712001338,292
41b09f4c,29923.65,1712001339,310
f9b57bcc,40711.84,1712001340,415
483a4dd9,18608.23,1712001341,342
578f75e6,3962.13,1712001342,332
eb4f2ef7,33219.81,1712001343,240
0027a96b,39100.79,1712001344,478
6ebdf4a1,29045.52,1712001345,210
b22a5c83,24517.61,1712001346,137
09dde0e6,48280.42,1712001347,138
d98232b3,24782.51,1712001348,434
e123867d,42310.73,1712001349,203
48118fa4,43200.23,1712001350,282
a91c5f4e,22757.05,1712001351,473
7d4966fd,29397.92,1712001352,213
9da93fcc,23567.79,1712001353,413
43bdb021,45626.99,1712001354,288
2f442fb5,17002.24,1712001355,309
04a68657,24949.31,1712001356,475
60baa8a9,35689.81,1712001357,320
ea0572a5,22813.6,1712001358,491
e6e12894,13189.73,1712001359,182
e2a5321b,31903.34,1712001360,388
b4e83673,30435.61,1712001361,190
491c5640,24453.99,1712001362,421
fc8b3a46,19700.69,1712001363,464
64501571,12709.03,1712001364,141
96ddc61f,41799.68,1712001365,437
cc7f6899,20934.19,1712001366,426
bae4b05c,10144.46,1712001367,380
d1ad91f7,5351.11,1712001368,465
74921a42,37033.93,1712001369,185
da2c404d,43181.28,1712001370,278
5f1a542b,17290.8,1712001371,307
48ede4f2,2345.54,1712001372,208
9fb3fefd,47134.95,1712001373,302
c8057b41,13070.13,1712001374,356
8d9bf2e3,27047.85,1712001375,377
8c906340,8930.25,1712001376,275
1146b0e0,7311.8,1712001377,365
d78f2d78,24325.51,1712001378,205
6cde1b13,31248.37,1712001379,129
f8610c57,15067.61,1712001380,319
51895769,49427.61,1712001381,215
ffbe7be2,2434.06,1712001382,210
0d4c84e0,10910.56,1712001383,240
0b41a449,45817.96,1712001384,171
edb94ee5,5180.8,1712001385,191
ac0e40e3,34007.78,1712001386,495
4e8f2f4d,21210.79,1712001387,378
32fb5769,25688.05,1712001388,466
241b591e,25333.04,1712001389,118
f57846f6,16865.06,1712001390,365
d1a4fb24,30376.22,1712001391,202
4dd675b2,24913.36,1712001392,133
c1d9848c,48254.11,1712001393,156
12ca6335,41856.43,1712001394,411
73c10a03,7300.19,1712001395,314
dec73da2,22545.12,1712001396,460
70dedd89,32429.45,1712001397,486
f2c844b7,33813.71,1712001398,198
dfc863b2,1305.91,1712001399,398
6f2dc125,35951.71,1712001400,167
33cd9c38,24242.32,1712001401,232
cd468aae,2184.13,1712001402,294
763cd9c7,7741.34,1712001403,373
56f5c65e,47274.7,1712001404,255
dc7a16b2,21716.34,1712001405,383
e8d9e7cc,3408.56,1712001406,422
4c539f23,28661.26,1712001407,473
15a882d3,7963.0,1712001408,138
fe18bd50,14466.34,1712001409,279
f23fd238,31307.82,1712001410,286
7773fa50,42153.62,1712001411,327
fee57c54,35109.04,1712001412,193
faa92def,45101.95,1712001413,386
f7808d66,24253.41,1712001414,461
b5c13905,42213.22,1712001415,143
959ddbd3,7734.5,1712001416,223
0a54e77d,45984.96,1712001417,301
ccf2a1de,45115.84,1712001418,124
3d7ba7d5,33873.09,1712001419,154
67cc417e,21756.89,1712001420,409
be0cb084,3732.35,1712001421,479
da00b857,34754.65,1712001422,269
2d07157d,6291.79,1712001423,450
f41cf384,45551.99,1712001424,266
992b001e,23822.41,1712001425,198
e0ae7af2,46400.66,1712001426,139
f2a832fd,8053.52,1712001427,450
82f5b6c8,41316.43,1712001428,492
663b8953,4131.7,1712001429,473
ab410a22,44351.3,1712001430,313
476046f2,37603.47,1712001431,183
76cb3898,12806.99,1712001432,194
1a97e8e8,34834.41,1712001433,354
9cad8357,36161.48,1712001434,426
1eb1126d,15292.49,1712001435,343
41bea99e,6111.66,1712001436,293
eea9f7ba,30492.21,1712001437,378
a8def67c,16899.7,1712001438,164
f4338d77,1450.29,1712001439,109
99b4b561,11649.33,1712001440,387
044e5986,2846.28,1712001441,411
ba7d84b0,18826.55,1712001442,282
2d517d13,30784.55,1712001443,405
252091f9,37338.32,1712001444,436
66a7643f,42159.1,1712001445,129
13187050,22615.53,1712001446,146
53056194,16124.32,1712001447,196
18aae0c7,15823.97,1712001448,106
445163b5,36775.09,1712001449,305
b6af5d20,29953.63,1712001450,266
1fd20375,41799.34,1712001451,341
c6213027,31013.8,1712001452,473
b582d7c5,36177.75,1712001453,314
bb16928a,6903.83,1712001454,247
66d5d963,33588.77,1712001455,285
c3cb7b15,2163.17,1712001456,325
70582498,12635.6,1712001457,418
ceb16466,4859.72,1712001458,146
1e1fda64,44889.71,1712001459,211
5d9a9d6c,38866.92,1712001460,100
340e1fa8,49137.68,1712001461,436
a8a9ab3d,1468.27,1712001462,371
80af0433,10535.54,1712001463,114
c83ddfdc,48067.01,1712001464,289
b20bdbdb,41452.87,1712001465,264
5e32833a,31378.68,1712001466,331
aa5d24f1,19782.14,1712001467,313
71568846,42691.27,1712001468,149
3fceb185,8314.94,1712001469,497
1ca11cb9,7861.87,1712001470,127
de256d80,16555.49,1712001471,356
1b22d573,10277.77,1712001472,257
1395ba83,6521.18,1712001473,178
51fc8509,34043.15,1712001474,340
ad89cbaa,5065.2,1712001475,351
202d51a6,38436.51,1712001476,282
15355e0a,11332.53,1712001477,396
92b275f5,8034.89,1712001478,212
07fa6d6e,48919.42,1712001479,147
a57a4f88,38049.72,1712001480,137
5b0c1efd,21077.14,1712001481,123
d589bbe0,11609.4,1712001482,383
88116e5b,9444.05,1712001483,203
f2db5400,11137.97,1712001484,441
cbb8880d,32007.59,1712001485,128
f29959cd,39291.3,1712001486,459
b2eb5b73,41256.77,1712001487,115
bccd6c06,39793.88,1712001488,305
9f229341,41046.87,1712001489,256
d79ece0b,11162.56,1712001490,448
1e1bc83b,26085.6,1712001491,290
443b5b38,26922.52,1712001492,335
5d83ed23,10260.39,1712001493,105
76ffdf2c,47409.53,1712001494,233
a3ba46ab,36859.29,1712001495,240
64b09cce,44062.37,1712001496,287
09f805af,35607.93,1712001497,405
ea91db4d,6264.54,1712001498,373
511cc075,4116.44,1712001499,460
a72b4eb6,27087.75,1712001500,173
eaf9ca7c,35175.57,1712001501,179
19bbac06,27757.95,1712001502,157
60a7f279,30108.15,1712001503,182
c685d87c,17802.28,1712001504,328
eb2952a7,29425.89,1712001505,496
f7debf20,46704.43,1712001506,283
a3cf9d9c,34963.73,1712001507,197
58b8d1ac,5543.39,1712001508,431
7269f67b,3828.67,1712001509,120
f14625f2,6402.46,1712001510,456
a810e3d5,18171.58,1712001511,246
5659b7e9,8616.03,1712001512,402
c1ad4dd3,11883.29,1712001513,460
f9f564ad,12211.48,1712001514,343
4b717304,38849.5,1712001515,297
cd9c1073,14924.21,1712001516,449
e39536ef,33979.2,1712001517,100
39e60124,46956.62,1712001518,457
e46fb090,35156.55,1712001519,263
7db8e412,28410.04,1712001520,439
28fecc9c,22918.3,1712001521,150
08e81a71,46288.62,1712001522,318
124f4215,30086.82,1712001523,100
4cce8ff2,8057.87,1712001524,354
2f7174d3,18815.01,1712001525,151
39270bda,28615.33,1712001526,315
af05d60b,33373.15,1712001527,380
e781a3cb,47555.6,1712001528,479
26139afc,28647.28,1712001529,265
6edb72a5,27363.31,1712001530,234
e2dbc43e,27073.56,1712001531,220
e1b110ad,30983.48,1712001532,287
2fbbeef8,8769.96,1712001533,133
f671eb91,9622.16,1712001534,121
c5253bd0,47178.12,1712001535,391
577e7c6e,15193.95,1712001536,242
2732ccee,49835.0,1712001537,119
0c2d90c8,42171.53,1712001538,399
214e7331,37454.03,1712001539,201
49ed2952,8705.62,1712001540,386
ed297848,20450.48,1712001541,332
d6a57b86,27871.4,1712001542,124
7cb2d7a0,26516.94,1712001543,403
a41efa9c,18696.39,1712001544,151
23d0b344,21565.33,1712001545,401
878df1ce,19092.45,1712001546,329
afcb6c78,5682.35,1712001547,281
389443ed,3663.3,1712001548,187
209869c8,48505.74,1712001549,173
9a7acece,18369.63,1712001550,195
b9dc01c4,8091.79,1712001551,121
2afb7d4d,22741.91,1712001552,153
94bc8a98,35955.19,1712001553,106
e8232dec,20449.82,1712001554,191
0eb1bd5d,3663.61,1712001555,332
fd0e018c,32297.47,1712001556,170
95306e1b,14662.8,1712001557,119
78c9a9f4,22831.54,1712001558,224
9b109a55,48065.46,1712001559,131
a9db24ce,13561.98,1712001560,446
561292a9,38543.1,1712001561,403
5ab5de49,13038.83,1712001562,449
880f84a6,3027.9,1712001563,190
713182e8,8580.69,1712001564,130
27aa6da4,27746.57,1712001565,374
069727ba,6122.65,1712001566,489
e4969afb,3493.49,1712001567,154
d19770e3,47750.69,1712001568,146
44f361eb,39517.99,1712001569,337
0ba7a358,49039.24,1712001570,382
29617c19,4212.26,1712001571,357
4b3b0720,29426.08,1712001572,344
91d5a9f2,25500.71,1712001573,431
ebb295f6,3220.73,1712001574,308
924b106e,22446.34,1712001575,353
f23b89b1,7322.55,1712001576,127
c841f235,22154.35,1712001577,303
56c4c2dd,48525.41,1712001578,224
0ce5a0b9,27201.63,1712001579,428
cef96f65,32609.58,1712001580,470
c61130a1,47684.32,1712001581,435
56698b27,16648.59,1712001582,247
1054f8d7,3901.78,1712001583,117
665b387f,28652.95,1712001584,251
849fdc82,10664.31,1712001585,295
1d876633,24862.66,1712001586,370
94d94308,45679.5,1712001587,261
eba2d201,39093.11,1712001588,310
45b4fb83,21663.53,1712001589,492
3cdd50d5,27069.28,1712001590,287
324b9509,22529.43,1712001591,408
4f2a3913,36145.26,1712001592,282
674fbd5c,6953.71,1712001593,332
afef9a10,7105.63,1712001594,167
9fbdb13d,8070.41,1712001595,134
4f4f615e,15412.37,1712001596,376
fe6af41e,29373.17,1712001597,117
cd1eb512,12343.59,1712001598,235
a577968e,46667.73,1712001599,469
2acafb8a,7448.26,1712001600,448
e756c95f,1994.94,1712001601,236
2e2ffe8e,27071.03,1712001602,297
a8c19b58,15418.72,1712001603,331
c97c2012,18700.47,1712001604,188
3140f40a,36369.6,1712001605,482
e8a935ef,30781.79,1712001606,120
3d90d187,15701.19,1712001607,130
c8ba8346,21039.47,1712001608,239
8837f7f0,31071.16,1712001609,458
e84d0eb8,39121.81,1712001610,483
84e0e84f,1113.73,1712001611,474
a64f0eb2,13273.96,1712001612,448
10ae0538,29500.3,1712001613,125
75f3c04c,24021.64,1712001614,105
8b302fff,34139.89,1712001615,306
ccc9dbaa,34279.94,1712001616,121
75fc2735,44605.56,1712001617,484
aa9b2c8e,13541.59,1712001618,244
dea11935,26154.64,1712001619,471
553c2120,37111.65,1712001620,237
9bf74c1a,44556.95,1712001621,350
9da87513,47549.29,1712001622,187
4d7e0496,37608.01,1712001623,404
6505d126,9592.63,1712001624,120
960942a6,46570.51,1712001625,205
e9d6509c,3240.8,1712001626,429
91ea026c,6926.25,1712001627,302
451f0c14,17567.51,1712001628,187
978f8ca9,39422.35,1712001629,191
b4d261fc,48603.87,1712001630,399
674c73a6,31831.03,1712001631,385
76b763d9,8997.6,1712001632,155
411fc173,32649.74,1712001633,480
5f7a3e73,29122.34,1712001634,177
79292b0d,42299.82,1712001635,403
3dd1e47e,19645.64,1712001636,128
551ce5d4,37130.87,1712001637,381
1ab85a62,9473.15,1712001638,210
b4705487,38765.59,1712001639,191
0e16b564,15538.41,1712001640,235
a8e99a95,45388.82,1712001641,205
0f2b3cd9,43187.82,1712001642,420
b7ac2e81,15808.45,1712001643,114
83cd7176,11729.53,1712001644,206
0cb1525b,20743.9,1712001645,279
2f70d13c,36265.07,1712001646,449
776a647a,40277.41,1712001647,114
0b6aa1ac,37824.29,1712001648,137
2698e5a5,32405.21,1712001649,423
933c71d3,23848.49,1712001650,198
bb95edef,29103.56,1712001651,125
fdb6e6fe,22242.67,1712001652,257
6739983d,47933.59,1712001653,469
5f313d24,31350.64,1712001654,140
767c4c0f,12326.86,1712001655,369
97be189b,12659.6,1712001656,382
0070da38,40381.14,1712001657,136
6308ab7f,23695.91,1712001658,353
2258c5ae,42599.56,1712001659,469
0e04e148,18580.32,1712001660,129
6548e1ef,5684.37,1712001661,243
276f918a,21678.85,1712001662,134
12618ad7,8600.66,1712001663,395
5d4ec30f,41048.65,1712001664,122
564f271a,41856.25,1712001665,167
2b6bc945,19343.16,1712001666,409
bbf1269e,23283.13,1712001667,180
9d4b82dc,6273.4,1712001668,368
f78e4f61,31397.71,1712001669,412
7acf0c2a,41349.88,1712001670,398
77fe1ea9,29671.97,1712001671,134
42dcdf6a,1002.1,1712001672,289
3783dc5e,22103.58,1712001673,397
dab4d0eb,19133.48,1712001674,290
78d7c624,32119.92,1712001675,360
c5dd5c3a,49783.92,1712001676,371
1da33859,6104.95,1712001677,209
48424cf4,31915.19,1712001678,470
0000660b,28881.87,1712001679,443
fc70985d,2568.53,1712001680,186
8cd8aba7,38582.82,1712001681,207
9483de17,1974.08,1712001682,229
0842a483,43496.16,1712001683,127
aac6215f,31614.67,1712001684,148
3615bab4,31986.69,1712001685,237
1be73bef,40586.77,1712001686,247
f463a2dc,12357.01,1712001687,380
77b26cf7,44785.42,1712001688,238
2dac2a17,33827.41,1712001689,217
60a308a4,23751.05,1712001690,119
86af39b3,35444.87,1712001691,236
e3657014,6375.83,1712001692,237
9eb5cff7,22277.63,1712001693,394
17b8d98e,35075.93,1712001694,320
abc3ca66,24975.49,1712001695,111
e540028e,41186.55,1712001696,267
2fdcb858,49936.84,1712001697,290
cd651463,27490.08,1712001698,488
0f13240c,36961.91,1712001699,197
8da9a1a2,25864.9,1712001700,435
6ad5f11c,12595.88,1712001701,127
6f438c15,18116.29,1712001702,261
6119562f,8313.64,1712001703,125
a5feb5bb,30201.3,1712001704,107
02eb3998,23974.36,1712001705,480
b8a7018a,45638.08,1712001706,217
7b620c48,37151.16,1712001707,203
92c247c0,36160.17,1712001708,346
88f584af,20905.68,1712001709,178
9f49f644,7026.68,1712001710,150
94ff6a71,45281.54,1712001711,136
47a8b3e6,9533.43,1712001712,117
4d7bc122,27788.09,1712001713,240
663e2365,33364.18,1712001714,112
0bb24fcd,38888.92,1712001715,254
b621b11a,12036.29,1712001716,398
86f1f59f,48815.84,1712001717,383
a8b84e0a,6544.35,1712001718,189
c13f6288,19572.76,1712001719,482
c42db647,17907.1,1712001720,133
5a9e3bd0,15288.66,1712001721,345
3217bcc6,44413.08,1712001722,469
c7073b1f,26569.71,1712001723,361
0f1f2a22,38755.89,1712001724,203
96f6924e,38849.72,1712001725,199
87e61eaf,2009.02,1712001726,238
00400c06,31775.33,1712001727,438
14c82ba3,15020.96,1712001728,318
4a095bae,6205.42,1712001729,498
931dce64,20784.66,1712001730,272
a62acb6a,31546.55,1712001731,147
25b49471,6806.43,1712001732,471
b8d19a45,36442.56,1712001733,256
6b10c325,18529.35,1712001734,189
eb239e8a,22719.38,1712001735,221
30219208,28985.44,1712001736,212
d3ff89d6,37046.52,1712001737,186
deba56f4,23698.22,1712001738,458
1b5d7977,25225.66,1712001739,445
8904167b,33082.85,1712001740,259
61c6f2a1,47057.44,1712001741,434
776cec8d,48829.98,1712001742,386
705540f9,29002.12,1712001743,109
31bc0bdc,40869.07,1712001744,224
22b26f0c,29977.34,1712001745,168
9b205a81,11902.8,1712001746,347
aea1e7a4,31697.27,1712001747,378
c54bccc0,40582.13,1712001748,156
fe2491e3,21126.38,1712001749,281
04f4feb9,8462.71,1712001750,139
f91116ce,12836.63,1712001751,474
9325de6c,40736.14,1712001752,445
0670d353,21215.38,1712001753,419
19e6b46d,22904.02,1712001754,105
191f86de,31841.07,1712001755,297
35f2a742,49876.85,1712001756,179
41353f58,28365.3,1712001757,376
19c718ce,46790.75,1712001758,128
6138a824,10604.12,1712001759,401
2ae25164,15831.97,1712001760,452
0210f748,46892.12,1712001761,221
3c85397f,37719.13,1712001762,324
28876df3,16092.6,1712001763,438
7f9edc8d,15384.21,1712001764,113
bf6067b5,46592.19,1712001765,308
7a08da93,2556.67,1712001766,310
4faa4c0e,47156.59,1712001767,380
aa076059,34489.96,1712001768,168
0cfd543d,24227.32,1712001769,245
47d51235,9670.44,1712001770,437
222acfd9,18750.87,1712001771,120
78c6ade8,42463.6,1712001772,376
8125adab,39247.82,1712001773,227
21cf7f21,24827.82,1712001774,168
3f9d3669,9851.95,1712001775,116
90df0307,39450.09,1712001776,436
396f57fc,19254.38,1712001777,224
5c2b8b2c,10359.22,1712001778,475
a05d78f9,15529.5,1712001779,150
d8b1d997,34981.16,1712001780,122
66898d47,44823.29,1712001781,210
0ed19a75,34509.33,1712001782,443
b0f6d9e8,29957.0,1712001783,286
57e6d4b8,44405.46,1712001784,113
959b9161,14524.11,1712001785,309
d0f96e78,22425.91,1712001786,163
cb229998,30084.48,1712001787,303
e182b516,21429.66,1712001788,382
bd97abde,14177.91,1712001789,192
21ff3385,35660.68,1712001790,469
28b6a009,4135.11,1712001791,218
96559289,37213.62,1712001792,183
747d1381,6372.48,1712001793,344
eeb9a49f,21734.94,1712001794,146
e34f7a61,40267.33,1712001795,267
79f3cb86,42507.58,1712001796,198
f40d4501,46940.99,1712001797,247
aa7cc44d,10749.77,1712001798,264
e9c6bf27,43896.52,1712001799,386
089154b8,6259.7,1712001800,458
a702122d,25495.61,1712001801,373
83895ab7,25862.85,1712001802,444
7ee47b44,40142.26,1712001803,320
77b635b4,29014.77,1712001804,226
7b5335c1,12629.52,1712001805,193
f5c880b4,22450.29,1712001806,413
d791e4d2,13451.27,1712001807,478
16750e49,41743.3,1712001808,139
17e76e54,34495.67,1712001809,153
2cc687ba,18063.76,1712001810,308
886ffd23,4043.01,1712001811,374
cbfcad12,29510.52,1712001812,185
bb3fb12f,17868.6,1712001813,425
a7a4b659,7263.58,1712001814,215
e25838b6,29404.69,1712001815,410
bba4fd96,13143.71,1712001816,369
f975776b,6586.45,1712001817,265
57578dd6,48093.2,1712001818,335
7d43fd07,40850.26,1712001819,110
20871681,24564.57,1712001820,248
11e5ab64,43096.58,1712001821,329
440c7ea2,21777.06,1712001822,351
535be6cf,43034.29,1712001823,188
d4494e63,30673.22,1712001824,401
cac8ad11,1594.83,1712001825,112
cdbcad88,18352.06,1712001826,477
7970785c,5322.71,1712001827,467
3d56b80e,17888.63,1712001828,123
fe68c5b1,12640.86,1712001829,178
871c2fc1,23849.36,1712001830,221
3916ff18,33537.75,1712001831,112
b869ac4d,31102.45,1712001832,228
f30cf6d2,28673.63,1712001833,111
11270664,32102.17,1712001834,350
c00b49e1,28158.1,1712001835,358
18644ecc,6751.67,1712001836,428
1f2767e5,30611.36,1712001837,192
e1f12018,32370.91,1712001838,296
49641807,42091.85,1712001839,235
674de057,24390.81,1712001840,272
8ae1ad4c,36670.13,1712001841,221
7ac5d4d8,18634.99,1712001842,451
f99afbb3,44562.96,1712001843,290
8a4ec4f2,32542.62,1712001844,195
1612f7bd,27041.78,1712001845,149
f30a15d3,13397.6,1712001846,226
d501ddeb,35833.24,1712001847,408
e207cbbb,41051.64,1712001848,120
f2c9023b,44491.69,1712001849,277
6d957671,21143.36,1712001850,165
f65da18a,48516.17,1712001851,326
f7bb981c,2178.57,1712001852,497
3db40f58,36495.97,1712001853,374
9b609c90,46288.08,1712001854,300
9034d88a,21851.18,1712001855,199
a2c064c5,1749.45,1712001856,260
9743cc76,47670.08,1712001857,439
fe673a55,46071.58,1712001858,117
c0b798f9,46351.87,1712001859,219
27d50c2f,41612.41,1712001860,338
4cced1f7,18889.7,1712001861,261
1da48a46,34075.97,1712001862,478
93e69306,34348.36,1712001863,196
b9c24223,14297.34,1712001864,295
009a0463,29963.62,1712001865,259
b19e6f7d,37425.87,1712001866,401
f392fffb,19928.58,1712001867,360
a5c772e6,13031.74,1712001868,148
aa462472,11032.1,1712001869,363
f9356256,10149.62,1712001870,430
24f0ae35,25611.37,1712001871,363
1b3c344e,30689.54,1712001872,333
f3cef13f,1019.02,1712001873,219
095da1cc,15405.58,1712001874,422
806d01d9,49663.45,1712001875,366
cd10dc24,17414.41,1712001876,193
b13c2f77,34341.5,1712001877,376
b4ccd692,14884.14,1712001878,369
56a85188,39491.33,1712001879,258
ee3b5f52,24710.28,1712001880,327
00b4e9f6,29029.31,1712001881,286
e2147556,38760.32,1712001882,387
7667bff6,3564.68,1712001883,282
2a3c9913,43704.69,1712001884,273
6a05a12f,17493.84,1712001885,354
4a4d2e95,14576.21,1712001886,325
ce5a19a9,12337.64,1712001887,261
12c8869d,20484.46,1712001888,293
f99c733f,18003.38,1712001889,253
52bca352,17821.54,1712001890,124
52bc4e02,9027.43,1712001891,324
5a3122ad,43128.55,1712001892,476
ec8abb23,35868.78,1712001893,119
51eeed10,37062.42,1712001894,305
88c6bfd2,45525.0,1712001895,336
5bfe1949,6611.64,1712001896,300
2a38f240,33074.46,1712001897,141
40ae4bbb,37015.52,1712001898,217
c59b9daf,40428.23,1712001899,341
85a40a78,31468.75,1712001900,391
903209e7,29445.47,1712001901,235
1e6b9962,38060.73,1712001902,145
1df31a20,45324.65,1712001903,117
741d151c,3747.37,1712001904,119
07249074,35123.17,1712001905,406
dcc5ecfa,3729.12,1712001906,342
e57cfd10,25815.76,1712001907,199
1341d470,13805.58,1712001908,191
bc289050,27567.23,1712001909,451
05038aea,23223.83,1712001910,217
ddefe405,19222.33,1712001911,209
9a94caa9,39117.42,1712001912,224
9dd5d84f,39843.8,1712001913,324
65ceef73,37736.2,1712001914,397
334ab777,31395.88,1712001915,323
c138d2f5,20240.78,1712001916,102
112eed2b,8741.38,1712001917,205
edc78f69,20531.73,1712001918,161
1d8454d5,9649.56,1712001919,471
430db809,10507.06,1712001920,362
594fadaf,29354.15,1712001921,420
dff23d55,39075.72,1712001922,167
57bb447b,10803.09,1712001923,365
b6824d93,24364.01,1712001924,257
3e0bb667,40100.1,1712001925,416
5756425d,43818.03,1712001926,166
95eb8477,36188.08,1712001927,303
de0cf1aa,12917.82,1712001928,279
b12e6ca0,37612.89,1712001929,217
91cf7d8e,6472.35,1712001930,308
704b9f46,43782.76,1712001931,412
ef6a38f1,7164.31,1712001932,399
94043983,7291.96,1712001933,474
079bd0c8,1163.66,1712001934,489
8a8763ca,43593.74,1712001935,359
c452a23f,10001.48,1712001936,151
f054b5a4,18957.17,1712001937,476
5d0abc3f,38097.24,1712001938,227
24f3602e,35364.65,1712001939,175
0b287d15,25922.06,1712001940,195
a48bf9b8,49856.5,1712001941,100
84c94fb3,16502.2,1712001942,344
3b9e9855,37496.12,1712001943,419
4966aa85,34640.43,1712001944,409
d2db805c,41414.5,1712001945,266
224a5a88,8308.05,1712001946,344
9c30d18d,48891.0,1712001947,458
1208d915,39313.09,1712001948,335
a1ad0392,7366.09,1712001949,296
cc0dffab,20382.37,1712001950,381
6f95871f,13393.93,1712001951,160
2eca366e,12315.98,1712001952,282
ea576891,37396.96,1712001953,117
c618f04b,27293.15,1712001954,482
055257f7,6006.74,1712001955,238
5a7acd11,42165.08,1712001956,293
6d7d0a51,31779.94,1712001957,184
914b46f1,43823.21,1712001958,477
f5ecfcc8,27889.46,1712001959,279
e99f7695,26027.6,1712001960,276
c5536f9f,25924.44,1712001961,422
3406dfb3,12403.31,1712001962,271
37280189,24773.74,1712001963,375
bc6f5540,48227.66,1712001964,142
af621494,1756.42,1712001965,245
faa17dbb,19936.77,1712001966,299
04989f25,16889.05,1712001967,176
3e0d8257,13176.99,1712001968,457
1722f5ca,31728.24,1712001969,400
a4c3a8ca,3308.38,1712001970,207
f290893d,25330.75,1712001971,329
6af5e79f,4600.44,1712001972,449
782f6d85,46815.89,1712001973,294
68adb702,46989.09,1712001974,371
e2235d9e,28369.24,1712001975,260
579c4cea,10632.09,1712001976,151
a5785ab0,21648.36,1712001977,217
459a41b9,22505.92,1712001978,278
e1eab040,29860.49,1712001979,348
6ad3fa5b,32259.01,1712001980,255
6b6d062d,1367.62,1712001981,151
af222336,17838.91,1712001982,376
5fe758a9,15209.17,1712001983,167
31bafe5f,9184.14,1712001984,345
95d899ee,1270.83,1712001985,482
c8fe8f79,33690.43,1712001986,339
3c27a45a,45771.27,1712001987,353
73bd581e,33166.75,1712001988,181
d9458eae,22088.28,1712001989,401
b63ca5ed,20636.6,1712001990,498
cdb66993,42857.5,1712001991,323
11b0c0a6,37817.88,1712001992,235
23adbe25,15950.52,1712001993,320
cd620295,46514.99,1712001994,215
79e61727,23802.86,1712001995,182
efc0d260,36184.15,1712001996,182
d9d72ce1,45008.11,1712001997,263
6bd4dcd3,46093.57,1712001998,120
c97d9a58,13437.99,1712001999,477
612c1b2d,1451.62,1712002000,101
7b755f9c,24741.35,1712002001,278
c82b0c9a,43876.53,1712002002,281
e7c358fb,17871.78,1712002003,241
a1e4cc6b,12022.73,1712002004,283
06902ab8,3245.77,1712002005,319
9b128948,21010.72,1712002006,454
ca127e79,39354.08,1712002007,165
300fe412,17701.29,1712002008,207
eb425729,14138.38,1712002009,477
abe7a0b0,37397.85,1712002010,200
6e587847,5035.04,1712002011,330
361297c1,22497.52,1712002012,379
1657134e,30859.75,1712002013,181
465ad4f0,21578.6,1712002014,243
f8cd2b80,37167.62,1712002015,292
79994681,27387.04,1712002016,123
794dff8f,33446.34,1712002017,268
c2f4381c,23936.62,1712002018,267
5dcb9e98,7896.33,1712002019,485
17963e98,18014.46,1712002020,135
a29c35bf,10221.51,1712002021,480
6e68f228,33989.86,1712002022,138
167dbab8,18348.57,1712002023,399
968794e0,41720.79,1712002024,273
c552e23d,2154.16,1712002025,327
2e6148ef,17325.34,1712002026,235
bd517b78,36260.76,1712002027,243
cbc069db,15149.84,1712002028,359
89fe2fb0,15368.83,1712002029,310
060a93d2,27218.5,1712002030,185
de798bb5,30816.0,1712002031,162
25f74ae1,35306.61,1712002032,175
78d03cf6,48406.34,1712002033,218
edb49ee7,16994.99,1712002034,155
0aa6ac01,4880.25,1712002035,117
efb3e647,20887.08,1712002036,145
1e9847da,3068.96,1712002037,342
ef68ee62,12351.83,1712002038,446
1c79a562,11633.17,1712002039,354
04486fc3,32212.2,1712002040,278
8ff0223e,47511.74,1712002041,465
3b94a95f,16693.39,1712002042,280
f17a59fd,20853.05,1712002043,285
9ed9f1a9,37351.69,1712002044,206
5d6a7a91,5354.49,1712002045,402
c6b5947f,6144.25,1712002046,243
353da5a8,27596.35,1712002047,391
1ca17566,28656.82,1712002048,277
62673576,6536.08,1712002049,121
ccc71a87,40659.42,1712002050,186
7c49281b,28064.09,1712002051,204
63932426,15414.5,1712002052,347
1b024f16,6742.87,1712002053,207
0f31aeca,31500.17,1712002054,268
7ad6e981,45885.56,1712002055,404
ed1a65f7,1273.33,1712002056,289
bba4e4a4,21727.29,1712002057,173
4421ff58,35719.17,1712002058,430
cbe4a288,24507.36,1712002059,183
b0eb0ea3,45606.26,1712002060,380
c1d5d500,4039.07,1712002061,100
10a78f4c,28438.01,1712002062,472
e3197854,4111.47,1712002063,145
ec97cce5,26504.54,1712002064,270
3a1e3cf2,22694.84,1712002065,252
6a785bf0,17932.19,1712002066,361
37e24b3c,23506.42,1712002067,199
22b20b9c,36506.45,1712002068,230
38177218,23021.51,1712002069,179
d88c8698,6788.41,1712002070,121
b4260c93,10728.35,1712002071,390
3fdf4144,38241.34,1712002072,430
c2141dea,33890.75,1712002073,104
3b397afc,34520.32,1712002074,196
97bd90ca,45297.88,1712002075,204
01af4b44,46392.39,1712002076,210
d5ea0483,35916.77,1712002077,140
b8bf8246,33198.96,1712002078,306
75950e70,20479.82,1712002079,296
0f231689,17805.18,1712002080,110
a11372f3,40282.4,1712002081,150
9cc3e6ce,43403.1,1712002082,176
72a5516a,36012.63,1712002083,387
56a7364a,14769.03,1712002084,432
4cc3963b,26585.83,1712002085,496
4e9f6077,23936.08,1712002086,432
b7563015,6613.22,1712002087,413
09ffd80c,36743.45,1712002088,339
e664a237,4529.3,1712002089,200
825a1732,40039.23,1712002090,166
a6e0808b,9375.35,1712002091,486
81cc8618,4424.08,1712002092,258
b098b351,41392.6,1712002093,350
429dff42,34285.0,1712002094,158
cfe34ffd,19042.93,1712002095,478
525a4bbf,15768.94,1712002096,318
4b3c6905,39202.49,1712002097,383
0fbb6493,44331.98,1712002098,168
78659ab0,24832.1,1712002099,489
e4df3e4b,4022.85,1712002100,204
d7fa7263,1848.15,1712002101,366
a8f97987,48100.82,1712002102,328
ed4f338a,35688.98,1712002103,146
f5786bcd,29953.96,1712002104,187
0fc32619,18241.55,1712002105,337
9e25e198,45800.23,1712002106,259
4c9c7687,34588.25,1712002107,101
5aa1c1ef,1350.48,1712002108,181
3a029c34,46777.88,1712002109,152
947f2d6b,21019.23,1712002110,371
911c710c,14203.54,1712002111,226
3d0e4cd1,39479.32,1712002112,342
0190366f,4748.68,1712002113,264
79f08f9f,9441.94,1712002114,233
d69e71d1,18747.43,1712002115,385
1973a36c,19188.52,1712002116,213
ccabb410,10865.61,1712002117,374
77248d00,46290.54,1712002118,407
9cc55e25,19467.65,1712002119,208
783b1b07,19717.93,1712002120,460
8a7e7ffc,36696.71,1712002121,472
7796a36b,10848.64,1712002122,222
e4abdbcf,10947.5,1712002123,406
b5c06648,40593.26,1712002124,235
40dad593,41044.4,1712002125,253
a3c6f95f,23082.42,1712002126,453
0d13ca70,19460.94,1712002127,357
b0c457d6,15965.45,1712002128,255
8ebf5627,15959.79,1712002129,132
c7ab1773,46119.77,1712002130,498
9d10f12c,17847.69,1712002131,443
697455c3,45151.76,1712002132,433
5fec8d6f,33350.5,1712002133,244
5b4c76b0,46494.82,1712002134,476
e37b49cc,26618.94,1712002135,164
54d0e73c,45996.36,1712002136,257
563e60fb,2931.88,1712002137,397
761a270e,25411.84,1712002138,465
47c6f991,32916.99,1712002139,370
5ccf1264,21262.28,1712002140,343
fa0eff5a,17138.7,1712002141,268
a9dfa325,6822.94,1712002142,177
c0221fb5,39466.96,1712002143,189
8dd39c96,11594.98,1712002144,125
8d635512,29515.57,1712002145,363
a01c51d2,22812.21,1712002146,446
089f171f,6956.52,1712002147,406
4dc6dfec,36682.92,1712002148,180
f08e6f0a,33135.28,1712002149,128
470451aa,31983.86,1712002150,148
cafa6592,2973.52,1712002151,306
3732e0d8,30802.86,1712002152,146
6e365b75,30169.45,1712002153,208
a0dabb64,11033.51,1712002154,130
3d151223,38040.84,1712002155,414
2fe1f523,17797.9,1712002156,335
0f300f71,46540.77,1712002157,133
19f1be51,1145.7,1712002158,495
6335488f,25039.97,1712002159,335
aaab1fe0,1900.8,1712002160,327
4baa8d77,46780.94,1712002161,469
f7272e29,9593.8,1712002162,294
ab46cd08,37281.98,1712002163,499
34f6cba8,35113.51,1712002164,350
0e856618,7344.25,1712002165,465
6e6b1284,11224.62,1712002166,350
89e48468,11614.71,1712002167,182
e52c6e88,13957.99,1712002168,153
2bbf34df,16148.99,1712002169,216
01da1888,14782.28,1712002170,472
7ff6d0b4,13713.49,1712002171,224
fbbaacc9,1974.96,1712002172,171
f82323c6,9268.08,1712002173,128
153242ad,25542.15,1712002174,140
b95ec3bc,32979.38,1712002175,496
060ff096,49845.69,1712002176,424
7eb2fec9,15570.94,1712002177,167
89b25f88,13691.74,1712002178,188
e6514bd7,27841.22,1712002179,271
e18d316d,2544.49,1712002180,309
2c9f0a32,3049.44,1712002181,464
1b3970e7,30362.67,1712002182,388
74326679,5717.56,1712002183,192
252ac45d,46044.43,1712002184,367
e40377ec,32183.85,1712002185,238
675d37c0,6537.07,1712002186,300
4d7b05c7,12963.06,1712002187,424
56451bf0,36304.56,1712002188,461
727b754b,49944.88,1712002189,421
6df188c0,6988.43,1712002190,224
7a92e0f7,12390.24,1712002191,230
5274f5e1,26897.42,1712002192,183
a0235f34,21593.59,1712002193,258
670e8759,29542.82,1712002194,315
8a3fe832,17773.16,1712002195,466
0767fe33,30218.29,1712002196,153
2448c681,17088.34,1712002197,316
36d785ce,11103.71,1712002198,404
9f6904e4,3784.03,1712002199,175
9dc302da,2598.65,1712002200,128
d4d2fb74,19138.06,1712002201,307
83c91e6b,29783.89,1712002202,451
ec982d6c,48326.08,1712002203,250
9bbd5493,28912.33,1712002204,486
760da0d7,15031.21,1712002205,152
bd120c42,10648.84,1712002206,257
67d570ae,9720.76,1712002207,428
e09528b7,26745.64,1712002208,257
c7b29ebf,23300.13,1712002209,377
2d706920,8297.83,1712002210,122
f478433b,7493.51,1712002211,245
25c5fe7f,47236.72,1712002212,118
cd195fd2,4351.22,1712002213,336
92e18732,18771.24,1712002214,233
36b94484,16977.41,1712002215,356
7b3d25ac,39007.8,1712002216,443
0718ae7b,40833.76,1712002217,286
2897856c,1200.3,1712002218,363
dbcc627a,3242.18,1712002219,236
7c6b0783,18285.14,1712002220,442
3efbde3f,27527.5,1712002221,395
6f53d320,47984.08,1712002222,103
80ea8264,35389.84,1712002223,438
28b0333c,14239.99,1712002224,128
987a56c4,40712.81,1712002225,285
339b9a43,10401.99,1712002226,477
9a558b6e,8927.38,1712002227,300
30a2832a,20157.92,1712002228,469
6d5d954b,2384.86,1712002229,363
5217ec12,45354.64,1712002230,194
5aee196f,33291.52,1712002231,451
53238da4,23966.44,1712002232,168
3472b7da,10236.59,1712002233,320
4b8518fd,40718.09,1712002234,232
d03fc1e7,18821.04,1712002235,306
d8093eaa,25843.03,1712002236,334
e16d06a7,31115.95,1712002237,409
420576ea,28972.46,1712002238,277
ad6ab3ce,39888.73,1712002239,186
28be3087,41500.46,1712002240,108
d446d35b,16518.63,1712002241,252
c92d6a92,47230.29,1712002242,442
f65723bf,23736.69,1712002243,342
228420da,17206.26,1712002244,270
d535d8f4,18151.47,1712002245,433
a54c5133,25997.37,1712002246,181
1142255b,11205.62,1712002247,471
35d38065,4642.94,1712002248,489
d55dc692,8113.06,1712002249,437
891cabe5,15437.29,1712002250,426
969ef54a,9740.67,1712002251,452
970b0dee,5337.21,1712002252,337
afbcc8cb,7226.35,1712002253,220
a3112d0d,26198.72,1712002254,101
a20bb32b,46490.04,1712002255,289
b7124b99,4753.32,1712002256,337
9b15851f,30237.22,1712002257,265
eb1750f4,48236.04,1712002258,250
e25659e7,11776.51,1712002259,426
531a2ab1,48026.24,1712002260,289
4b632196,13668.73,1712002261,147
f0c4cff1,30270.36,1712002262,167
23aedd81,18231.35,1712002263,452
1994d754,35909.01,1712002264,303
122b578c,19419.19,1712002265,154
46ff2682,12993.3,1712002266,156
38405886,49880.65,1712002267,172
3a4876fc,22675.09,1712002268,191
33d5a8ee,35009.05,1712002269,389
35814a30,14456.77,1712002270,215
744944cd,40556.89,1712002271,279
f7b3d11f,34040.69,1712002272,119
27e18cf0,42091.33,1712002273,388
5f6ee03f,48950.98,1712002274,333
1c485b5d,26040.43,1712002275,186
00fbcc4e,21304.68,1712002276,115
e837265d,25557.54,1712002277,134
70be9a24,40603.26,1712002278,309
d0a141e6,43875.28,1712002279,167
8ba82a3b,20627.12,1712002280,449
ba1331e9,27489.95,1712002281,200
7f0f32d5,20553.6,1712002282,101
b73670f9,2295.73,1712002283,451
323c5281,38202.43,1712002284,322
4ccaf349,41484.97,1712002285,286
670138bd,42255.43,1712002286,395
02544cd4,21529.77,1712002287,381
d7577778,23199.05,1712002288,458
397c9fe3,18936.33,1712002289,409
5495ab21,38509.48,1712002290,222
986b4444,34643.49,1712002291,374
8d3d8063,44317.03,1712002292,464
4dc96282,22748.73,1712002293,100
57bc6e80,45842.12,1712002294,484
1a787667,18232.39,1712002295,243
68d8c50f,14617.97,1712002296,161
9c19b11d,21356.94,1712002297,406
18695a59,48018.35,1712002298,211
476785d4,25838.74,1712002299,206
ce89d3a3,8390.25,1712002300,461
a651941c,49667.88,1712002301,482
5d3b1fc6,16509.68,1712002302,199
991a41e3,13015.3,1712002303,367
3af214d4,36410.35,1712002304,207
eaef5f99,42936.22,1712002305,152
67b16076,11297.7,1712002306,207
3992fd25,45769.6,1712002307,478
70bb0596,44196.07,1712002308,234
ec2ac641,15300.28,1712002309,316
bfe1a619,6179.99,1712002310,254
99a613d2,36168.2,1712002311,157
0d170b55,20913.52,1712002312,130
a9a4bb8d,14860.86,1712002313,109
aa96c371,9301.09,1712002314,171
9ecbdfa0,12937.28,1712002315,340
6162abfe,8978.68,1712002316,327
07d027e3,26037.32,1712002317,448
b860d98f,3004.16,1712002318,402
f091b8a5,36961.95,1712002319,114
ee5bdfe0,5177.82,1712002320,186
b7d9dc1f,39197.17,1712002321,391
3ba7e512,31910.84,1712002322,471
d0f61ad5,35010.67,1712002323,376
80e44ab0,6986.37,1712002324,106
a2344b80,18008.59,1712002325,221
06598641,26768.18,1712002326,461
f5fccd61,34376.74,1712002327,413
b2f66182,3079.76,1712002328,218
6eee9983,42198.74,1712002329,378
528d40cb,1600.98,1712002330,402
a2cd130b,7126.22,1712002331,204
c0c77fb3,48395.09,1712002332,417
01e50a74,4332.47,1712002333,321
92b5b84e,25199.8,1712002334,439
aac1e9a0,25018.82,1712002335,186
ae8821c1,41462.23,1712002336,169
ec745340,48864.34,1712002337,139
7740a825,49710.15,1712002338,370
cc932694,30421.64,1712002339,162
a9ac2afe,32562.3,1712002340,445
d4a7cc2a,29198.39,1712002341,203
a922433d,5439.2,1712002342,132
694842ae,4836.92,1712002343,467
a6cabed1,22567.41,1712002344,272
52427314,46113.77,1712002345,472
cb063058,9768.16,1712002346,325
86893234,7997.65,1712002347,271
23881ae8,42818.26,1712002348,325
315ada3c,18686.03,1712002349,109
734d012a,10244.04,1712002350,267
dcdbd04d,18267.34,1712002351,432
59c5ce14,45841.38,1712002352,403
5b742a3b,2656.7,1712002353,164
776b4994,23374.36,1712002354,368
7c7e178e,18303.52,1712002355,117
a9a94979,44234.99,1712002356,274
d5719b26,37060.79,1712002357,152
38bd0435,21810.08,1712002358,492
1870f175,19229.92,1712002359,167
52071b40,44546.55,1712002360,363
d7d1b244,32204.93,1712002361,453
c0d7db76,17715.92,1712002362,274
c30aed42,32822.18,1712002363,213
b46c9f94,21456.7,1712002364,192
9ee1910f,13630.45,1712002365,129
9871ce09,44211.78,1712002366,291
211bbcd5,20606.84,1712002367,109
007ada2b,35388.11,1712002368,313
845fbaac,37786.95,1712002369,301
d3dd5bb7,44066.65,1712002370,388
9f070da8,23172.79,1712002371,306
8e0aca8f,13962.89,1712002372,306
e58c52cb,49292.24,1712002373,397
5f7f2777,1923.89,1712002374,289
bb219d31,13019.07,1712002375,393
f0a1141f,21270.15,1712002376,394
28188029,36509.46,1712002377,321
36bd751c,5624.28,1712002378,275
3cbd96f3,6194.68,1712002379,143
dcb94bc5,12058.2,1712002380,360
fc366885,11782.89,1712002381,167
20fbab36,11498.39,1712002382,372
24ddc316,36859.51,1712002383,495
de5b193e,3238.46,1712002384,124
975c0d5e,20308.83,1712002385,475
45246284,4583.95,1712002386,195
04a3e545,1025.52,1712002387,408
311d8f4f,42523.08,1712002388,196
f9121f58,13703.65,1712002389,395
96eb0ef9,22785.02,1712002390,129
6d92968e,11524.07,1712002391,223
d1e5264f,21209.19,1712002392,250
c277b1df,16620.29,1712002393,365
e2540c6d,16557.19,1712002394,370
8cab802d,48434.5,1712002395,161
506acb96,3087.46,1712002396,306
2b2851f3,27019.41,1712002397,168
7426f4ca,20048.89,1712002398,498
54a9a491,28518.22,1712002399,165
d0c27689,12326.78,1712002400,322
491d3a3b,27474.61,1712002401,468
deec8801,26317.57,1712002402,158
d32ee7c6,48038.75,1712002403,383
148882be,31357.06,1712002404,300
caef970a,46216.07,1712002405,378
f8827439,19568.84,1712002406,125
d7320b0f,24902.68,1712002407,205
3b22c40e,16254.92,1712002408,139
9acd2eb7,23592.41,1712002409,348
890d8221,44082.49,1712002410,255
34b84885,49327.53,1712002411,248
f28ff0e4,42501.8,1712002412,221
433cec99,29969.22,1712002413,192
2a4e057c,9302.57,1712002414,366
a11bdf68,19812.75,1712002415,486
72034d56,45997.05,1712002416,140
238d41cf,4237.32,1712002417,125
8b93c5d4,14355.16,1712002418,469
a3bc3aa1,40655.32,1712002419,145
98cbbf79,49166.8,1712002420,126
0ba48a8a,15716.83,1712002421,104
c1794ce3,20715.41,1712002422,233
a28f00f1,22042.44,1712002423,346
c032e9a1,25180.3,1712002424,216
87f7c9ba,38189.88,1712002425,480
d262e36f,45012.34,1712002426,477
b468c601,38183.46,1712002427,302
e394f107,30625.24,1712002428,278
1cf44347,25907.4,1712002429,338
31b98c0d,2409.98,1712002430,288
aaa4a733,38818.65,1712002431,168
7b6f504b,30034.92,1712002432,499
4e42589a,20822.35,1712002433,187
da520f7b,23304.68,1712002434,201
5bf9f181,40030.19,1712002435,252
29dacd9c,32007.35,1712002436,341
1a99e563,7025.8,1712002437,208
d3e0d97b,1831.09,1712002438,421
2a60ce85,11201.45,1712002439,148
3f646c75,25042.44,1712002440,294
c8693374,6420.08,1712002441,365
bc15a662,14643.87,1712002442,242
11a5920f,45697.51,1712002443,304
4ca12e4b,10982.37,1712002444,437
ff251a02,10461.55,1712002445,441
47b70512,2093.43,1712002446,324
8a952d7c,24271.66,1712002447,371
61c0678f,27989.44,1712002448,132
316e7911,36093.46,1712002449,363
ae5e4a64,29504.94,1712002450,134
680f7448,19412.32,1712002451,354
1bf10090,13216.07,1712002452,115
a67fbed4,46685.21,1712002453,408
200d461e,12235.53,1712002454,492
3a5e539f,24625.37,1712002455,367
bd6ae05d,31440.26,1712002456,186
5f9c8fc6,48504.06,1712002457,436
685ca1bb,33625.14,1712002458,260
df1da1ef,21195.71,1712002459,291
ebcdd6fc,35196.55,1712002460,108
454eb5d4,29103.69,1712002461,192
3c1bf2b4,20541.79,1712002462,319
70026a42,38916.22,1712002463,487
3c135765,16900.02,1712002464,366
74a61d40,24954.56,1712002465,348
383d73ec,31099.42,1712002466,454
ee94e1d5,6940.0,1712002467,486
5a37f732,20585.6,1712002468,269
acb7b6bf,45794.47,1712002469,470
759a886d,14974.26,1712002470,262
b2145cc7,1115.55,1712002471,441
df86902a,35187.42,1712002472,454
5b087a5b,44594.95,1712002473,203
61742b8b,20500.56,1712002474,217
fd22c963,32479.2,1712002475,373
74cdfb3d,29917.51,1712002476,425
e033823e,43977.75,1712002477,143
1b3dbfd9,33862.42,1712002478,278
9f400561,28372.91,1712002479,443
f1fe5695,12163.49,1712002480,382
4198d04d,33055.48,1712002481,375
3a9f8273,25770.59,1712002482,194
2a71e84e,42814.12,1712002483,336
9b5bea78,11107.51,1712002484,446
38cb1090,37676.62,1712002485,285
349a6c0c,25124.75,1712002486,316
0069061c,7911.7,1712002487,481
3aed9841,40853.86,1712002488,482
e39a287c,14771.43,1712002489,296
2c5456d1,29013.9,1712002490,287
80ac83fd,8970.53,1712002491,495
f7c76fd0,5746.08,1712002492,269
bd24e5bf,46018.24,1712002493,481
14bd64be,19406.13,1712002494,482
3917c059,34943.77,1712002495,193
98a72c9d,8885.29,1712002496,107
d5775378,13647.38,1712002497,343
8d001e33,9154.99,1712002498,440
3a3f99ac,13351.44,1712002499,239
afd2b5e4,14330.4,1712002500,495
caf874f4,13675.99,1712002501,288
458cbeb8,27696.68,1712002502,388
7db82da5,28410.51,1712002503,448
f1f76d10,26243.01,1712002504,309
7b4c7f12,23589.18,1712002505,377
50f63061,23790.71,1712002506,274
a914be7b,43159.55,1712002507,141
085a8f79,27457.23,1712002508,347
85575e44,11439.6,1712002509,171
f588fc54,38180.67,1712002510,115
9b9f9c72,44719.39,1712002511,444
e9a8153d,28427.92,1712002512,496
769a67aa,3377.58,1712002513,260
d350d231,39550.74,1712002514,293
f6b15f24,25760.79,1712002515,162
ebfbbe3c,29564.6,1712002516,195
f49c2f81,26376.75,1712002517,393
181add2c,2844.12,1712002518,180
a610ac75,21584.43,1712002519,328
bee15613,42845.74,1712002520,277
c9047a02,18245.71,1712002521,383
1a061385,41123.17,1712002522,283
23d4a16a,40825.56,1712002523,326
5264caf1,22054.74,1712002524,408
cf58ef63,23184.11,1712002525,127
f80f8bf3,7130.53,1712002526,491
117d1527,45661.99,1712002527,109
a6cfd631,24134.45,1712002528,448
472e94bb,28738.57,1712002529,349
4beb7fa0,45148.7,1712002530,460
bb578587,38549.32,1712002531,378
b25ee5aa,47181.63,1712002532,472
0efb48bd,24266.35,1712002533,266
a077488f,3120.18,1712002534,435
4b3b91f0,5123.09,1712002535,448
7b71f6f3,28377.67,1712002536,484
b75dbd0c,8151.7,1712002537,116
0984d0e4,9500.59,1712002538,474
722452d6,49886.1,1712002539,499
38ab56ec,27518.6,1712002540,240
f2109942,43769.43,1712002541,155
b3516fee,1375.95,1712002542,323
2f21a4f4,32284.49,1712002543,310
290f2f4e,25819.31,1712002544,412
678d3d4c,49047.11,1712002545,292
7d1a5a91,24429.18,1712002546,335
d6f24bf3,16740.34,1712002547,195
45166539,13040.97,1712002548,342
5e0439cb,33532.14,1712002549,456
4b9bb764,37279.55,1712002550,380
b7c0a29e,38003.38,1712002551,176
5d43d626,46385.23,1712002552,492
7456ba6e,39496.89,1712002553,159
c3e9c1ff,22559.5,1712002554,363
ac16a5d6,10347.28,1712002555,294
6ff84453,9213.65,1712002556,205
003f6c68,13073.56,1712002557,245
9f8961d1,6025.85,1712002558,211
86acfa4f,28558.01,1712002559,433
3d697d96,9983.18,1712002560,124
8eec105f,49634.72,1712002561,205
7b643dd8,43172.98,1712002562,185
0875c270,17457.97,1712002563,199
96f3daa2,14087.94,1712002564,446
9935619f,39579.18,1712002565,300
230a8b17,24693.4,1712002566,175
3e6569f2,24576.97,1712002567,244
2ea93b70,28434.3,1712002568,212
912a00db,11140.45,1712002569,346
9957e117,7888.85,1712002570,195
a7bc8464,49137.51,1712002571,225
d3a6e202,43978.96,1712002572,323
41f7d8f1,42436.07,1712002573,466
5fe68af0,35540.28,1712002574,174
7105ad1e,43410.32,1712002575,366
6b577595,14007.86,1712002576,236
abcb818a,49120.18,1712002577,405
25e96273,27112.66,1712002578,371
482caea1,2630.89,1712002579,276
0a7f23ba,19939.16,1712002580,125
a850aff2,10912.99,1712002581,426
28cbae12,20788.76,1712002582,366
017e81e9,24407.71,1712002583,181
8b82cb04,35238.76,1712002584,416
cc4d9563,28309.22,1712002585,130
d465b20f,44601.53,1712002586,162
5441c488,22083.4,1712002587,130
b855c677,29120.34,1712002588,495
f642e649,15959.07,1712002589,464
ff6c264e,14008.68,1712002590,179
f4f6c132,23932.13,1712002591,215
27889f1d,38497.47,1712002592,265
6d1e2581,34935.57,1712002593,409
9f63a267,8416.58,1712002594,201
4f7abd90,34937.69,1712002595,433
a3e6637f,28180.61,1712002596,116
6c2d1e58,27986.9,1712002597,106
11be45dd,9899.97,1712002598,308
74e3b2a1,43351.89,1712002599,360
a7ef6cdd,17308.0,1712002600,315
3b11401e,11288.25,1712002601,166
c60c06ea,11855.16,1712002602,447
08b3e547,24469.8,1712002603,308
a64fd9ac,24205.38,1712002604,322
6ad83d55,40819.46,1712002605,382
599afef1,15618.77,1712002606,387
07c46e20,4093.04,1712002607,391
97fa88dd,21945.41,1712002608,216
0ca79f8f,49809.76,1712002609,184
d98ff466,11137.58,1712002610,301
5acbca43,12538.47,1712002611,276
a388a770,16418.29,1712002612,456
e5193739,4003.46,1712002613,372
a4ec2a74,49541.87,1712002614,100
f65649c9,31522.7,1712002615,255
8780738d,48629.63,1712002616,148
c4718199,45827.55,1712002617,255
e6ebc8b3,41338.7,1712002618,320
485d76a5,24093.67,1712002619,117
1378bad9,18573.42,1712002620,101
99ed8809,11990.36,1712002621,477
d3985d5a,45737.17,1712002622,261
4bd09ccf,7608.91,1712002623,128
787c89a3,18878.16,1712002624,157
26b2a2f1,28341.79,1712002625,217
431133c4,11768.15,1712002626,499
80dc4bc9,2247.08,1712002627,189
713e46b9,15880.13,1712002628,485
1cb9ba5a,46271.27,1712002629,177
68b99e4f,5475.79,1712002630,367
40375a27,47393.01,1712002631,325
5872b432,21372.48,1712002632,335
6c6497c1,8284.66,1712002633,415
d1d22fcc,2946.08,1712002634,110
fd46e872,46975.73,1712002635,166
3d52b741,9029.59,1712002636,216
ed401bfd,15217.42,1712002637,260
806abbe1,16694.81,1712002638,493
5048320a,19485.21,1712002639,317
a7e85238,48471.02,1712002640,268
a568de04,4775.45,1712002641,439
9dfde53a,20385.27,1712002642,139
8a6e03be,43175.8,1712002643,184
29cb71b0,12808.99,1712002644,390
c6558ed1,48196.97,1712002645,246
ba033a39,19204.33,1712002646,281
1b6b4b8d,47332.46,1712002647,194
9ca35f27,34813.53,1712002648,379
a376cdd0,37696.14,1712002649,143
476214bf,35070.2,1712002650,456
b1b686c2,8980.86,1712002651,409
7f1f153d,9885.52,1712002652,175
fe8e7308,28821.26,1712002653,109
0c581ed3,11309.77,1712002654,241
51c18b66,45101.2,1712002655,438
ddc1af9b,2642.26,1712002656,165
7398b260,35611.5,1712002657,105
08dc494b,9757.92,1712002658,282
607d1f45,19504.58,1712002659,193
6f14f77a,37641.42,1712002660,395
0ee09fda,24856.64,1712002661,256
b5f040de,17416.36,1712002662,165
50fe75d6,3504.86,1712002663,276
91c794d7,35210.07,1712002664,461
555285ce,40462.5,1712002665,330
bc521cc3,22520.23,1712002666,316
2ebdf436,9276.23,1712002667,463
6016c2d1,13029.4,1712002668,159
6d5a4e2f,10467.89,1712002669,318
375a4a1d,12079.12,1712002670,485
7954aef7,48477.97,1712002671,455
cc0bc8e1,23019.32,1712002672,203
5476aed5,23347.17,1712002673,237
dfa21fef,44893.67,1712002674,393
633db74e,19302.43,1712002675,307
b079fcef,23184.04,1712002676,317
2323abab,23315.75,1712002677,412
9ac4f07e,48083.31,1712002678,454
9837777a,37436.35,1712002679,404
723be1f7,41431.66,1712002680,237
5cff9e74,16525.51,1712002681,114
ed656dd6,33318.56,1712002682,331
778542a8,17240.03,1712002683,470
53403341,42797.72,1712002684,196
7a6bd354,8998.34,1712002685,112
bc17d8d4,9673.42,1712002686,324
574381af,8211.32,1712002687,262
e7f61eb9,3453.27,1712002688,376
98db163d,31497.75,1712002689,353
9e0b3a87,27515.03,1712002690,383
a2a311e4,4983.08,1712002691,411
bfbd24f4,31485.93,1712002692,463
f44da6d5,33969.25,1712002693,108
a1bb31b5,30221.7,1712002694,150
6cdf251c,43859.87,1712002695,489
c6ac95f4,31105.97,1712002696,219
9323793d,45036.72,1712002697,132
902ccc81,13936.07,1712002698,278
c67837d5,29299.67,1712002699,473
1009a430,41904.58,1712002700,481
03d005e8,19721.36,1712002701,316
a6303134,30819.66,1712002702,361
1ead24fb,49448.51,1712002703,384
75fb1694,49568.93,1712002704,437
2a0c2ca2,49882.57,1712002705,234
3a00cc74,31247.03,1712002706,228
8065410a,28082.98,1712002707,498
87b46e47,19310.65,1712002708,415
1a80e1d2,39440.69,1712002709,396
bc9bc317,17181.29,1712002710,303
23fbcda4,10999.23,1712002711,169
179ef425,47150.95,1712002712,263
ece544b0,12143.15,1712002713,413
f5cb2ab8,12577.3,1712002714,247
06d9d246,32760.12,1712002715,160
111f2046,33894.23,1712002716,493
11767077,1189.61,1712002717,339
372ab80a,31815.24,1712002718,357
a1e72ca7,25572.09,1712002719,456
738e6316,48381.8,1712002720,498
0acd2575,5643.7,1712002721,331
e6b95ba2,37460.69,1712002722,366
f84aa466,6970.14,1712002723,274
0d0cef1f,43080.32,1712002724,159
5aa38e03,47971.42,1712002725,474
5b39538c,4910.13,1712002726,454
27ef508a,36436.03,1712002727,135
b0b5e55d,42339.14,1712002728,357
0347cc57,35205.2,1712002729,242
11d1a727,49960.04,1712002730,372
362ed27f,34728.63,1712002731,192
11b90adc,6156.56,1712002732,411
68cf38e2,3152.69,1712002733,260
4cb4a146,13669.83,1712002734,130
cae8638a,17761.01,1712002735,408
7c4fa3ac,26578.17,1712002736,399
6a5179a2,17182.88,1712002737,301
c8e79126,24874.55,1712002738,104
8dc0a50f,11693.33,1712002739,368
11e8c5f5,40136.42,1712002740,400
6638c51a,33897.96,1712002741,469
29187eb7,14453.39,1712002742,157
29195e26,10474.56,1712002743,204
9da7d153,9338.56,1712002744,134
51d247b1,42960.97,1712002745,104
93c33230,48848.69,1712002746,198
cbc91948,21459.48,1712002747,352
3d558419,21272.23,1712002748,357
c95ff98c,19977.68,1712002749,284
ddece3d0,15680.42,1712002750,417
a6aa1459,24274.96,1712002751,396
244f7835,3433.14,1712002752,407
97cbc9b6,17307.45,1712002753,224
803e975b,29713.91,1712002754,498
738c6980,20609.66,1712002755,267
6eed7aee,38719.92,1712002756,286
e36fd970,10213.13,1712002757,468
ca0f09f9,19118.99,1712002758,126
dd237083,23380.0,1712002759,301
da0c35cd,1223.89,1712002760,446
2946889a,7070.11,1712002761,326
ce12ea46,26095.39,1712002762,306
76d75f79,9443.07,1712002763,192
ac589d18,12443.98,1712002764,398
81c909a8,10013.43,1712002765,172
503d4306,12712.85,1712002766,416
bcb5e64d,4104.33,1712002767,267
db37384b,43015.97,1712002768,362
eb3b57bb,44925.92,1712002769,177
1678be4b,18353.45,1712002770,396
e0dff4a7,41993.14,1712002771,370
78b055f2,45423.26,1712002772,369
2d49e3c5,44986.58,1712002773,394
afb56d58,15776.78,1712002774,275
9a7545f6,7718.12,1712002775,256
bae94586,30503.21,1712002776,235
2ff8d33c,36072.07,1712002777,357
34fd959e,33258.05,1712002778,380
fce6e13a,40859.99,1712002779,279
43b8b35b,47339.56,1712002780,402
cb5cc6db,28522.18,1712002781,325
6568c83b,33727.81,1712002782,287
cfa2c207,49959.31,1712002783,345
dc5dec5f,6980.51,1712002784,168
8bc85152,44082.23,1712002785,208
7c984587,14017.89,1712002786,442
11ab7b68,34341.6,1712002787,275
6a18410c,14489.6,1712002788,254
d6fbe7c4,36085.4,1712002789,420
d8573586,9646.51,1712002790,147
48895779,20962.78,1712002791,345
62cf5875,47038.13,1712002792,341
0f854bb8,25675.12,1712002793,110
32b9237f,43165.26,1712002794,106
177bb646,36331.11,1712002795,428
5f481f33,1737.98,1712002796,287
c68f74bf,48879.11,1712002797,144
60b21bd9,31299.29,1712002798,303
e538317e,33844.13,1712002799,140
8612e4de,12295.37,1712002800,392
c2f5a901,44345.69,1712002801,341
330ed0d6,28208.04,1712002802,442
fb5ec77c,28202.3,1712002803,436
6e07b36f,49078.02,1712002804,371
87a81753,41234.74,1712002805,111
0c47344f,44017.16,1712002806,133
a30642f7,31091.79,1712002807,492
78db2bfa,30989.43,1712002808,453
c7708c39,45953.45,1712002809,229
aeacc3ac,48064.75,1712002810,372
95577364,5657.7,1712002811,463
d8822989,30648.44,1712002812,252
c575ed52,35608.67,1712002813,398
75dcc275,34995.97,1712002814,339
c7f2ca68,31764.38,1712002815,325
5e509815,16577.47,1712002816,404
f5467702,28499.47,1712002817,263
48084da1,42109.68,1712002818,483
9347e624,22821.91,1712002819,178
a85c713c,35819.0,1712002820,308
f8dd6b7e,17468.13,1712002821,340
90833c2c,37617.96,1712002822,469
1f466c4a,27668.1,1712002823,202
cd661abd,42124.89,1712002824,172
afcd0e2c,44336.11,1712002825,324
de58c91f,31234.8,1712002826,193
9628a801,37875.33,1712002827,466
ca422b1f,48199.56,1712002828,335
b87075e9,12609.2,1712002829,178
d19f9383,14348.56,1712002830,399
60e493d4,34303.83,1712002831,173
316d851e,5393.49,1712002832,494
9ad15c13,24785.71,1712002833,310
3ad06399,8446.54,1712002834,313
29dfbff6,33775.87,1712002835,128
5c0145a2,21659.65,1712002836,251
a1413d32,11609.35,1712002837,313
83d75d27,24450.97,1712002838,354
381f932a,10177.81,1712002839,111
70798873,21849.97,1712002840,438
a49a3d0f,8414.64,1712002841,448
0a94a94a,38640.81,1712002842,105
cc0983c2,44153.39,1712002843,396
613bdb50,6766.33,1712002844,214
fe87607a,24928.79,1712002845,452
a5ada604,16390.08,1712002846,412
c57fae52,36399.67,1712002847,307
b2a5145f,29169.09,1712002848,306
041d1314,26149.87,1712002849,233
8850c273,4737.15,1712002850,111
15e3c7b9,35269.67,1712002851,143
ef7d84e4,22303.02,1712002852,172
fca7f4be,38883.57,1712002853,413
29691696,31209.34,1712002854,249
a5bb9d37,5996.03,1712002855,302
1a4d5ba3,32954.95,1712002856,291
25bf061b,3648.44,1712002857,417
708703da,12457.35,1712002858,126
729f7bf0,16680.46,1712002859,395
ffff6b23,35522.65,1712002860,186
843aa4dd,12355.41,1712002861,489
5f068dd8,3229.03,1712002862,198
d8f74605,39771.65,1712002863,118
6224b2d6,48868.33,1712002864,202
fc723729,11237.81,1712002865,395
ccc62dec,16957.86,1712002866,191
1505dc11,7208.22,1712002867,181
70b300e1,7122.92,1712002868,405
01ebe5eb,43378.98,1712002869,374
17b0ad6b,5291.97,1712002870,116
1e4506cb,18986.09,1712002871,453
afe6cd6e,23214.39,1712002872,412
38920ea9,16918.12,1712002873,279
e2697085,20333.47,1712002874,300
ed9e0840,43060.2,1712002875,212
e5313aa7,10153.69,1712002876,184
d45c444e,46674.03,1712002877,348
17a654f9,26706.94,1712002878,383
11354aeb,49366.24,1712002879,290
419576e5,20798.07,1712002880,495
195a7faa,17180.73,1712002881,473
2b31184a,29771.07,1712002882,325
36012b9a,37973.25,1712002883,492
b09d79ce,28636.45,1712002884,350
a3ca5361,41331.18,1712002885,412
d202e7b0,33173.2,1712002886,179
9a6c0974,29612.05,1712002887,135
dde97181,20071.18,1712002888,261
4bebae93,47976.05,1712002889,376
109b00e7,24974.14,1712002890,434
b4326a0e,27015.8,1712002891,136
970a02e4,26940.89,1712002892,348
a609130b,32057.86,1712002893,196
02c2571e,26613.03,1712002894,374
986caf33,2950.05,1712002895,268
bd054561,26513.46,1712002896,202
380919fa,18289.59,1712002897,362
34a4eb88,11906.36,1712002898,418
5c8ababe,10595.55,1712002899,301
396d65d2,10354.34,1712002900,270
e684fd11,22497.99,1712002901,172
7b51195e,1487.66,1712002902,489
a627425a,14376.15,1712002903,188
06110f54,5395.13,1712002904,433
de0f1813,9609.11,1712002905,290
e2999684,34136.41,1712002906,348
1b9f19ec,39934.2,1712002907,416
5277345d,30282.56,1712002908,264
87f95282,33633.86,1712002909,397
7e388258,9316.05,1712002910,396
0ded486a,13339.88,1712002911,454
d56bfda9,13343.61,1712002912,311
673ffa51,16858.19,1712002913,372
9f3a0483,27348.89,1712002914,362
883e8175,45489.49,1712002915,342
64d26555,48136.74,1712002916,480
44f9ce1b,17555.32,1712002917,110
da67ebef,6729.21,1712002918,372
96faf629,3909.74,1712002919,398
c9338ba8,9218.89,1712002920,130
58750f3f,42386.19,1712002921,192
78fb5dac,3166.95,1712002922,122
a7c8afd1,4505.12,1712002923,166
2f80f589,29576.85,1712002924,492
85a63120,22418.62,1712002925,445
92eccfc0,48741.39,1712002926,237
e3cf4b4f,6618.09,1712002927,381
b99447bc,6645.35,1712002928,190
a13aa68a,19899.91,1712002929,464
424e7fde,21593.48,1712002930,377
1f8d35c8,36161.94,1712002931,389
0982eefb,32862.55,1712002932,435
b7fed9fd,1208.75,1712002933,473
693431e2,19691.13,1712002934,401
a3fe3467,43778.03,1712002935,244
4f0f464e,24290.37,1712002936,411
e77626f9,36990.5,1712002937,198
8978fc2d,42236.85,1712002938,456
e984f6b0,32749.4,1712002939,200
6f3dae74,12576.42,1712002940,256
68d7888f,5807.8,1712002941,268
5eebc86f,26412.44,1712002942,243
ad9d101c,13257.36,1712002943,180
912a01fa,41788.82,1712002944,291
7a2268e9,11472.43,1712002945,331
4f847628,17474.03,1712002946,134
a10e50ca,44967.96,1712002947,171
2873a778,16732.62,1712002948,469
13adfc56,24161.26,1712002949,237
ea528e15,9718.05,1712002950,125
610059f5,44947.26,1712002951,416
bf810e63,13342.53,1712002952,102
a20774a6,9891.89,1712002953,254
8f6fcfc2,46794.02,1712002954,180
5a1e59e6,46978.33,1712002955,425
f68185ce,8961.24,1712002956,233
aa870f89,41751.77,1712002957,302
46a6f9f2,38375.1,1712002958,277
679d4545,32717.28,1712002959,484
c1686746,28206.16,1712002960,233
7164d7bb,37736.88,1712002961,291
88f09b8b,22743.21,1712002962,308
3982b484,48314.79,1712002963,317
da86e4e2,32920.75,1712002964,352
42cdd61b,20766.84,1712002965,465
e3b59cb5,15225.35,1712002966,100
8b2a10a5,40675.13,1712002967,455
defd0f67,27437.13,1712002968,334
0a8bdfb7,32897.49,1712002969,307
3d3728cd,19073.11,1712002970,425
e3331a8f,49517.08,1712002971,105
139af4af,46963.12,1712002972,205
8218ee50,22930.75,1712002973,345
a420f507,42666.78,1712002974,479
db2607b9,43830.15,1712002975,177
2a668eb6,41642.3,1712002976,143
79a1987f,42654.51,1712002977,136
9ce5a4fd,43559.09,1712002978,203
a33d9ffb,11498.97,1712002979,303
7b47ab92,28815.58,1712002980,222
96b253b1,36269.58,1712002981,401
d84d18e4,17040.66,1712002982,427
b241f588,27581.31,1712002983,438
12ebe08d,28820.17,1712002984,271
882fee41,12395.21,1712002985,194
b72d1fca,26617.34,1712002986,418
3ec55de1,45974.1,1712002987,286
a943351f,46905.04,1712002988,490
0e77e04f,25076.12,1712002989,107
5f139be9,30867.78,1712002990,260
827d4465,17607.16,1712002991,119
b11c5781,11461.08,1712002992,146
d010bcc8,17603.98,1712002993,198
09c8834d,35217.71,1712002994,246
40984102,5864.96,1712002995,267
63011dcc,46388.05,1712002996,379
d833799d,2632.06,1712002997,157
159e9f30,20926.15,1712002998,242
bc37105d,5630.34,1712002999,369
93711771,35808.89,1712003000,220
3078ab52,31527.21,1712003001,344
f351c87f,23166.21,1712003002,412
38b16456,39961.28,1712003003,118
6979b01b,19682.35,1712003004,354
d4449ddf,3510.1,1712003005,153
164ac585,23378.44,1712003006,302
8f65a312,13818.67,1712003007,241
d1fa02fe,42949.48,1712003008,221
33bc5943,3078.2,1712003009,106
e5e59a47,27436.05,1712003010,442
946a1c73,29078.6,1712003011,235
bf4b461c,16904.7,1712003012,345
8b7fd5b9,15248.81,1712003013,345
6c076014,24882.47,1712003014,177
4e24b1b9,29866.12,1712003015,380
69c9113a,45832.87,1712003016,157
73faeee6,39999.77,1712003017,144
1785f777,13895.11,1712003018,492
27a9ef53,19956.11,1712003019,449
a2d18d3e,22013.65,1712003020,338
408544f6,28360.93,1712003021,154
91b10930,13937.77,1712003022,304
2a166274,11340.29,1712003023,478
a6c421e4,43766.32,1712003024,114
c951b87a,48146.88,1712003025,193
56e8a58d,16267.1,1712003026,269
50e08f0c,15597.99,1712003027,476
c741f81b,39268.53,1712003028,493
3b0af3bf,41028.21,1712003029,267
d75efc85,30820.44,1712003030,192
ecca4305,4529.79,1712003031,340
e703f7f4,6161.53,1712003032,324
4353ce8d,35546.37,1712003033,406
dfb200e3,9248.44,1712003034,411
6284bdba,44030.73,1712003035,373
4447c71d,23071.73,1712003036,340
f36fd4f9,1507.08,1712003037,383
a76c3c9b,8325.04,1712003038,258
fc2eae8f,45594.52,1712003039,447
37abb926,3342.08,1712003040,148
b90abc47,7633.87,1712003041,474
185c956c,7475.46,1712003042,413
33d9145c,34584.78,1712003043,409
2129289e,19887.82,1712003044,416
da69cbfc,9021.64,1712003045,141
6e5868d0,17845.23,1712003046,469
9a8cd9aa,43200.52,1712003047,214
14726423,26549.86,1712003048,244
af3698ca,26843.38,1712003049,466
1df1b735,33747.11,1712003050,301
22d23f44,30418.39,1712003051,444
a8295919,42464.34,1712003052,256
abbc5cb1,8347.49,1712003053,339
60f0153d,48502.96,1712003054,221
092b6440,40455.75,1712003055,144
2954fffd,5790.27,1712003056,183
652f3176,43121.17,1712003057,219
e762d6f6,49930.99,1712003058,392
2037579c,36302.8,1712003059,456
02ee2272,17944.11,1712003060,377
d86a86a7,25646.05,1712003061,143
5acda9e0,23702.14,1712003062,162
aa562966,48991.35,1712003063,218
d5d4f783,22533.14,1712003064,445
c2a12301,5006.03,1712003065,113
490e3676,21063.0,1712003066,147
092c2740,14798.07,1712003067,355
e9b77ded,25094.36,1712003068,127
a52dd8fc,11800.21,1712003069,144
7b77ed03,45490.18,1712003070,204
586488af,40559.1,1712003071,397
98269945,4832.12,1712003072,318
ef13cdc8,33335.69,1712003073,359
29d4e43d,35762.34,1712003074,245
e67819bf,16642.76,1712003075,472
ea2a6744,32569.35,1712003076,173
d104da4e,20855.74,1712003077,169
398f6d0e,17499.4,1712003078,349
85c21b26,44442.57,1712003079,228
54106a88,12143.4,1712003080,488
a650caf1,15414.85,1712003081,221
7f235321,42473.94,1712003082,198
d99a4575,15755.14,1712003083,162
c15ea8da,39909.55,1712003084,133
9f896ff7,24912.31,1712003085,322
4b231b80,33142.01,1712003086,323
476cfa18,26003.61,1712003087,486
3bba4a69,16864.41,1712003088,388
f4c5be33,26702.57,1712003089,255
3131c40f,29474.57,1712003090,266
23ad530f,28574.04,1712003091,302
10e29dc3,29789.32,1712003092,224
2b908257,16991.12,1712003093,329
4a460107,8053.33,1712003094,400
2e2f67d9,15404.45,1712003095,495
8177b987,19749.27,1712003096,322
132b4b53,9078.99,1712003097,124
26f1c96b,11414.75,1712003098,112
853626ca,18638.09,1712003099,224
0742b386,47645.68,1712003100,135
be695c64,4665.56,1712003101,267
92969a42,40396.2,1712003102,112
303dbed1,25443.97,1712003103,488
926cdaa1,34023.94,1712003104,303
04dd6da5,2399.19,1712003105,443
0ba29fc5,8250.17,1712003106,155
7153c37e,21905.86,1712003107,459
c5678985,14258.58,1712003108,244
fa29699f,26458.71,1712003109,105
44e38f4e,47337.94,1712003110,195
f962413b,38257.76,1712003111,411
1997ca8c,39142.99,1712003112,499
e2c21f2a,36481.26,1712003113,415
2282ee18,29319.3,1712003114,246
11c3ddb2,32053.83,1712003115,424
5d8b50f6,32614.5,1712003116,248
3b66c886,19291.46,1712003117,180
ed45da1c,9551.45,1712003118,355
4fe58820,8844.18,1712003119,269
c82be657,41956.13,1712003120,117
7f8b84a5,36458.19,1712003121,386
f90a864a,32067.88,1712003122,262
11b2f673,38421.4,1712003123,202
028797b0,41398.48,1712003124,140
be75616e,49295.85,1712003125,487
b26d42c3,22740.79,1712003126,218
7092e54b,28697.41,1712003127,400
cddb71e8,26695.23,1712003128,256
34c9c5dc,42404.11,1712003129,314
69e67dac,35206.03,1712003130,347
669b1c54,35669.34,1712003131,287
f3ead415,25668.7,1712003132,142
a18502d2,2959.3,1712003133,283
287ff4f9,27970.01,1712003134,485
44d3a0e2,29665.24,1712003135,362
cb82dc57,33687.25,1712003136,283
f0aedb4b,32482.95,1712003137,445
c9010e2c,23329.06,1712003138,400
a9204547,37638.05,1712003139,320
fa912de3,17311.51,1712003140,320
66fbc2f7,16879.21,1712003141,223
4d4c0ef5,21740.57,1712003142,400
7db607b2,27237.16,1712003143,149
9acfdbe6,41794.69,1712003144,182
eb54e899,48599.61,1712003145,246
e5cab92f,48405.9,1712003146,102
d345fb0d,41926.8,1712003147,270
59152507,35970.25,1712003148,261
10e44788,2947.42,1712003149,445
23acd452,40278.92,1712003150,468
2416e2c6,3043.51,1712003151,480
2946692d,44956.39,1712003152,116
8abec887,3124.5,1712003153,495
f07473e6,2698.02,1712003154,206
e1856835,31181.83,1712003155,275
ec081d9e,30734.98,1712003156,330
790c7a6a,49934.13,1712003157,257
7639fbdb,20859.79,1712003158,346
1e4c97da,6440.21,1712003159,416
5cbadf54,23113.64,1712003160,113
f8e1bc23,15111.19,1712003161,136
7e2eaa67,40208.56,1712003162,302
02cb8462,29911.3,1712003163,461
55f55af6,49360.05,1712003164,436
672de073,36809.49,1712003165,314
5369865b,43660.94,1712003166,225
c44c8392,1318.58,1712003167,482
1b6e2f80,9719.78,1712003168,139
afe77cf6,32690.66,1712003169,494
23dd2dfc,7559.07,1712003170,168
cd463063,15802.79,1712003171,489
f9ed7899,39208.27,1712003172,465
9eb8e600,25650.04,1712003173,369
14519478,15143.24,1712003174,401
f8b88c08,48922.65,1712003175,449
de75dfa6,4944.49,1712003176,310
c16a80e4,42084.89,1712003177,480
e0fde01e,8913.63,1712003178,235
d346ae66,1144.72,1712003179,159
5e9d9ec6,29425.5,1712003180,177
648635cd,36269.35,1712003181,499
71c48a64,12156.8,1712003182,176
151d876c,48041.91,1712003183,456
ecdc0f6f,16657.95,1712003184,269
e42ec7a8,16745.31,1712003185,439
b48b1d77,45272.93,1712003186,470
dbca203b,4921.22,1712003187,170
0e8207d0,21968.0,1712003188,398
b54a7379,49406.04,1712003189,231
2b23035f,2028.37,1712003190,481
00d9b9ad,30942.24,1712003191,308
a80c8744,24922.88,1712003192,351
a10f61ba,2768.55,1712003193,340
9afe0470,1575.17,1712003194,291
1a02e3ef,22350.34,1712003195,134
7ca34756,21661.43,1712003196,335
fb10a8d4,6708.1,1712003197,163
94de30fe,26679.85,1712003198,187
4884b52b,41887.51,1712003199,404
2ff7cdaa,13879.65,1712003200,222
c4ff70bf,20739.03,1712003201,141
cb22ed3f,4293.98,1712003202,466
db9d836f,37717.66,1712003203,201
06ca8e8a,25261.97,1712003204,431
ae3d9223,11155.68,1712003205,244
ecbd29d8,10330.38,1712003206,457
6beeda1e,26936.39,1712003207,483
4dae57bf,34691.75,1712003208,414
f8ee0f00,4203.18,1712003209,390
6e3a7dc8,47718.32,1712003210,207
f2ff5a11,6559.06,1712003211,104
97cfb165,16789.47,1712003212,499
db42b9f5,40041.64,1712003213,290
f6e324f0,7051.01,1712003214,212
aea62aae,28177.65,1712003215,135
856dd53f,38762.26,1712003216,465
493584e6,25365.39,1712003217,363
dbf91d34,14588.43,1712003218,261
fdc4310c,14281.56,1712003219,324
39fc3bd1,16677.18,1712003220,303
10f44b3a,12178.43,1712003221,251
0364d63f,34129.67,1712003222,144
5d2b24d1,8273.18,1712003223,234
3b5bc829,18902.73,1712003224,307
7b33467c,40794.72,1712003225,445
f4bad65b,35765.16,1712003226,450
9888a4d2,9086.9,1712003227,173
6474c054,47082.54,1712003228,362
5120ee8b,28611.27,1712003229,265
7224f8a4,28132.27,1712003230,488
5e23ea1f,27241.16,1712003231,422
324fa28a,49544.16,1712003232,408
920c95d0,4019.77,1712003233,318
a1fa57b4,13069.43,1712003234,450
df8a2ad0,13232.09,1712003235,368
cb8f6dd0,22508.2,1712003236,450
5158c573,5037.93,1712003237,479
69649a5d,32164.12,1712003238,335
24660c5d,24476.88,1712003239,321
9b280ecc,31177.61,1712003240,282
e84dba68,34331.39,1712003241,491
94e8b0e7,12549.24,1712003242,360
cab2c38e,11054.81,1712003243,348
682137ae,10718.09,1712003244,347
72d511c4,19298.75,1712003245,379
2b4757bd,21243.88,1712003246,407
efe13a2d,16217.0,1712003247,431
748911f1,25081.3,1712003248,375
7c7ef82c,47513.41,1712003249,395
455e1c14,17900.33,1712003250,197
a3aec949,45738.74,1712003251,370
e29c2936,42934.3,1712003252,284
e554b4d4,34996.15,1712003253,381
38f7f342,7273.06,1712003254,416
e0aa9111,41181.57,1712003255,384
99c354e1,39146.24,1712003256,391
cbfb5bfb,21902.18,1712003257,235
5ec0d69a,32573.35,1712003258,129
fa878082,13296.04,1712003259,451
a1039358,43121.25,1712003260,409
b0dd54fd,32224.13,1712003261,437
0c2ab6ca,9755.99,1712003262,280
bc710d34,8724.13,1712003263,213
ba5c6d76,8180.02,1712003264,448
316546cc,12995.52,1712003265,317
1075fa1c,43199.98,1712003266,450
eb84a3ea,1289.81,1712003267,186
45a4af82,9027.92,1712003268,222
bd7e2070,26301.32,1712003269,271
6941fad7,7123.4,1712003270,218
a1fd2077,40702.9,1712003271,334
7c026733,30015.88,1712003272,348
a2dcd527,1025.45,1712003273,283
79a41640,33274.68,1712003274,458
7cb6d7d4,21029.29,1712003275,212
b2d005de,44394.59,1712003276,146
a3e31e8a,21120.92,1712003277,320
a90aa2af,19987.39,1712003278,121
ef695ce9,31051.63,1712003279,232
7ff8b5ef,15292.06,1712003280,128
a4327889,4369.17,1712003281,360
afb93276,16825.84,1712003282,129
6b33a18e,27491.24,1712003283,187
133cd91a,17945.28,1712003284,450
1c479502,38809.71,1712003285,360
00f9b5da,14728.18,1712003286,192
b299fe0d,29730.1,1712003287,339
1478c397,11748.24,1712003288,227
c17e0c7b,49564.41,1712003289,363
ac7a14d3,32081.06,1712003290,434
14eb6e75,36769.04,1712003291,297
5b86e40b,49596.65,1712003292,437
84bb6508,45654.75,1712003293,142
39da3b7d,24185.54,1712003294,461
a3066356,1821.07,1712003295,169
11fc579c,20603.15,1712003296,437
375591af,12432.98,1712003297,324
3528075c,21857.84,1712003298,274
7d5cbf47,9954.2,1712003299,254
aa216660,17158.38,1712003300,413
b4b947e6,45870.82,1712003301,191
8ae47a47,33882.15,1712003302,454
58829e80,22326.76,1712003303,149
44d4c039,13560.57,1712003304,361
41a5649e,40219.95,1712003305,320
4ca90662,41771.12,1712003306,355
a4539302,5983.28,1712003307,121
997fbc37,12085.35,1712003308,137
45ecdf5b,4735.19,1712003309,272
c681f721,27084.05,1712003310,325
594f31b3,3812.6,1712003311,459
7a370b41,34299.71,1712003312,262
7b2f078f,26523.65,1712003313,114
f855a1a8,35977.67,1712003314,208
eb261616,39325.99,1712003315,447
ebd5ab3f,30931.95,1712003316,147
492e7dc7,1518.66,1712003317,341
7104ebd6,6298.87,1712003318,471
702bd1ee,42565.66,1712003319,257
7a964590,17941.36,1712003320,445
8814ecaa,42715.34,1712003321,107
d079f2a2,35925.02,1712003322,433
a1394a95,2173.8,1712003323,308
cf54f636,39423.99,1712003324,476
fe4e2d21,39515.44,1712003325,166
414eb175,1898.62,1712003326,147
e1ae0026,22402.59,1712003327,342
e93d8d22,31749.9,1712003328,171
ca613877,39674.87,1712003329,101
f3c64948,23665.79,1712003330,321
426bf678,26089.88,1712003331,113
21a9c80c,36179.44,1712003332,366
6b196bc5,42469.51,1712003333,198
90ae17d8,28550.41,1712003334,293
ed5867ef,24849.26,1712003335,116
43f8bf05,41207.58,1712003336,245
d32cd35c,28761.56,1712003337,235
0d1657f7,21150.33,1712003338,136
1bac41b6,20809.55,1712003339,344
d7a9a066,23918.02,1712003340,498
cc67adbe,4122.25,1712003341,105
bd92b7f5,31069.92,1712003342,264
df11518c,41913.65,1712003343,456
a927adc1,28755.86,1712003344,449
e95b04bc,47148.2,1712003345,127
b02251ac,11511.25,1712003346,476
6faf57d5,35172.4,1712003347,435
41f02ca4,33479.67,1712003348,343
4ec521ff,15758.71,1712003349,465
93cfe0f4,2999.52,1712003350,221
dd7108f7,38626.92,1712003351,269
413f7541,14348.66,1712003352,291
a45eee2a,2198.62,1712003353,487
d52a25c9,39052.17,1712003354,477
c179806b,35668.52,1712003355,464
4fb4b40b,43423.18,1712003356,300
37b4c2cb,3724.89,1712003357,314
23fb9002,26196.61,1712003358,115
531de4c7,32136.74,1712003359,410
4126e56f,1202.81,1712003360,282
e6d64bd5,41484.22,1712003361,125
c2bfcf7d,48890.86,1712003362,215
7b0d12d3,17243.0,1712003363,418
fed1ea77,8497.31,1712003364,286
8a2fd4ec,1099.14,1712003365,391
932a5f59,14190.24,1712003366,380
6f36560b,37937.48,1712003367,490
8a7c075a,33322.36,1712003368,317
da6dff82,20506.41,1712003369,273
5a87d4ee,45602.24,1712003370,245
8b236a01,47779.49,1712003371,386
86ea4b21,20850.68,1712003372,205
39be0a79,39130.35,1712003373,246
783235fa,23500.03,1712003374,388
7a70240b,40179.05,1712003375,458
cffe12c0,35453.23,1712003376,187
f43bf457,5284.14,1712003377,432
55b22621,5661.31,1712003378,322
c313ba60,34878.58,1712003379,362
43e3c0db,44969.47,1712003380,239
2042c379,7767.2,1712003381,478
5d1f8bae,6789.04,1712003382,396
0801d385,25670.5,1712003383,145
dfa50497,5915.54,1712003384,422
8fb51ec9,33685.3,1712003385,278
29c7833b,33563.54,1712003386,256
e484c657,32330.02,1712003387,406
49f6f0f1,32689.32,1712003388,268
47703a22,11198.03,1712003389,317
a2453fc1,17490.73,1712003390,204
c4f1386c,28498.96,1712003391,422
8fec9fac,39818.41,1712003392,319
8e73c451,30883.03,1712003393,331
a065c830,36208.13,1712003394,122
a5588bf4,31616.12,1712003395,309
d5160939,23968.25,1712003396,110
8b68164e,46603.9,1712003397,188
1963de7b,33176.37,1712003398,242
20130653,43510.49,1712003399,280
1e71125e,41780.72,1712003400,212
168bcd35,44667.59,1712003401,423
aaeaeaf6,2511.38,1712003402,458
43f6b598,33773.65,1712003403,380
347b8cd9,43770.23,1712003404,345
7fa8c050,23109.49,1712003405,264
13461936,39055.52,1712003406,304
fbd5322a,15483.11,1712003407,117
585668c6,35575.99,1712003408,329
f2d24e76,24313.42,1712003409,315
1d800c50,27239.0,1712003410,158
b1f17bc4,10337.24,1712003411,372
5662cdd4,27113.77,1712003412,414
119de278,23242.52,1712003413,206
22c0496f,8744.7,1712003414,400
b386120b,46305.35,1712003415,473
6796295b,1462.65,1712003416,382
7db2782a,7437.02,1712003417,311
87686b40,6807.32,1712003418,106
585c5565,17030.76,1712003419,490
6bf0e4e8,43522.36,1712003420,397
85e2de2b,20401.21,1712003421,477
b67d7f92,27466.8,1712003422,464
cb4eab2b,49488.72,1712003423,453
f0ba5ba4,44988.96,1712003424,301
d41fee87,5179.58,1712003425,162
f32b6834,20173.13,1712003426,224
da29ca36,26197.08,1712003427,335
bed6e71c,30031.3,1712003428,272
91432923,45070.98,1712003429,252
5be2afbb,8567.44,1712003430,245
a9916d0e,46822.49,1712003431,278
bcb03030,34678.2,1712003432,288
c5ad73d0,6888.45,1712003433,165
3db320cf,48298.47,1712003434,212
2fda05b7,14497.01,1712003435,297
414b117e,43759.34,1712003436,177
cb30608a,41910.99,1712003437,187
5d0c6414,22706.96,1712003438,126
b462ea58,3168.15,1712003439,105
3f9ba2ff,18765.56,1712003440,188
5b13527b,42594.15,1712003441,132
ede1fc1a,22871.96,1712003442,426
968f4fa9,10051.67,1712003443,165
9af52091,40360.73,1712003444,183
549ab8df,4950.73,1712003445,328
c4044f99,40198.24,1712003446,411
45305358,4538.0,1712003447,113
414036c7,41453.87,1712003448,280
5b454cce,32350.61,1712003449,285
d8d9088d,44405.43,1712003450,336
63edcdb3,27911.9,1712003451,420
30bac8c9,33168.51,1712003452,325
97e81e20,46767.93,1712003453,470
1cc428fb,23275.26,1712003454,341
33025053,47556.43,1712003455,446
06ecdd99,12887.07,1712003456,457
ffc9c5fc,7875.59,1712003457,458
78056212,43485.5,1712003458,448
9d9d31bd,34584.43,1712003459,430
87638d71,18041.78,1712003460,182
3b621ef6,44755.21,1712003461,367
e7cd7447,6261.18,1712003462,417
a2372c0a,43520.85,1712003463,356
d018dce2,36922.96,1712003464,310
fb55bf8b,19920.96,1712003465,332
2130d49c,46723.35,1712003466,195
dc882257,14524.52,1712003467,358
47c73911,41119.7,1712003468,160
de3b1739,22726.98,1712003469,493
4dbddbbb,3861.87,1712003470,424
bd33c2b9,15745.39,1712003471,302
2cdd5787,31241.56,1712003472,407
96c09e9b,22650.1,1712003473,139
c9cfeb4e,36889.37,1712003474,314
dc7a7521,24322.35,1712003475,300
de257276,27230.71,1712003476,493
22027627,44934.86,1712003477,292
80ef095c,16679.3,1712003478,215
86b867ce,37838.87,1712003479,460
e5420a54,27000.55,1712003480,105
5582db2a,12653.67,1712003481,307
ae9f98b8,6942.38,1712003482,460
ca15bf18,10455.74,1712003483,216
a9c78958,5305.89,1712003484,376
c51b8674,37144.98,1712003485,138
6d07a457,21174.17,1712003486,366
30e152b8,22559.16,1712003487,216
7e78945a,24239.33,1712003488,236
cd94aaad,25281.71,1712003489,129
6ba6ac18,28168.14,1712003490,392
b9d8902c,28722.77,1712003491,230
e8a9a2df,37958.33,1712003492,284
4ab5dd24,30792.76,1712003493,410
6249c624,47810.27,1712003494,475
8a0b628f,21206.37,1712003495,444
489106b0,18203.89,1712003496,276
e01dec16,8486.98,1712003497,118
88959dc5,15194.67,1712003498,180
a9edc6bd,14066.1,1712003499,319
b551171d,29298.34,1712003500,312
1cb161eb,13568.87,1712003501,177
11e508ef,20139.0,1712003502,142
0d8c096d,10661.51,1712003503,321
83b61f76,31077.44,1712003504,340
3c3c6c46,19572.64,1712003505,293
99b43b9b,48758.91,1712003506,423
91e090ff,15095.26,1712003507,118
458cd452,21557.28,1712003508,108
4151b9f7,32204.52,1712003509,181
e0c0582a,48300.65,1712003510,145
14152830,48003.21,1712003511,346
49ed6f07,49772.62,1712003512,377
2eddef4e,4672.38,1712003513,329
03358a40,32247.66,1712003514,306
a8076032,44282.07,1712003515,327
d46e94e2,2087.13,1712003516,196
55d2a046,14644.64,1712003517,110
acfe8df0,24702.86,1712003518,163
98670196,27120.78,1712003519,343
f03244c6,48490.33,1712003520,262
86ff1d5e,17691.38,1712003521,390
554fa98f,5896.5,1712003522,401
98863d47,30778.41,1712003523,485
83e4bf60,25108.58,1712003524,482
924e0385,32069.87,1712003525,323
13c6c4b4,2461.12,1712003526,289
8673d6ee,5865.98,1712003527,175
e8138b5c,42075.49,1712003528,144
f0d27ac6,21163.67,1712003529,397
87f1ff2c,15246.27,1712003530,417
83729fd9,22718.18,1712003531,377
faf1b177,7211.55,1712003532,410
85ed4eee,34281.02,1712003533,467
9ddec66b,26902.69,1712003534,121
b2c00e09,41179.14,1712003535,189
4974519d,24889.5,1712003536,466
332c88c9,33184.75,1712003537,209
a88da7fc,37736.19,1712003538,241
90c78dea,16418.67,1712003539,102
80cf6cc0,40705.9,1712003540,244
37ea80da,42193.06,1712003541,150
b26997d5,30450.54,1712003542,184
57834a42,40102.47,1712003543,171
81eb0f17,28139.51,1712003544,416
a232640d,48713.28,1712003545,341
a6c71641,4675.42,1712003546,116
304e97be,19690.73,1712003547,423
db77676e,37556.13,1712003548,440
8410ef27,48394.22,1712003549,238
1cc0fe33,45617.61,1712003550,315
67a5f0f6,24796.4,1712003551,320
e80d53ca,1739.18,1712003552,441
a0355d22,10465.1,1712003553,238
f3e54aa1,26700.09,1712003554,309
fc62f32d,4796.8,1712003555,454
7789da28,12182.19,1712003556,104
b5353bb1,4187.63,1712003557,381
d5120727,44258.19,1712003558,476
9584486b,38918.95,1712003559,181
ebbcc603,18355.33,1712003560,177
0119824f,28698.56,1712003561,334
f85455d7,18407.79,1712003562,405
0f9d3cb5,31167.87,1712003563,306
e4558c8c,5246.86,1712003564,407
1a58886b,37026.92,1712003565,314
ba98503f,12413.51,1712003566,113
163cfa36,33156.21,1712003567,384
9a386353,9829.74,1712003568,446
3096a606,3203.1,1712003569,229
9705f302,32613.4,1712003570,154
1e5cd540,37516.22,1712003571,145
b2e1c333,27020.29,1712003572,180
71777d48,44488.25,1712003573,199
4f0d3349,26536.7,1712003574,102
65765afc,42488.01,1712003575,409
728a3250,42629.27,1712003576,338
c94c6e16,41871.8,1712003577,162
bfad7deb,20680.17,1712003578,339
d9081cf9,21965.61,1712003579,260
639a9bb2,41673.53,1712003580,481
4ee5d533,38775.83,1712003581,285
78e4a934,48389.4,1712003582,169
52f87f3d,17815.09,1712003583,231
71a36bdc,28012.8,1712003584,391
7a04aa4c,20425.24,1712003585,450
0467b791,1334.18,1712003586,348
f8842b45,17291.07,1712003587,319
a88840be,41556.55,1712003588,186
406cd75c,2395.92,1712003589,321
947cecd5,6473.48,1712003590,409
0a9f7dbf,41871.65,1712003591,414
0940ab3a,14063.24,1712003592,185
f835322c,46660.0,1712003593,136
698f060f,26419.96,1712003594,225
f4aab538,6724.86,1712003595,204
3b66b988,42164.28,1712003596,295
6ef7a921,21373.97,1712003597,426
3d780c10,16999.2,1712003598,231
4882ca35,14198.94,1712003599,288
a0da3b54,15061.49,1712003600,220
215eb262,45715.65,1712003601,481
9a9c2c76,24563.41,1712003602,444
81ad21ce,44135.54,1712003603,276
0e100230,47839.09,1712003604,318
1bc0d9c9,34411.23,1712003605,459
ddc35ca2,35492.25,1712003606,109
7bc368b7,32647.29,1712003607,382
3dd2c1c6,42242.45,1712003608,164
a628044e,22138.06,1712003609,362
fe5a6317,37708.98,1712003610,190
4276a02e,13968.5,1712003611,217
e91180ae,25296.09,1712003612,147
ffe45fe6,17041.8,1712003613,258
34f5281c,5200.8,1712003614,293
1c8994d2,19926.76,1712003615,476
c7ff6a20,6521.41,1712003616,336
63ca8d7f,43336.95,1712003617,407
0b6be6fb,43964.09,1712003618,455
03d0faa7,45666.91,1712003619,294
2f360cc8,11720.29,1712003620,424
07546493,18518.2,1712003621,317
1f239aa8,38925.61,1712003622,187
646fb525,25530.49,1712003623,499
c1b3afd5,42735.59,1712003624,274
15ca249d,46730.51,1712003625,335
e90f9b34,10845.44,1712003626,195
d8fabb4a,18966.43,1712003627,303
d2d0b39b,31126.18,1712003628,310
c231b4d8,33217.47,1712003629,248
d3a18be6,38467.01,1712003630,379
63f50b9b,25960.5,1712003631,453
8d1ff2a3,20038.52,1712003632,259
abd51cff,41609.39,1712003633,454
ce9b4daa,22311.79,1712003634,489
674e51cb,36458.02,1712003635,199
30215c2e,9584.48,1712003636,294
6eeff636,36334.06,1712003637,483
6ad5687d,42917.86,1712003638,401
a6d81ca7,42290.76,1712003639,329
a2257c75,18499.19,1712003640,474
3934dde8,12295.48,1712003641,129
5c262435,10610.93,1712003642,417
a6f31843,44160.68,1712003643,420
169b5a36,7888.67,1712003644,204
315ec44f,5391.08,1712003645,149
198589b1,9496.92,1712003646,178
d977af13,44179.59,1712003647,104
1828321b,36514.92,1712003648,354
c323168f,12784.28,1712003649,161
4d8c5116,4315.75,1712003650,354
6c3d77b5,38540.66,1712003651,394
f7077e7b,34873.45,1712003652,432
fce7f2f8,31911.49,1712003653,333
e18ba635,37502.23,1712003654,122
1e546a15,36904.83,1712003655,459
bc5705f6,41968.79,1712003656,488
a277f7b5,18661.64,1712003657,249
992c0af6,21693.62,1712003658,413
c23527b6,25506.69,1712003659,251
87fba870,29867.71,1712003660,297
a1a78097,30486.12,1712003661,347
5ebd6675,31153.5,1712003662,313
53c3e772,43518.86,1712003663,436
12917f54,20875.15,1712003664,407
b2b41252,44332.66,1712003665,428
6e13b8ec,49651.61,1712003666,100
be230ba6,33148.67,1712003667,469
59ce67da,12459.15,1712003668,302
49da6f84,30985.23,1712003669,390
01d61734,6960.58,1712003670,285
d166786b,32436.81,1712003671,269
dc0bc4a0,44896.33,1712003672,248
ab6af299,29199.6,1712003673,471
e2d729eb,1715.28,1712003674,271
842ce742,21642.82,1712003675,419
77c07684,35607.61,1712003676,360
6774231e,3861.18,1712003677,333
6a4682b3,1065.47,1712003678,148
1146bead,22451.54,1712003679,203
c231179b,39983.08,1712003680,109
9e965e70,42794.32,1712003681,356
6e499bf9,14096.06,1712003682,320
37ae6c1b,19953.36,1712003683,142
db54d46a,48855.59,1712003684,125
ea26b477,11574.82,1712003685,352
0c8659b0,12918.1,1712003686,422
4c12a1e9,32602.59,1712003687,405
929b51d8,49458.35,1712003688,338
24cea20c,37109.27,1712003689,102
3ad172b2,22093.38,1712003690,298
50107b10,4689.41,1712003691,290
9dbea116,49678.48,1712003692,498
1522ee20,40631.22,1712003693,444
f567ef57,7122.78,1712003694,149
4e9af5be,13309.7,1712003695,204
830471c5,30805.57,1712003696,490
b1b9eb17,32481.65,1712003697,179
4e0ae214,6334.06,1712003698,378
ec90f16e,28664.36,1712003699,234
6f9cdf9f,3665.48,1712003700,137
c17fa654,30452.5,1712003701,439
e9be48ed,5192.5,1712003702,154
e6aada8d,38789.08,1712003703,295
5e52f037,30968.49,1712003704,422
e681aacb,24108.39,1712003705,373
b247b380,33656.59,1712003706,258
b3768cf4,32242.99,1712003707,448
df544e41,27485.85,1712003708,270
2086f18e,24477.28,1712003709,199
599560b5,14719.7,1712003710,210
514da2e3,10541.94,1712003711,291
b896e656,7741.33,1712003712,224
3f3ce28f,23296.88,1712003713,258
e7d26544,29166.58,1712003714,119
62ae3140,34475.79,1712003715,237
1ce943af,13054.33,1712003716,376
c06aaf84,33266.52,1712003717,404
35a68591,1838.25,1712003718,439
5f62f7e2,38792.14,1712003719,278
1e85494d,22679.96,1712003720,481
12159b20,12093.97,1712003721,313
715dab75,33833.43,1712003722,168
ad6c0fa7,1676.81,1712003723,350
20e5d9eb,8131.47,1712003724,171
382a5c7a,24288.62,1712003725,100
a735ac3d,14955.62,1712003726,471
a20a0746,43473.2,1712003727,233
29bcdab3,20391.32,1712003728,327
3b956347,15279.76,1712003729,360
1ed9fa5b,27247.71,1712003730,172
ae3e5039,42346.88,1712003731,288
c820f2a1,39483.27,1712003732,471
efa1e1f0,10076.47,1712003733,319
274abc60,41449.35,1712003734,264
c40e1c28,31055.99,1712003735,135
92b6297e,32244.96,1712003736,334
0fca32ef,30134.06,1712003737,259
6bf75d0a,12038.99,1712003738,224
eca3deba,45902.86,1712003739,180
f22fb8b7,21102.06,1712003740,429
afcef76f,15246.1,1712003741,318
d80dffaa,42762.18,1712003742,409
66fb9914,48131.82,1712003743,173
ad58658b,17979.64,1712003744,179
f84b7f96,4070.5,1712003745,493
dbf55d12,10207.88,1712003746,412
59bdefc6,42250.71,1712003747,403
cf7fac69,45413.17,1712003748,156
e589174c,35315.48,1712003749,192
b281ac58,33934.07,1712003750,176
e617d1b3,41190.73,1712003751,433
2d61db1a,37460.32,1712003752,327
51b429da,21139.11,1712003753,432
29bc64ea,37922.69,1712003754,389
f9db15e2,8340.78,1712003755,279
8ed3b86c,29597.39,1712003756,446
c40c8f73,12884.61,1712003757,426
eb4b78f6,12520.29,1712003758,303
1ef4fd87,33722.3,1712003759,258
cf3910ec,27470.58,1712003760,450
58950cc1,35602.8,1712003761,109
29251260,21187.45,1712003762,373
9b2b2fd1,22499.57,1712003763,393
4c5cc215,48401.47,1712003764,345
25e59094,1056.69,1712003765,269
40f9c821,48300.91,1712003766,375
ef27cb58,25478.33,1712003767,427
87a042c2,42223.46,1712003768,311
02505810,20538.67,1712003769,277
5ae1fd3b,18027.4,1712003770,149
40f56acc,49501.36,1712003771,362
89f69f28,16261.8,1712003772,262
8925ccdc,1645.32,1712003773,200
fcc45a2c,34158.89,1712003774,145
0738f384,40043.15,1712003775,434
258c1f23,14325.26,1712003776,254
216931fd,23717.78,1712003777,496
390b92aa,47400.01,1712003778,129
23996c0d,4183.38,1712003779,255
7a2da3c6,14922.4,1712003780,135
bb306a40,21991.38,1712003781,293
985d9658,25695.94,1712003782,349
6a25a0d5,5126.33,1712003783,459
ffd4f36b,12040.7,1712003784,329
f195ca0a,37650.46,1712003785,282
2f9a0d0a,22693.51,1712003786,484
f3416dea,4927.01,1712003787,340
e06c5b90,14826.36,1712003788,263
57b37f46,20302.17,1712003789,409
b08e3e46,22132.42,1712003790,192
bd70f420,7369.09,1712003791,185
5deb00e2,10880.15,1712003792,465
3ddc3853,21413.32,1712003793,271
37e426f1,45568.89,1712003794,135
df77b2fc,8789.34,1712003795,258
87d7de56,49170.56,1712003796,217
84181965,32820.25,1712003797,192
318735dd,32052.14,1712003798,343
01556099,24686.33,1712003799,416
0b9fab29,19586.79,1712003800,330
d70152e4,5862.66,1712003801,166
be31dd2a,25758.65,1712003802,166
baec4e28,43605.99,1712003803,127
203f90f9,31204.73,1712003804,378
d749b8f5,49197.98,1712003805,322
b69f50d5,5256.27,1712003806,380
65d72ab8,34642.62,1712003807,472
229d57d3,4605.55,1712003808,179
2e6ef3bd,41817.58,1712003809,467
4369dd10,29262.41,1712003810,376
f2c38880,19754.15,1712003811,207
80aae154,44654.5,1712003812,250
090f96d2,20865.98,1712003813,214
46b90712,2233.64,1712003814,480
b633a219,10051.55,1712003815,321
f54c1dd3,3442.74,1712003816,166
8a17a1d1,11335.46,1712003817,298
e7549cb4,47984.84,1712003818,391
549ddbf0,14358.31,1712003819,130
6edf0101,31274.31,1712003820,493
66dca865,42853.79,1712003821,133
3a715e19,47462.97,1712003822,321
675df0e7,14540.09,1712003823,401
0b25ea60,13275.14,1712003824,130
0cf18f03,21739.82,1712003825,314
b32d704c,29305.83,1712003826,389
51aa9a80,41822.85,1712003827,133
55f355fe,12259.97,1712003828,471
992ba352,22184.51,1712003829,312
4fe4b256,35552.69,1712003830,131
bb5a30b7,8290.61,1712003831,356
0ea0973a,48924.5,1712003832,154
ab63755c,46952.75,1712003833,139
edb6ad01,35572.34,1712003834,348
f573facc,16360.34,1712003835,396
953fa940,37450.0,1712003836,317
c6ddb0ea,8677.89,1712003837,403
23bf65a0,41392.7,1712003838,279
ef2a4ba1,23533.73,1712003839,374
6aed0da5,32413.61,1712003840,385
2a290dbd,28291.14,1712003841,338
bb6e7532,26352.2,1712003842,465
198768b4,6710.06,1712003843,336
3c1d4096,5915.93,1712003844,446
f5d62dcd,16789.51,1712003845,209
1810887c,6807.45,1712003846,316
8961203b,30707.19,1712003847,275
361524ad,39045.44,1712003848,330
04642b40,30388.02,1712003849,200
70acd63b,40419.64,1712003850,460
b1ba9c17,49886.73,1712003851,378
60045026,47476.47,1712003852,470
1b502a0d,9083.29,1712003853,494
0c067a03,27347.24,1712003854,209
92df8a30,29404.66,1712003855,332
06042b87,30358.55,1712003856,321
dd26204b,9112.61,1712003857,207
d5c82f0d,8282.35,1712003858,445
e0069b47,39317.13,1712003859,101
e58277e3,36974.47,1712003860,495
554e5d8c,45179.49,1712003861,199
851742ef,49825.9,1712003862,192
e43aa91c,9451.01,1712003863,195
9ef00a39,9316.28,1712003864,241
e897c0d2,32225.83,1712003865,460
3fce197c,26764.49,1712003866,329
bae7dc10,28160.12,1712003867,169
6c8ccee0,25224.45,1712003868,394
4fa9a3fb,14279.31,1712003869,461
12e390f4,28216.53,1712003870,365
819af5fa,23619.01,1712003871,395
3fc3bae0,31475.49,1712003872,358
eab030a9,21106.44,1712003873,436
06f6e3d7,14141.38,1712003874,267
aa545002,15038.22,1712003875,479
f9108283,38109.88,1712003876,378
87c2e30c,7281.98,1712003877,113
f570c1f2,40277.18,1712003878,398
77fbb3f6,41982.39,1712003879,158
3ff5b55d,35725.89,1712003880,446
e1ffee4e,20698.83,1712003881,429
8090f5b8,6626.33,1712003882,394
ae09ec73,6109.23,1712003883,215
162f95c5,9755.21,1712003884,173
39b1eac6,3191.77,1712003885,488
ed6783e8,13479.55,1712003886,428
79bd75ee,19393.29,1712003887,261
5e79fa25,7149.05,1712003888,414
755768b4,5058.63,1712003889,479
0e5d0fdf,16943.28,1712003890,194
fda46a40,46650.27,1712003891,315
f065f460,8106.66,1712003892,366
14c3b749,18207.62,1712003893,423
3d51dad3,32266.15,1712003894,241
a0570bc7,22779.22,1712003895,334
ba9dd020,10336.09,1712003896,432
2628691c,11969.24,1712003897,457
02b09ee4,2830.33,1712003898,272
fcade840,39965.47,1712003899,117
f01dc7ca,1759.11,1712003900,423
6e56f2cf,29687.51,1712003901,367
471af8e1,20210.98,1712003902,383
f267b339,32712.03,1712003903,283
1d24a58f,28656.78,1712003904,206
b73744fe,49277.11,1712003905,216
030a242a,34075.15,1712003906,371
53606143,34152.74,1712003907,464
5a1bad32,35657.74,1712003908,302
681ec920,47849.64,1712003909,264
88581aed,37220.9,1712003910,417
922fe327,42222.19,1712003911,127
276f1ad3,39026.99,1712003912,482
530ee761,8254.84,1712003913,359
92ac0d26,21468.31,1712003914,248
91690912,4343.67,1712003915,255
d2b62c4f,42958.11,1712003916,226
3c1c7dbf,6292.2,1712003917,363
1ee66b2b,19206.64,1712003918,289
6ffcb88d,40000.69,1712003919,252
5e3d3d00,40846.6,1712003920,200
a37598fc,44714.62,1712003921,369
7c188b8e,41234.66,1712003922,293
71235c1b,8771.12,1712003923,291
e29a9a5f,20567.29,1712003924,389
a43caecd,7019.46,1712003925,335
0bdf3bde,34921.52,1712003926,289
7a1014a7,4484.43,1712003927,261
26cae38e,31323.71,1712003928,134
27a50e2f,23590.64,1712003929,468
34904668,45284.59,1712003930,328
75d6d656,31153.41,1712003931,446
9ddc95e7,16417.13,1712003932,303
e27da0e8,12654.02,1712003933,249
e3ba24f6,36729.17,1712003934,237
cf1a4fdf,16659.37,1712003935,162
018d8bda,45532.18,1712003936,384
34dea48e,2114.85,1712003937,392
f868c50e,3234.97,1712003938,283
ea3809d7,42786.97,1712003939,444
d937d462,27335.33,1712003940,328
ae524533,5305.97,1712003941,375
5a62214d,38949.17,1712003942,177
c6974ad8,6241.3,1712003943,311
b8cbd81a,27287.36,1712003944,462
20a93e55,19403.35,1712003945,412
9bb7cb37,43847.0,1712003946,165
fdf66e0e,1311.41,1712003947,321
3a2d4a5b,41612.95,1712003948,315
12fead84,3210.33,1712003949,372
a6362729,10366.06,1712003950,489
62e8b0ed,28297.13,1712003951,156
71331b6e,45039.76,1712003952,358
fc68cfc9,35736.99,1712003953,409
06661a37,3067.2,1712003954,154
a9f372c6,42611.94,1712003955,208
b37bf031,48246.7,1712003956,483
588147e3,4503.24,1712003957,358
d5a71557,40870.77,1712003958,288
0a452f74,23186.33,1712003959,217
61f58660,41971.26,1712003960,285
dfdbe7e0,41151.54,1712003961,255
41b340dc,39748.7,1712003962,388
e828e567,1953.53,1712003963,362
3e84c14d,38414.84,1712003964,112
6e530f04,44485.25,1712003965,140
5f26977c,26125.59,1712003966,263
1b60bd25,43476.05,1712003967,337
b5a2879e,14013.03,1712003968,344
f72e2bd0,4847.66,1712003969,332
b4c1c61c,20967.92,1712003970,482
39dd93b9,44604.7,1712003971,328
3d414f23,16759.37,1712003972,327
86348aa8,35441.91,1712003973,266
d586dfb2,34214.36,1712003974,310
375e8b76,37834.39,1712003975,344
091c8470,48954.04,1712003976,202
fb32dff4,23581.39,1712003977,468
e68604ee,10727.22,1712003978,452
26512b9c,1085.48,1712003979,450
5053612c,8413.77,1712003980,230
d9b69d64,25825.54,1712003981,470
4ce16569,48456.29,1712003982,146
9ab0e2b8,40444.12,1712003983,326
50e7c86f,22051.68,1712003984,498
bbd03cdf,7912.82,1712003985,186
1501bc49,28235.74,1712003986,250
d6d24500,31178.3,1712003987,361
1151650c,42898.72,1712003988,285
ae81dbb0,28148.59,1712003989,499
d946401a,42057.03,1712003990,475
d5217966,46157.85,1712003991,352
445afcb6,47137.05,1712003992,329
571cfda8,5059.39,1712003993,139
8e9d52f0,37292.88,1712003994,254
e67d863f,31511.0,1712003995,254
bf1c4c1e,25801.15,1712003996,316
f2c211ba,3756.45,1712003997,381
75c1f610,18379.75,1712003998,133
6fafe7d6,31156.07,1712003999,484
130a2913,35486.05,1712004000,474
66591f53,48604.04,1712004001,173
60b5d716,48322.36,1712004002,192
17cc3892,44546.03,1712004003,235
4fe8f057,17357.19,1712004004,433
d00861e6,15919.76,1712004005,464
9067d4e3,2812.56,1712004006,182
f6ad1a0d,16024.93,1712004007,466
cc588fc2,20888.04,1712004008,310
2d3a9fad,30206.18,1712004009,180
c52aad99,8144.72,1712004010,343
3188ee6d,38328.24,1712004011,413
3650b0d8,34394.03,1712004012,409
e5f8a257,1518.5,1712004013,421
451050f3,49253.16,1712004014,146
d6e65e88,21992.5,1712004015,156
0d7f102d,18194.29,1712004016,243
922d545a,36001.8,1712004017,169
1743ffca,29478.66,1712004018,319
f48fa9e2,34960.37,1712004019,209
1fd0e5d7,35473.43,1712004020,468
d74bb383,27358.03,1712004021,498
1e6786da,36672.54,1712004022,278
00329e1f,34626.32,1712004023,194
b65e5aa6,17960.58,1712004024,279
ca8146f4,27483.98,1712004025,370
bc82731b,6179.7,1712004026,372
005c28b6,4362.38,1712004027,459
a5843d6d,11870.87,1712004028,133
3b7a437d,38677.43,1712004029,245
e9ea330b,20037.73,1712004030,332
5b9f23d6,17101.16,1712004031,105
898488f3,13993.7,1712004032,188
e81ce125,45411.15,1712004033,410
0dcde7a4,33697.71,1712004034,364
9d50e5c0,40140.79,1712004035,364
df21da92,17805.89,1712004036,142
f2fc4c9c,1375.35,1712004037,458
b94ca1f8,38614.55,1712004038,104
c79e08cc,8571.82,1712004039,237
1fec28c3,16620.24,1712004040,184
36f2b606,42623.1,1712004041,354
9c3828fb,25089.15,1712004042,400
d7fe9ec5,26056.31,1712004043,290
c6e3c05e,29880.72,1712004044,462
ff11bbf4,17368.64,1712004045,326
4afc9b9d,38769.2,1712004046,469
0286ccf1,36229.63,1712004047,124
9ed16f85,48690.37,1712004048,226
a45fe0b2,5527.49,1712004049,346
69eca489,31025.01,1712004050,173
ebd98f7d,22845.63,1712004051,333
09cec224,29552.83,1712004052,230
0d28572f,41520.9,1712004053,472
16053024,3095.25,1712004054,125
7fa6af2c,11903.32,1712004055,104
302cefe5,19606.36,1712004056,401
9a5ccdb1,34067.22,1712004057,347
bd7bf808,35110.37,1712004058,485
48b20126,37680.37,1712004059,380
0907564b,44331.7,1712004060,257
c90b0fcd,9402.86,1712004061,136
309f798e,6352.75,1712004062,202
9b332fee,34877.84,1712004063,195
411daa79,29402.03,1712004064,486
34b81aef,31485.41,1712004065,355
b9c8fe21,2408.66,1712004066,131
4537ff49,46724.57,1712004067,462
4fd7f9b4,3591.28,1712004068,110
608d12bb,11030.78,1712004069,282
35d01acc,30276.63,1712004070,359
510c142b,39155.92,1712004071,479
303c6ff2,24438.05,1712004072,131
2b6841a1,7773.21,1712004073,226
a1855834,28304.13,1712004074,270
f49af9f6,42364.01,1712004075,258
a7796233,13071.02,1712004076,145
67f9fcb7,45570.52,1712004077,255
6ad660cb,35800.9,1712004078,108
999d5b04,42530.77,1712004079,352
316c2bc9,25311.5,1712004080,363
9f4646c2,28754.92,1712004081,456
28f9fb12,24400.64,1712004082,123
95f828a6,9264.2,1712004083,440
aae5f065,16790.69,1712004084,442
1b69c9d0,22785.58,1712004085,282
76156cca,7155.28,1712004086,259
55b78e89,48783.08,1712004087,236
ab1002ab,33793.03,1712004088,387
4f5028b0,32677.08,1712004089,264
b102434d,48551.75,1712004090,335
7f4c325b,13093.87,1712004091,121
fb2a3e92,37229.83,1712004092,407
5732b820,45098.67,1712004093,282
71902d7d,12536.61,1712004094,221
3ced3864,43924.81,1712004095,268
8bf3399b,20416.16,1712004096,254
2ab9a1a4,36066.83,1712004097,471
05e1961d,43129.07,1712004098,278
2cc02aba,40563.33,1712004099,449
490ccc06,26059.92,1712004100,340
5046d650,15903.66,1712004101,189
6e1b1b14,3147.74,1712004102,362
eed1b201,29913.36,1712004103,273
013eb888,12484.02,1712004104,433
2d7a9a24,21551.53,1712004105,204
7b187128,38334.45,1712004106,258
12945152,17812.14,1712004107,297
4fd179b8,1242.0,1712004108,295
43c8bfb2,2883.97,1712004109,249
4780336a,26767.17,1712004110,256
dd0eb2cf,47182.95,1712004111,453
50e3d83d,15764.47,1712004112,376
cc5bbc6b,10797.27,1712004113,223
9bf167db,45193.99,1712004114,273
2a343d2c,40283.73,1712004115,273
dd8b754e,44005.96,1712004116,274
c6906474,28311.7,1712004117,402
962fe946,16111.22,1712004118,238
5426d566,44660.86,1712004119,154
e41443c5,5464.53,1712004120,414
bab38b07,16147.11,1712004121,210
79e9b059,12854.16,1712004122,221
3334408f,13198.01,1712004123,304
900f18fa,48943.73,1712004124,474
b0c8c891,13616.38,1712004125,432
cfc18838,43572.56,1712004126,373
96433b0c,49324.43,1712004127,107
21551ddf,22986.57,1712004128,344
b912027c,40590.19,1712004129,115
df97817c,41026.56,1712004130,185
36ec1303,27817.5,1712004131,251
f87b4ac9,44236.24,1712004132,285
1e0f76b2,31807.91,1712004133,304
798551d2,34302.44,1712004134,175
09116590,31363.82,1712004135,304
38950d21,30657.26,1712004136,484
a508a576,12417.07,1712004137,275
402528b9,20093.2,1712004138,300
64f08f8a,27955.7,1712004139,427
e5430ead,15345.32,1712004140,235
3ddc7682,3709.43,1712004141,390
921a0dac,29996.49,1712004142,379
7c243d00,20773.86,1712004143,114
14dcb975,33993.14,1712004144,383
60b5e6db,14776.72,1712004145,356
a8e770eb,46506.52,1712004146,288
50d06bbc,28943.97,1712004147,465
d6d44de9,21948.48,1712004148,381
2308ec3c,12079.78,1712004149,468
bde85ee6,3491.77,1712004150,316
9feea704,46422.1,1712004151,399
d3b89ad5,13913.01,1712004152,405
3936e3d9,49218.66,1712004153,422
7b79cf05,32069.36,1712004154,208
6cceafc5,25690.27,1712004155,288
d17e2a14,7243.23,1712004156,136
f9f96e15,40646.18,1712004157,219
205f6ee3,13121.33,1712004158,228
ad14a4f2,47047.59,1712004159,418
d8646272,2917.98,1712004160,228
b5d72764,1419.41,1712004161,148
0fc0ad25,9532.09,1712004162,415
118864de,40702.97,1712004163,370
735a6dbd,34121.47,1712004164,312
a7f4ca3a,9509.92,1712004165,362
f95d8736,9965.62,1712004166,171
96d1c0d3,19597.47,1712004167,345
5882d6f2,10915.85,1712004168,322
ceeab47b,46247.73,1712004169,389
b05f63a9,17626.33,1712004170,210
4e3a5cce,5985.74,1712004171,266
bc528566,5550.45,1712004172,441
7149f7a0,48963.44,1712004173,418
3f5f3821,45543.4,1712004174,357
2933d38d,19052.42,1712004175,170
94568604,33600.81,1712004176,338
14dcb729,36831.27,1712004177,253
7fdde050,7798.91,1712004178,458
17f4e187,7946.85,1712004179,349
8f6338d9,41637.68,1712004180,463
a2438d2f,41019.61,1712004181,114
72f35b2b,38778.66,1712004182,341
0821c26d,38712.5,1712004183,387
74681d21,23522.48,1712004184,372
34738a8e,43786.59,1712004185,323
a1fb37fd,40151.8,1712004186,440
52d23d15,24562.85,1712004187,147
37e9c372,21144.06,1712004188,423
eb1b32bd,21311.83,1712004189,276
0a938d37,26473.24,1712004190,395
4f4edbd3,22848.21,1712004191,442
8ca81a4b,17112.15,1712004192,314
4e3e61c6,36463.3,1712004193,390
2eadfc0c,30794.97,1712004194,158
febf5bdc,40380.5,1712004195,404
50025fa1,26495.35,1712004196,100
fa8a704c,10110.0,1712004197,256
ca1eef6b,26057.7,1712004198,454
33b210bd,45753.15,1712004199,235
65159b7e,45675.21,1712004200,171
33e96bd1,24291.79,1712004201,174
d6a613b5,26522.3,1712004202,310
56d2ca9c,44698.17,1712004203,467
d92d3e3d,23745.13,1712004204,122
94154a07,20193.12,1712004205,215
c10f355f,3355.84,1712004206,339
2519433f,29432.14,1712004207,415
84a3e371,26450.6,1712004208,354
cf93f02c,17997.68,1712004209,134
83f72576,18542.84,1712004210,473
3efddcd1,18661.18,1712004211,198
39dddf06,49447.23,1712004212,490
7daaca0a,24021.08,1712004213,483
1dd585b8,45270.95,1712004214,110
ac143f76,38694.53,1712004215,361
ea75b009,28214.21,1712004216,365
8b0d725b,23613.18,1712004217,271
a57bdb01,19788.54,1712004218,314
078fa9fe,28782.88,1712004219,309
a42e4d64,42255.31,1712004220,290
684e00cc,8747.35,1712004221,488
fab441b5,14046.98,1712004222,132
75cd3922,32285.13,1712004223,168
be8b83df,3894.56,1712004224,216
db4fbfe8,37483.06,1712004225,300
d0058983,12483.67,1712004226,209
b4cfc742,25818.28,1712004227,344
5e9f4293,16427.17,1712004228,338
396f04d4,42033.68,1712004229,193
358338d1,16366.61,1712004230,285
5bb5c878,49180.29,1712004231,253
55a3db8f,47149.9,1712004232,337
8fba8891,38763.62,1712004233,160
e2baed56,18659.77,1712004234,133
54a686a5,13673.28,1712004235,119
057d0f50,2089.53,1712004236,180
008e1362,6294.99,1712004237,215
d135b450,21055.75,1712004238,352
228007ca,32927.37,1712004239,138
5309f798,16694.42,1712004240,178
a2775898,24217.64,1712004241,140
6457e057,43111.52,1712004242,178
096b1be0,35207.08,1712004243,235
7f302e2f,40939.35,1712004244,451
9f845876,49841.25,1712004245,361
2e32da95,11131.75,1712004246,364
12db845d,16325.36,1712004247,392
0b0e5c2e,36817.55,1712004248,218
de5136bc,26471.17,1712004249,195
e1017912,33209.82,1712004250,292
ba610053,30041.56,1712004251,185
0fa1d2f9,39777.15,1712004252,154
cd802a17,12021.85,1712004253,101
ffb72409,14512.39,1712004254,428
99440548,41232.55,1712004255,298
e3d6f486,1740.28,1712004256,195
1043c9df,33049.11,1712004257,146
38049b89,7694.26,1712004258,273
2943943e,47847.64,1712004259,134
10ff2906,2914.41,1712004260,248
520cd331,10426.67,1712004261,311
f33fe1fc,6677.42,1712004262,284
e66ef4c7,43616.59,1712004263,411
33cfef9d,35554.52,1712004264,445
d57c6f74,1991.02,1712004265,235
a6ace811,40696.93,1712004266,295
3ac498cf,23509.31,1712004267,363
4b78493c,30923.88,1712004268,299
7710be8e,17939.82,1712004269,141
e016e0ea,8418.68,1712004270,182
25124230,10346.66,1712004271,353
609acd06,44007.02,1712004272,484
d3b9d781,38318.47,1712004273,139
495889bd,42983.65,1712004274,344
48a36576,46887.56,1712004275,281
e5d9080a,42540.66,1712004276,339
de6a5cef,3744.65,1712004277,464
77ca906e,48064.68,1712004278,280
bf83c42a,11070.99,1712004279,113
d132aec9,16534.14,1712004280,446
4464b4bb,40867.78,1712004281,241
4365110f,8372.4,1712004282,245
5dd03ca9,20503.69,1712004283,311
c92815e2,6729.55,1712004284,364
ba5b6c5b,49731.92,1712004285,127
a4e1ffeb,42075.91,1712004286,295
20998af3,22986.62,1712004287,295
772e6c5a,44955.17,1712004288,305
817a3122,18662.83,1712004289,478
957c746c,2842.12,1712004290,344
30586b52,6091.02,1712004291,446
6c0a984e,42464.6,1712004292,148
88c0f9d8,1421.0,1712004293,219
b8b3d17a,19904.18,1712004294,468
bfc4dd12,19310.18,1712004295,246
aee95275,17472.8,1712004296,102
272749fb,19893.39,1712004297,499
94712cfd,43633.41,1712004298,180
17b69ade,33634.36,1712004299,387
27d43ec4,25653.59,1712004300,105
00f41557,36601.06,1712004301,287
987773b8,24327.53,1712004302,477
76b52771,41268.49,1712004303,283
b4059a26,40170.43,1712004304,342
3d08c28d,9122.32,1712004305,361
b4fad706,14503.01,1712004306,135
35dd87d6,24093.63,1712004307,213
c3489c5d,9601.2,1712004308,388
d904c73a,7106.36,1712004309,294
ee2086f5,14205.77,1712004310,276
4054b58a,46900.49,1712004311,287
24bf977c,7913.14,1712004312,326
38562173,38151.46,1712004313,303
86043544,45121.64,1712004314,205
7ec55c4e,6188.84,1712004315,207
ed7cbf78,39157.55,1712004316,399
0f413bbc,35936.51,1712004317,398
5a9fe9b1,27256.13,1712004318,261
3f3aaa66,32835.81,1712004319,469
da7766f3,21561.95,1712004320,408
b7ad7d4a,27386.64,1712004321,479
5183fd78,6991.76,1712004322,472
92ec5234,10749.64,1712004323,128
1ff68f9b,20799.51,1712004324,253
fcf91b3d,17435.14,1712004325,191
92575001,10137.75,1712004326,284
fea5eb4b,11294.23,1712004327,312
1d659b66,25988.85,1712004328,479
6648249c,3610.07,1712004329,248
6dd841bb,5390.98,1712004330,474
47d11233,13056.16,1712004331,442
0e60021a,14467.3,1712004332,381
ce185c1d,22869.93,1712004333,262
4b36179a,24980.0,1712004334,195
c9ef23eb,6574.1,1712004335,115
2caba81b,28928.01,1712004336,163
f55158d9,2757.23,1712004337,330
3f6bbaa0,6999.05,1712004338,433
ac18b6a2,43725.29,1712004339,484
a4c5616f,5858.01,1712004340,417
e1323bd9,31514.06,1712004341,106
654727c0,34927.76,1712004342,118
6774b4bd,41214.44,1712004343,124
aefa80f1,1311.56,1712004344,269
c698bb85,35459.79,1712004345,417
f01cf810,48029.42,1712004346,234
f3310702,24527.62,1712004347,202
1f08fb35,25912.98,1712004348,217
9a8da162,4706.22,1712004349,127
488685f1,33849.14,1712004350,261
45e5103d,36589.22,1712004351,469
e85056b1,49373.58,1712004352,407
240abed4,43681.51,1712004353,405
82ccab65,36801.1,1712004354,298
f70b4f17,42287.69,1712004355,427
96e82e71,32784.61,1712004356,460
3a948bd0,21073.32,1712004357,171
0a991c57,24344.9,1712004358,160
2797679f,4544.31,1712004359,326
35084a38,37560.6,1712004360,493
e7920902,25106.4,1712004361,454
f84fc092,3121.61,1712004362,228
e28a981f,18594.82,1712004363,136
419a0851,6974.37,1712004364,166
c7dc4a3b,19946.37,1712004365,323
ed3c63e0,10168.23,1712004366,354
c5b39016,1473.37,1712004367,306
6a62b545,37647.24,1712004368,481
338d3919,14893.75,1712004369,204
67985511,8079.5,1712004370,459
a0e23174,42222.08,1712004371,154
659089f6,34527.82,1712004372,210
c3d32b98,32533.66,1712004373,303
f8a4d2e8,47092.11,1712004374,399
1a0ad655,32711.34,1712004375,308
e44c6b25,45266.47,1712004376,144
2cc43ae8,27517.6,1712004377,289
9969f3fa,48212.61,1712004378,379
ef599e03,21363.99,1712004379,300
45fd02f5,12833.48,1712004380,185
6b79a7de,23629.5,1712004381,217
c89ab30b,30976.03,1712004382,176
03d231b7,17352.05,1712004383,389
44d9fbbc,28775.12,1712004384,447
d8fd8305,46437.72,1712004385,253
33077f5f,27020.05,1712004386,237
3081821f,27735.01,1712004387,395
647fe09e,34816.14,1712004388,413
04fa533b,26217.19,1712004389,187
73534506,29192.94,1712004390,435
0ee0b460,44782.25,1712004391,375
d23e1324,42941.4,1712004392,444
9db2d906,8976.19,1712004393,180
54109742,19879.42,1712004394,335
d0bcb6e4,11233.95,1712004395,332
64067bf4,21978.66,1712004396,486
7f2e4ef1,42591.26,1712004397,378
b672093a,24234.15,1712004398,173
c94b2ba5,13231.47,1712004399,360
7813dbfe,34405.62,1712004400,150
f05c3f36,24813.68,1712004401,137
78f55f4d,36727.06,1712004402,297
5d6fa925,14981.66,1712004403,345
e4b874de,31499.55,1712004404,265
8ddc251c,2266.19,1712004405,482
95726901,28175.13,1712004406,124
0e244a3c,36196.85,1712004407,306
6e4685c8,47158.18,1712004408,338
182c47d2,4156.08,1712004409,335
6a9b574f,19470.99,1712004410,392
fc174cb8,25151.8,1712004411,449
64a5a042,27971.07,1712004412,459
f9277bf2,15917.32,1712004413,195
b6f8792e,47328.38,1712004414,464
3e06a8a3,44747.44,1712004415,257
efec2b4b,10676.22,1712004416,493
42d84308,49901.49,1712004417,175
969a7daa,46866.66,1712004418,373
ef28c0bb,29565.75,1712004419,279
5359e74e,9449.41,1712004420,144
6802a9f4,35871.71,1712004421,348
4b79276e,33100.14,1712004422,430
1240d5f3,4296.12,1712004423,112
4e5c9d26,12508.57,1712004424,125
d3ac30ad,19256.37,1712004425,282
a3afe07b,36040.61,1712004426,103
fa393d80,13349.5,1712004427,238
63b7a781,33318.51,1712004428,256
35c021fa,23503.87,1712004429,488
a1fa2153,25524.2,1712004430,277
535bcb4d,42618.18,1712004431,411
b310cc9c,5929.19,1712004432,384
5af86236,47969.6,1712004433,248
2ef54d30,40972.01,1712004434,397
5bc2851f,22629.69,1712004435,286
e762cf82,17283.34,1712004436,223
10020d4a,44904.9,1712004437,283
24ed928f,31514.11,1712004438,263
1fe5d645,38278.07,1712004439,490
25ebf2d6,31315.94,1712004440,448
eed045cf,37439.34,1712004441,123
89ae90b9,21266.6,1712004442,358
e7a39706,42451.1,1712004443,270
1d4190af,29893.63,1712004444,498
952a8550,47357.34,1712004445,121
c7a4aa83,42857.95,1712004446,104
f213ea1e,9261.6,1712004447,398
3ac3ad76,17107.74,1712004448,134
17a0adba,43404.85,1712004449,450
1a31a7ab,10784.01,1712004450,353
d5606100,26551.43,1712004451,436
7cd691b3,8487.92,1712004452,297
04f8e3cd,33016.74,1712004453,292
478d20f4,14647.02,1712004454,452
110fc973,35750.15,1712004455,236
fd4aa07b,31019.86,1712004456,493
d1607d7e,31025.61,1712004457,246
9e5691ad,13266.73,1712004458,463
1a6267c6,14445.51,1712004459,108
2eba5bdc,18676.26,1712004460,389
96d0dc0d,34197.34,1712004461,313
1aae7245,47584.56,1712004462,416
03e89ec0,26635.91,1712004463,202
d258f242,47185.95,1712004464,215
f79c8e66,48794.78,1712004465,100
5044a53a,21167.83,1712004466,454
5283f3ab,3339.27,1712004467,313
a1ab8664,25077.11,1712004468,485
7652bb13,35156.67,1712004469,157
621397ac,27416.18,1712004470,342
881ac84b,7551.3,1712004471,359
f30c2417,8678.77,1712004472,163
f589c22f,21937.49,1712004473,259
048cb112,28216.43,1712004474,265
27cb7da8,15564.28,1712004475,485
0f8eab27,39548.46,1712004476,436
6481a4ba,16480.62,1712004477,203
5a58087b,29774.04,1712004478,308
99fc099a,5297.4,1712004479,215
953e8e78,4101.44,1712004480,223
eb8f580b,43405.4,1712004481,308
00ab886d,9794.67,1712004482,113
0d86fa95,42202.17,1712004483,214
75c7eab3,4103.94,1712004484,248
671e80f7,14175.04,1712004485,110
7866215e,41643.06,1712004486,418
061de515,44680.11,1712004487,245
31970034,40917.52,1712004488,424
0b87b92d,38112.5,1712004489,465
14814691,32741.58,1712004490,354
bd13972a,26892.13,1712004491,428
def2aaeb,41126.8,1712004492,155
9cf7357b,7029.17,1712004493,276
557130b7,20778.44,1712004494,413
eef7975a,26884.7,1712004495,366
2fca166f,15138.61,1712004496,303
1a2ca480,23306.19,1712004497,334
394ce415,38179.48,1712004498,406
2e550622,23128.77,1712004499,428
c1b8df6b,22297.16,1712004500,147
5e59969a,15572.13,1712004501,264
07aae6a6,49432.51,1712004502,355
e7ed1691,20973.75,1712004503,401
0bff24d4,6774.46,1712004504,448
2d990b71,3406.37,1712004505,176
2af0c141,46924.02,1712004506,352
2ef36534,35430.87,1712004507,130
dbcf7421,20396.92,1712004508,490
a3fcaef3,24812.2,1712004509,208
3566e886,28581.85,1712004510,449
52535e7c,2408.8,1712004511,476
3a48ac51,1890.86,1712004512,242
fb7a66ed,43743.38,1712004513,256
dda1e78f,31366.11,1712004514,133
345d3b1d,7434.62,1712004515,260
1cc8159d,32963.4,1712004516,125
3fba7bc5,15536.47,1712004517,223
76e8f5e5,48152.45,1712004518,113
70c43c0c,11210.25,1712004519,486
e61c124c,31300.07,1712004520,289
ab5e05de,22044.9,1712004521,297
2de7468b,18139.5,1712004522,265
d964a5a9,36276.69,1712004523,491
567a0e63,10513.38,1712004524,445
05bca201,10790.66,1712004525,419
6292569d,11591.92,1712004526,332
f18d82e3,4174.89,1712004527,255
c4f11e02,25281.76,1712004528,444
f5372aef,48509.02,1712004529,114
22902bc3,1764.93,1712004530,158
f9c449a7,47081.99,1712004531,357
7b7b8509,27923.2,1712004532,408
34ca631b,25834.1,1712004533,286
e875b1f1,16005.33,1712004534,116
873d6a14,44830.52,1712004535,251
a6cbcd6f,17626.99,1712004536,191
692e8532,47499.68,1712004537,116
fac9f620,34659.24,1712004538,114
3152b881,46378.58,1712004539,249
1b25142b,26810.46,1712004540,292
721fc044,18465.74,1712004541,162
77cfb727,33458.99,1712004542,305
082e968e,18705.09,1712004543,357
97199513,47470.52,1712004544,473
53c281e1,15330.85,1712004545,403
8ad7dea9,4897.42,1712004546,101
99025b3f,48100.04,1712004547,192
9d555849,36564.6,1712004548,211
f02d6875,45915.68,1712004549,224
0d36ea06,44177.25,1712004550,358
5683d633,26005.59,1712004551,452
9d31bc87,44145.42,1712004552,415
16eeb723,5290.02,1712004553,112
7ea36691,14910.54,1712004554,297
83ca04f3,31221.19,1712004555,300
ad774514,4811.98,1712004556,384
a0c52a47,25326.84,1712004557,253
86f946dd,4657.22,1712004558,319
6666912e,16982.83,1712004559,469
e7990d1a,3187.13,1712004560,264
64013d58,9074.36,1712004561,196
265b4b92,7159.84,1712004562,135
7b7db567,26804.86,1712004563,139
84513f67,28290.77,1712004564,391
4de63cf5,40564.66,1712004565,437
6b67f5b3,18473.64,1712004566,307
0b31e604,37286.46,1712004567,262
46f055c6,9519.69,1712004568,316
a6edae14,21575.29,1712004569,433
1ebbb763,16096.95,1712004570,126
d8455928,21246.06,1712004571,324
6b7adb47,1693.99,1712004572,220
7d3c124b,46777.69,1712004573,147
8f1ac9f0,47155.45,1712004574,281
ad8d561d,37492.21,1712004575,253
4b653018,8807.65,1712004576,113
1ad458ce,45471.55,1712004577,426
3fcce80e,45115.58,1712004578,153
efbbb8a1,23405.05,1712004579,186
1b410929,26631.46,1712004580,321
a487b8dd,12804.97,1712004581,101
ea2b2982,26456.76,1712004582,187
a6b17477,38106.19,1712004583,336
ee9506ef,27742.63,1712004584,122
39d77304,13994.58,1712004585,131
cbf33dc3,36623.23,1712004586,300
f709d475,28104.74,1712004587,386
be297792,10971.95,1712004588,354
f36ad713,41772.46,1712004589,437
07d5dfbe,5235.61,1712004590,294
e4e552ec,17494.46,1712004591,485
27c2d2c7,14219.56,1712004592,159
0a86adfa,28768.54,1712004593,359
f554d176,12305.63,1712004594,344
54e31a37,6656.82,1712004595,196
02dee0ba,40767.38,1712004596,243
17dd9835,27205.41,1712004597,362
54f544b5,7036.81,1712004598,260
b634b47a,7343.74,1712004599,423
304e3a63,30629.68,1712004600,176
a0d342e9,36842.17,1712004601,472
83d3870d,4435.17,1712004602,456
95065526,26022.11,1712004603,479
9ab1f081,35648.39,1712004604,465
b5155250,43062.75,1712004605,324
79af4dc1,47305.02,1712004606,399
27f7bdb7,7483.26,1712004607,478
be943883,27724.85,1712004608,155
6a7f7302,3286.86,1712004609,207
a5823bbb,38890.96,1712004610,476
6992b0eb,6300.49,1712004611,177
a22ca2cd,48684.31,1712004612,159
db080bfa,31829.09,1712004613,189
9a96f0df,43309.63,1712004614,462
0fc911e9,26211.45,1712004615,286
6594fa53,34852.44,1712004616,348
3dbf428f,30511.91,1712004617,325
38821898,41943.18,1712004618,188
5e5e974f,24302.4,1712004619,498
5827ec26,20381.12,1712004620,276
8abf2547,26336.11,1712004621,284
6b2073ca,11517.2,1712004622,237
f48f5ed5,4603.15,1712004623,142
cb298f74,8372.61,1712004624,145
b57db916,36110.55,1712004625,433
696b2ae3,46786.74,1712004626,325
385027bc,36049.39,1712004627,283
1643d0da,16752.06,1712004628,306
32f38d4f,8442.63,1712004629,101
1742a8a3,29769.41,1712004630,251
ac214d41,30150.72,1712004631,370
8bef27bc,22092.88,1712004632,360
8425bf48,29816.62,1712004633,421
e3e1a9c4,42479.58,1712004634,496
c53a6f16,23095.77,1712004635,328
66089d41,38449.3,1712004636,191
70c35637,5684.54,1712004637,140
8080cffb,33384.69,1712004638,368
875d1780,4943.11,1712004639,450
fbc52762,10160.75,1712004640,491
fb03c438,15162.6,1712004641,253
144044a2,31255.71,1712004642,288
f2fcc5a6,19799.15,1712004643,430
f053f80d,48458.98,1712004644,377
65c5adac,4059.38,1712004645,418
383fe3ea,46071.99,1712004646,364
650fa67c,5987.95,1712004647,329
f2a05b18,6310.88,1712004648,259
412e3176,37617.14,1712004649,465
2655384c,48658.79,1712004650,491
5548ce73,26666.14,1712004651,349
19e0318a,15916.55,1712004652,141
1794b5f4,30817.86,1712004653,491
e8cb2554,28483.12,1712004654,170
a5b6230e,35019.09,1712004655,381
da630449,38650.74,1712004656,420
2f0bf72c,39608.04,1712004657,370
f09b7df8,24175.16,1712004658,102
79f3646a,6039.39,1712004659,203
2af0b126,38607.45,1712004660,264
3ba9b2cf,46136.5,1712004661,374
ca483760,15552.24,1712004662,248
6ffeea95,11150.91,1712004663,491
fb48d163,38687.88,1712004664,185
0274cc86,15004.44,1712004665,167
41e6e331,16738.77,1712004666,226
f16f9e83,23722.83,1712004667,489
8cac8136,18486.37,1712004668,391
9a4a48f7,35414.27,1712004669,125
4842dcf3,23511.76,1712004670,289
6d507b7d,12275.5,1712004671,100
8f8c9f7d,41610.59,1712004672,451
65ab8c1f,36834.33,1712004673,415
67f16245,12701.67,1712004674,253
20570040,1363.65,1712004675,197
48e6d1e4,5668.66,1712004676,231
96bde147,47543.88,1712004677,323
de9ae68a,16310.7,1712004678,190
b2f108f9,14062.08,1712004679,159
3133c5a7,45674.37,1712004680,153
70353dd7,37264.42,1712004681,341
75efcd5f,19989.64,1712004682,331
95b80d33,12920.64,1712004683,287
65edc619,49216.43,1712004684,233
e492ef1d,15974.7,1712004685,377
c89ecfff,10852.32,1712004686,493
c1714760,3394.34,1712004687,235
3c55f7e2,1752.23,1712004688,331
2c319106,17076.19,1712004689,165
1c130b83,43034.55,1712004690,237
4c0dabcc,43006.71,1712004691,271
a7168a00,47503.83,1712004692,468
0e34ee07,32318.31,1712004693,165
c46e224d,15260.46,1712004694,251
263005b0,43019.85,1712004695,338
0b838d23,30743.56,1712004696,473
0b5089df,20958.14,1712004697,438
c6164e3b,22701.34,1712004698,410
4f537579,10844.64,1712004699,384
a1998aff,30999.42,1712004700,132
95cda4df,20495.5,1712004701,299
090cdee5,43479.21,1712004702,234
b933f637,1347.47,1712004703,140
15a9ff1c,4389.06,1712004704,235
5b2e0bda,25054.47,1712004705,139
fa38f88f,3262.08,1712004706,159
25ad233b,12706.3,1712004707,314
af3cbd03,48471.38,1712004708,182
32a3cc94,11541.81,1712004709,229
6097faae,12217.58,1712004710,110
a90efca6,47301.93,1712004711,367
64b83fbd,30791.04,1712004712,145
001bb7e5,14181.91,1712004713,229
5e3ab47f,18574.28,1712004714,410
09e9b829,24161.3,1712004715,356
fe3f8220,48989.96,1712004716,398
007fc61d,29251.57,1712004717,306
f44a4721,6573.77,1712004718,341
60e55d11,35694.31,1712004719,149
82e5be6e,14729.2,1712004720,487
e26e2e2c,18948.74,1712004721,163
554fcd67,26722.18,1712004722,308
4470d72b,37363.23,1712004723,132
a9644b8c,11785.2,1712004724,470
480764ca,12945.19,1712004725,210
7e276790,12305.28,1712004726,254
ea12415d,41784.7,1712004727,345
62531120,47529.56,1712004728,109
026b8162,26462.89,1712004729,371
46d3b896,3560.33,1712004730,404
b9f7e7f7,30897.23,1712004731,320
aada3cb4,36676.18,1712004732,128
90af0d7b,21409.92,1712004733,198
08f24de5,25618.69,1712004734,162
9f3c1096,36613.0,1712004735,435
3e175bd1,16163.03,1712004736,306
b3240a21,36115.59,1712004737,333
2d0d7e7d,20671.34,1712004738,367
5b44c23c,40611.74,1712004739,393
3f11ddde,37010.38,1712004740,411
bffc7845,43615.57,1712004741,298
bdb97ed7,42501.49,1712004742,351
451ce5a7,23869.33,1712004743,106
97c35aa5,19397.06,1712004744,250
1470ca7e,9513.49,1712004745,178
c2be1ce1,49347.17,1712004746,311
2769b73e,32361.43,1712004747,388
f24ef934,6436.04,1712004748,223
e4e97ed6,19317.21,1712004749,220
42b171d0,13183.64,1712004750,433
b00dee0d,26444.89,1712004751,285
caaf7f1d,12518.56,1712004752,487
99989683,14433.01,1712004753,482
abf8a57e,9914.05,1712004754,469
40c244ea,36944.83,1712004755,325
d99b7f2e,21298.64,1712004756,235
8b6eaa32,40083.73,1712004757,208
9ee43789,22485.79,1712004758,366
fe5130ff,49882.23,1712004759,216
4d064b11,4196.36,1712004760,190
1e9cb37d,5616.53,1712004761,161
caf6f40c,17060.44,1712004762,374
4df25fe0,4931.31,1712004763,487
22d437c5,23200.55,1712004764,345
8a6ebdf1,44518.54,1712004765,336
9543797e,18755.24,1712004766,220
49e79e3b,46018.01,1712004767,108
b48394f3,49387.62,1712004768,316
c5e1276b,43918.64,1712004769,310
5b12cca3,49922.78,1712004770,286
0e1516f2,21180.43,1712004771,469
72c5ba03,36841.25,1712004772,316
620ce435,6419.55,1712004773,155
98137ef6,33161.95,1712004774,429
a03d8a94,16112.81,1712004775,198
9d54b365,4696.04,1712004776,295
46a78b3c,19691.14,1712004777,109
c9c9af1a,29340.07,1712004778,100
15ef25e1,38361.38,1712004779,377
a4eedca6,18398.42,1712004780,257
9b4d8e33,39856.16,1712004781,112
94126e3d,14013.2,1712004782,494
e8832bc9,1120.47,1712004783,138
87885f7c,11351.53,1712004784,147
f903b96f,17851.14,1712004785,157
7ab8c9ba,49908.36,1712004786,182
f3116d5c,14247.85,1712004787,355
b04378c5,17451.12,1712004788,198
6ba03d1f,20763.12,1712004789,370
b842513d,15519.7,1712004790,362
c7a6f54f,17845.84,1712004791,461
81eb8225,33806.64,1712004792,148
241c8ff6,30506.63,1712004793,176
45313a14,39237.86,1712004794,386
8bf37bc0,23364.52,1712004795,162
ac955f7c,3293.29,1712004796,383
f185c99a,30794.52,1712004797,176
15b028f5,36162.07,1712004798,397
45b4a71c,29006.74,1712004799,166
9a2ffd2f,3403.57,1712004800,206
8f29d69f,43917.01,1712004801,224
8bee9c80,25382.02,1712004802,327
55a1ae2e,4538.09,1712004803,489
e4d33f44,33224.61,1712004804,409
158b532c,3841.13,1712004805,145
d2f2bf4b,33723.61,1712004806,482
facf6e94,6542.53,1712004807,220
83cc7398,42596.34,1712004808,449
80023049,14270.69,1712004809,269
6dfbc23f,4819.09,1712004810,189
43e9c63b,12946.74,1712004811,432
599f223d,13771.32,1712004812,100
a468f286,11026.59,1712004813,136
acefcba2,42052.66,1712004814,165
9138bf21,32808.0,1712004815,469
967f2a08,25266.23,1712004816,164
7e7397b2,1552.49,1712004817,344
6c2fb943,39010.14,1712004818,452
af87d053,49326.39,1712004819,384
93269025,19633.89,1712004820,321
363002f9,33389.13,1712004821,383
3a9cf647,35130.61,1712004822,446
72f309f6,37672.84,1712004823,337
41227aa9,37835.9,1712004824,310
8be307d0,40361.95,1712004825,280
9682235a,10942.71,1712004826,478
57cf88e0,9049.12,1712004827,202
3afc766d,15722.72,1712004828,228
d13eb584,5440.19,1712004829,168
7dd9a577,13432.89,1712004830,180
34cddf2e,21087.13,1712004831,401
4930034d,38108.29,1712004832,102
37cc4aa7,13663.66,1712004833,450
aa7fb936,12400.22,1712004834,364
96d31fb1,14845.93,1712004835,472
ac4dea0a,25219.04,1712004836,282
947ef8c0,19344.03,1712004837,191
c66384a5,13802.51,1712004838,382
652684ae,13815.1,1712004839,207
71733473,41606.78,1712004840,296
7e419d89,11213.09,1712004841,296
3951c7a9,23431.02,1712004842,153
cae0bfb5,36255.44,1712004843,236
5fccc755,17141.24,1712004844,379
34037090,24369.58,1712004845,358
70cc0859,15801.15,1712004846,448
913cad09,4858.53,1712004847,132
b1ca6641,7827.98,1712004848,450
268a14cc,21336.41,1712004849,477
1a04a7c1,47666.02,1712004850,171
d0bef15a,2029.22,1712004851,205
5a6088f3,13762.03,1712004852,199
35470711,48720.46,1712004853,486
e223cb9b,12309.5,1712004854,464
73c392d7,29629.82,1712004855,166
443048b4,29009.66,1712004856,445
ee8e90fd,38855.09,1712004857,147
bbbbbbe7,14108.71,1712004858,421
d351921d,32020.55,1712004859,135
f3ed70b3,26146.55,1712004860,386
18cdffd5,34600.33,1712004861,497
a3663b4c,49338.18,1712004862,381
2c1bf951,19242.81,1712004863,187
6f6fa420,41801.08,1712004864,213
087eea68,45597.95,1712004865,187
9221c71d,33242.68,1712004866,455
65ca94ae,46532.01,1712004867,226
248d254f,14279.37,1712004868,209
48721ab2,27215.72,1712004869,294
b4284214,49760.59,1712004870,467
114be72e,26125.54,1712004871,220
1c962666,39728.58,1712004872,205
3c9400da,36474.94,1712004873,388
8412b623,18789.95,1712004874,350
36ac1955,44829.68,1712004875,197
694c94a7,18516.8,1712004876,341
6adb04a9,47974.28,1712004877,202
a091a8db,17267.7,1712004878,106
43be9288,21903.84,1712004879,294
12fd5bbb,24958.38,1712004880,460
67da75f9,46798.27,1712004881,283
d2cd84d1,28707.37,1712004882,305
bd0b5d4d,48115.94,1712004883,199
fd6f0f95,14618.35,1712004884,389
1d112f0d,9274.52,1712004885,489
a2644fab,6005.68,1712004886,341
fb0cf1f6,32453.5,1712004887,487
3fd8f47e,19007.57,1712004888,281
4e9dcbf6,13006.18,1712004889,262
a9fc7e82,37007.93,1712004890,236
dae0273e,4809.39,1712004891,208
73317d5d,9023.06,1712004892,266
55c65f16,20652.2,1712004893,238
3e751e0b,34292.34,1712004894,257
8ff83566,15011.68,1712004895,350
88c9a77b,31890.12,1712004896,124
26f2c577,10166.63,1712004897,224
4781b2ff,5553.22,1712004898,480
653218e5,3885.08,1712004899,322
df0569f8,3206.35,1712004900,439
6fbad391,49565.14,1712004901,268
0d85ad70,9547.09,1712004902,125
28187bfa,1788.62,1712004903,138
dbd0853c,35177.92,1712004904,489
fc9f6f41,41990.48,1712004905,476
9fe7a4e2,4467.62,1712004906,228
5befa355,13400.86,1712004907,158
f5b2451d,9970.35,1712004908,382
6a82dc0a,33883.0,1712004909,347
c215a22b,39552.46,1712004910,188
8f5f649f,38223.22,1712004911,222
1cb991da,8396.85,1712004912,421
298d4ffe,3188.3,1712004913,363
c6bd4394,14779.0,1712004914,302
336c0d0e,45876.78,1712004915,284
c1ed2f30,26703.29,1712004916,100
6ac85f64,36799.33,1712004917,459
52c03634,2920.83,1712004918,348
f864f52d,3771.2,1712004919,355
c8e76b13,15115.17,1712004920,279
258f64c4,33328.98,1712004921,294
f4d700a1,33045.6,1712004922,476
d3ba5ea3,34960.94,1712004923,495
6467b431,9481.28,1712004924,475
28e72db4,29409.53,1712004925,386
7b0e4f4d,20871.5,1712004926,427
9ec3a74b,21602.53,1712004927,105
4c44374b,14924.42,1712004928,374
8e13bef9,26050.1,1712004929,422
5b6c101d,37623.66,1712004930,298
4773036b,34693.91,1712004931,312
053a9064,6161.98,1712004932,305
350d1d09,44299.63,1712004933,259
3b2e02ff,8296.21,1712004934,277
29381dc2,13611.27,1712004935,455
eb6ec889,19887.62,1712004936,332
15aa8770,11980.33,1712004937,127
286155b2,26103.66,1712004938,119
5b5e935b,9514.1,1712004939,224
2fdb24de,38130.28,1712004940,185
3a7bb089,48673.28,1712004941,461
1dda1120,29177.9,1712004942,351
efd93ef7,16503.4,1712004943,159
482ec37b,22756.45,1712004944,203
80052f95,18569.59,1712004945,169
3be8ac89,29990.03,1712004946,170
b4b7154e,1839.65,1712004947,274
5cf43263,1823.38,1712004948,295
4d316015,22193.8,1712004949,112
4476bf72,3921.93,1712004950,156
611202b4,34874.23,1712004951,215
f46ae4cb,25769.89,1712004952,414
17bded7c,10914.24,1712004953,212
d2086646,48588.3,1712004954,287
fabc5d8f,11024.31,1712004955,128
8e2d96c9,42478.31,1712004956,249
d5f4b0cd,24932.76,1712004957,446
fcb89cf3,28286.3,1712004958,454
89043e28,33014.17,1712004959,208
0db8351d,16721.69,1712004960,419
10c513ad,39224.98,1712004961,101
f0ce62a5,44857.03,1712004962,245
8954b74c,10448.36,1712004963,262
d815995b,32589.49,1712004964,211
6068122c,25055.26,1712004965,415
8f25487b,31263.43,1712004966,223
39c04cf8,13929.82,1712004967,426
2afe79d4,12786.53,1712004968,195
d7c1678f,1111.82,1712004969,301
684d055e,20739.74,1712004970,136
fa43af42,15871.95,1712004971,140
4e183a25,4477.59,1712004972,233
beb5167d,29917.33,1712004973,464
4156c8b4,39512.8,1712004974,180
391f633e,6836.06,1712004975,386
54760e99,22978.94,1712004976,499
5f7be8d5,33423.71,1712004977,468
a4135d11,41849.1,1712004978,170
c7f49f7e,16799.57,1712004979,183
52e571f8,14099.05,1712004980,158
26bff90c,37377.63,1712004981,278
a203c2be,47755.63,1712004982,420
3e807d3f,4776.86,1712004983,342
75b3fa98,41685.17,1712004984,410
5012bca0,46655.51,1712004985,332
22517831,48871.32,1712004986,490
a0f99106,45404.76,1712004987,269
92c91ec5,1177.8,1712004988,471
77b30d96,11271.05,1712004989,364
d5295869,20877.52,1712004990,201
2e910864,39366.12,1712004991,161
eb221417,20850.53,1712004992,389
2b7ee3b8,49079.05,1712004993,162
bdfd18c6,46033.79,1712004994,136
d2ede5dd,27319.24,1712004995,195
89ff8698,45653.75,1712004996,498
7ad32c27,41983.39,1712004997,111
52d6d4df,32901.62,1712004998,336
6cad2faa,26741.77,1712004999,442
91d113a0,41531.95,1712005000,399
cfad7358,35028.55,1712005001,222
f561da72,12021.22,1712005002,220
902a8cd1,13896.21,1712005003,207
dbdac05d,16773.21,1712005004,173
c4437505,14145.04,1712005005,170
2ae7faba,10996.44,1712005006,243
61456014,17703.66,1712005007,474
3069cc82,43367.06,1712005008,401
822dbb1e,29409.33,1712005009,266
c26ef7b8,6602.84,1712005010,488
19b09001,43429.82,1712005011,138
0c11e9bb,21317.24,1712005012,255
5ed340ed,48921.45,1712005013,365
4956f1af,31938.89,1712005014,430
0ddb7952,20086.39,1712005015,461
2ad11136,19304.7,1712005016,358
8a62a7ae,35168.66,1712005017,237
7fd72a06,49738.41,1712005018,290
abf5d5ea,40379.49,1712005019,475
15cb9ce2,5601.0,1712005020,184
72ab87bd,29812.17,1712005021,219
62e306b0,34169.45,1712005022,302
8a385bf1,18606.15,1712005023,114
5ef339bd,15782.4,1712005024,137
53836923,35476.72,1712005025,138
3b5f3f41,32925.01,1712005026,335
f700b6c8,39195.16,1712005027,316
21d26548,46098.75,1712005028,104
ee602db0,46695.77,1712005029,199
14ebfe69,45750.72,1712005030,383
4d179c6b,2706.21,1712005031,407
26227bed,43488.3,1712005032,136
e966051d,44817.75,1712005033,124
548e3e8b,33245.51,1712005034,206
c303f2ba,19792.55,1712005035,308
136627d2,6702.43,1712005036,161
e74b27e5,27277.13,1712005037,456
26152e84,10590.07,1712005038,482
48521de1,44782.77,1712005039,434
ddce4c66,47492.6,1712005040,430
1c4d8bf5,11464.3,1712005041,305
f77a472c,19428.11,1712005042,486
826a0365,1144.7,1712005043,433
f8b44826,32671.43,1712005044,374
6abfec5e,35396.24,1712005045,127
523b9483,12447.06,1712005046,361
349576fe,25774.0,1712005047,138
e708cf69,37937.47,1712005048,262
6429de7e,36753.88,1712005049,210
99a2e29a,38275.53,1712005050,409
5e08b1f8,4260.39,1712005051,383
49205d03,28701.39,1712005052,183
e7ec4465,32364.67,1712005053,197
f0e29eff,13222.41,1712005054,389
3e6352ed,16561.81,1712005055,237
47c22b24,10905.97,1712005056,278
90bf19e1,1122.11,1712005057,148
bb7e66b2,12463.58,1712005058,330
6de7c148,31606.18,1712005059,306
a7b735f4,9053.16,1712005060,327
4226a352,42927.83,1712005061,454
44afb429,7696.73,1712005062,100
6fe19097,33705.62,1712005063,117
cca09a8e,32179.44,1712005064,200
4ef37d03,25559.67,1712005065,269
11225074,47974.56,1712005066,141
046855a5,10291.68,1712005067,219
45a8dccc,19259.09,1712005068,398
be46afc2,49871.32,1712005069,166
895d6f1f,17825.95,1712005070,340
11935746,41553.39,1712005071,291
b52e286e,29070.78,1712005072,129
bb9f7e84,38437.53,1712005073,155
7e16f4fe,1428.89,1712005074,385
dd00bdf3,30051.0,1712005075,322
d6d8ca4e,35446.84,1712005076,215
31b2d3ef,6419.21,1712005077,481
054f90fb,21953.0,1712005078,141
9b647325,26046.44,1712005079,484
211b2238,49113.95,1712005080,281
86d18485,28111.09,1712005081,397
63376f1c,4882.61,1712005082,346
c24c5cc7,23052.46,1712005083,120
8ab6ace4,46291.89,1712005084,213
ca0bd749,14715.34,1712005085,278
dd3265c8,4638.08,1712005086,110
a93e303e,2512.92,1712005087,317
ad05314d,29908.87,1712005088,313
c8ebf199,20666.36,1712005089,472
9dfa69b2,9084.26,1712005090,342
10cefcb1,5972.67,1712005091,399
b32a6637,20912.69,1712005092,450
888d8644,38125.82,1712005093,290
938f678b,3688.67,1712005094,382
4e2fbd4c,31113.1,1712005095,334
9d392216,28672.2,1712005096,455
710b0e1c,3034.4,1712005097,360
b276c1cb,11950.92,1712005098,292
b3893eb6,40738.65,1712005099,209
6fb074c4,40539.52,1712005100,384
05f9de34,13584.47,1712005101,314
b74ad4d8,36820.03,1712005102,391
97086b6a,25905.37,1712005103,263
094c043c,20513.38,1712005104,263
ad620510,22029.22,1712005105,240
33fa0841,16307.89,1712005106,349
f2fa6b7f,26259.27,1712005107,248
b583ceec,21459.79,1712005108,449
2a897bed,8599.8,1712005109,392
78023394,13255.68,1712005110,369
8e50e07b,48309.1,1712005111,132
5fa2d4e3,37411.1,1712005112,103
80c39a1d,31160.99,1712005113,254
ae2b5cf1,6856.35,1712005114,121
3793e0cd,17477.08,1712005115,248
307aab21,14127.17,1712005116,490
2cdd9656,47031.99,1712005117,192
352a15cf,28194.16,1712005118,478
e2105d4d,31978.84,1712005119,229
66164f5c,40505.13,1712005120,329
12e37229,41430.54,1712005121,299
2109eb5c,46570.84,1712005122,111
01ccc2be,10204.77,1712005123,384
48fe4337,43281.71,1712005124,104
7e963f45,6834.06,1712005125,101
aa85bce9,19765.01,1712005126,309
30873a52,44115.03,1712005127,358
55916a88,13781.66,1712005128,177
25cceebe,7946.25,1712005129,367
2c8c0f18,1025.12,1712005130,252
6a6b8a18,25718.23,1712005131,342
3c060938,40170.03,1712005132,117
68d817c9,9457.56,1712005133,467
0d992364,16564.55,1712005134,379
96517e9d,12955.79,1712005135,301
1ca20339,19397.25,1712005136,374
471b8863,3325.52,1712005137,316
3867e667,45367.3,1712005138,314
fb4901ff,30014.29,1712005139,198
0cbde5db,22319.89,1712005140,438
d3b734fb,14636.01,1712005141,326
cde28cb7,30597.95,1712005142,134
e3436ec5,48581.95,1712005143,463
ae733201,9242.19,1712005144,147
a7d46203,16530.43,1712005145,470
1b6ba3be,35751.47,1712005146,222
80989759,19743.26,1712005147,252
7fefe574,38594.77,1712005148,360
b808c112,10779.05,1712005149,343
60827f10,43670.84,1712005150,164
a3347c3a,24453.69,1712005151,394
1ffc7372,16176.71,1712005152,340
ca9b79f0,19264.42,1712005153,216
70659afa,11294.86,1712005154,465
6fe7b2af,41690.4,1712005155,451
35fd9cb6,10761.85,1712005156,176
cd8631e3,6166.39,1712005157,144
446a3221,18386.76,1712005158,388
80576b28,15195.28,1712005159,481
81355566,23820.54,1712005160,490
84329755,43413.99,1712005161,158
8074d1e8,46285.61,1712005162,475
a41e5e8f,42724.03,1712005163,268
22fcbf36,26874.92,1712005164,455
82425ae7,25197.76,1712005165,204
f95113fa,12468.51,1712005166,258
60aecd06,33109.48,1712005167,251
ae6430bc,40502.49,1712005168,481
1a87ab74,23963.95,1712005169,285
04b27109,37635.93,1712005170,455
ac60c5f7,26870.91,1712005171,356
a3de5a1c,40247.69,1712005172,275
cde8d5c3,48026.03,1712005173,300
6ff733da,44114.13,1712005174,340
755b97ff,19376.33,1712005175,324
c442b2fc,26633.05,1712005176,411
5444fddb,10259.34,1712005177,142
cdeae7ef,28899.64,1712005178,266
1f5099b9,31498.32,1712005179,462
fabeaaac,3812.11,1712005180,312
ba6261ad,39055.26,1712005181,259
e381d380,45261.38,1712005182,417
7829ce95,41102.1,1712005183,443
e1116ff3,29435.18,1712005184,407
8d483dd4,10069.36,1712005185,332
5d9f5235,28907.81,1712005186,327
d467fdbf,27439.03,1712005187,398
a5a7a017,19408.03,1712005188,206
4a26128f,25989.41,1712005189,404
da640dc4,49726.47,1712005190,203
840dcbeb,26407.27,1712005191,369
9e113a37,19371.41,1712005192,203
f7aeabe8,48814.88,1712005193,384
e1e47e92,22874.2,1712005194,355
0eed7be1,13197.65,1712005195,300
3a58d286,38419.57,1712005196,129
382c3051,24157.71,1712005197,162
e3ecc964,4124.3,1712005198,496
35922151,25256.25,1712005199,498
34a13f96,36700.8,1712005200,418
30410607,4527.4,1712005201,190
e31ce667,35992.37,1712005202,490
19325e37,16002.31,1712005203,363
8109c24c,21151.18,1712005204,378
7be99c82,6435.47,1712005205,187
69f257ad,22448.9,1712005206,456
f48aec3d,33800.24,1712005207,439
196a2d72,3839.45,1712005208,372
4b55ba03,4926.71,1712005209,349
aa27dcdb,1234.75,1712005210,357
bd0ec706,43055.31,1712005211,280
ab5d5a05,13168.45,1712005212,176
05b5234d,1236.15,1712005213,389
b967fd2b,44080.99,1712005214,101
eea96e11,35278.89,1712005215,423
18b3139a,42364.48,1712005216,355
7e7a16a5,16993.59,1712005217,149
bf859b40,46760.54,1712005218,230
14028f5e,31890.81,1712005219,100
b1bbf725,5805.13,1712005220,381
a02856cd,45368.91,1712005221,467
aa0cbc38,11600.48,1712005222,491
2d61df0b,9157.47,1712005223,406
33b2b77e,16241.26,1712005224,435
686500d3,21705.4,1712005225,453
2a761225,39735.6,1712005226,160
30f8fc87,8657.12,1712005227,374
9b9780c6,17152.86,1712005228,154
4235e657,44294.04,1712005229,440
0afdc9c9,47730.01,1712005230,113
d309577a,47613.7,1712005231,442
391713e4,44078.58,1712005232,246
0325a631,28352.84,1712005233,486
1d74be54,11796.09,1712005234,167
02942024,22750.02,1712005235,426
beb91cb1,37051.11,1712005236,276
1473f6cd,36279.37,1712005237,291
8633be45,27324.47,1712005238,301
f3065227,41630.92,1712005239,341
78137e7a,32857.53,1712005240,178
8ff813fe,28671.06,1712005241,474
ecfa23cb,28129.48,1712005242,294
3b7be902,34398.06,1712005243,383
cdf844ad,30397.08,1712005244,170
a5df40a3,27141.12,1712005245,468
f789fd37,12285.97,1712005246,133
df984874,45319.8,1712005247,142
a9bf2045,12472.99,1712005248,221
7be73e56,13137.6,1712005249,454
03331783,7724.38,1712005250,349
c4f97dca,21548.86,1712005251,398
faeb2914,19470.95,1712005252,476
bae196a3,30690.05,1712005253,362
37b54d36,23298.97,1712005254,459
074cf96d,38109.53,1712005255,429
2c857302,2032.13,1712005256,304
208b4a26,38192.42,1712005257,471
1b08e280,41757.23,1712005258,257
0235328d,39552.99,1712005259,379
9ce1afe4,21631.01,1712005260,409
172f2e9c,21970.42,1712005261,229
db1263bb,37752.68,1712005262,431
7632441c,40230.77,1712005263,322
cf3a7252,48907.42,1712005264,289
83f27344,39733.72,1712005265,477
618c88c4,37374.83,1712005266,393
b8620390,37137.67,1712005267,352
1fd31158,34507.08,1712005268,256
e2b64912,11369.5,1712005269,478
fe22ae20,8266.45,1712005270,257
a5c9521a,31584.04,1712005271,498
d0b3d531,6510.41,1712005272,269
b60763b6,23787.36,1712005273,482
e193e07d,13811.57,1712005274,295
0f496669,8283.17,1712005275,457
b41e967b,6675.21,1712005276,317
b5608c0c,7320.68,1712005277,126
82c7387f,19757.19,1712005278,248
126caa0e,11761.4,1712005279,420
7dcea816,23624.7,1712005280,125
bb80287a,3229.8,1712005281,155
babc3cbd,46444.59,1712005282,209
523516b7,3891.71,1712005283,281
081cbec6,36317.95,1712005284,102
0837b22a,49726.49,1712005285,365
ffb5af6b,1590.38,1712005286,288
28c367b6,5851.13,1712005287,381
301e08a3,12628.29,1712005288,305
83293d8a,9691.54,1712005289,311
408e2dcc,46052.23,1712005290,348
523bc3f9,8656.4,1712005291,414
7dba3e13,25085.51,1712005292,224
4412a348,17291.67,1712005293,264
dcf58491,13280.6,1712005294,348
06408be3,1300.5,1712005295,440
307dcba4,2966.29,1712005296,140
36b8f75e,7263.88,1712005297,164
29d8ec0a,16959.53,1712005298,183
758d4916,5837.75,1712005299,240
d66c80cf,16903.0,1712005300,394
b9c8eabb,26411.1,1712005301,372
5fad039e,24034.79,1712005302,229
a4a6ecef,1078.15,1712005303,235
f599fff2,14194.68,1712005304,191
75fce31c,16816.23,1712005305,136
60ca70d6,6574.41,1712005306,136
a5557c05,6261.5,1712005307,410
a6622adf,41231.24,1712005308,464
7699e8c0,33186.87,1712005309,322
50ad3f6f,39466.85,1712005310,111
232e93fa,37050.26,1712005311,170
16ad027b,29784.58,1712005312,432
35b9b7a3,41081.94,1712005313,481
e5279a9e,23432.69,1712005314,219
4f89e323,27810.21,1712005315,438
d15e8655,1203.94,1712005316,278
cdda5e35,8017.04,1712005317,262
9fcec714,47980.47,1712005318,179
45dc37c4,42183.88,1712005319,237
d149d7de,4785.05,1712005320,154
48847068,17081.01,1712005321,353
659f7b82,38657.49,1712005322,127
a2e8cd77,16357.95,1712005323,228
12f28a87,34374.62,1712005324,116
49e6d0b6,31980.8,1712005325,378
5501f151,14718.3,1712005326,139
51df4a5e,29152.95,1712005327,386
132e1085,10570.18,1712005328,277
3184fdc0,35715.98,1712005329,287
925be795,47638.79,1712005330,207
1de6c70a,8111.7,1712005331,203
8bae60d7,26828.39,1712005332,491
e65e5205,22295.4,1712005333,435
72afbd0a,13912.58,1712005334,498
3941cbf4,33754.52,1712005335,459
72e43ed8,46980.62,1712005336,296
8d3361ba,11550.86,1712005337,145
cdeb7b67,35183.83,1712005338,392
96b5a1f2,9904.89,1712005339,470
262fdffb,37306.47,1712005340,219
a6b0ca05,34444.07,1712005341,321
b8a58b67,7920.27,1712005342,459
03595664,28816.32,1712005343,365
b0f2659f,18021.42,1712005344,499
2a2eee2d,22020.14,1712005345,350
456374f7,25638.81,1712005346,444
9466ded4,19633.3,1712005347,231
8f31df01,40537.72,1712005348,424
82877141,22296.16,1712005349,475
9ea0d6a6,13905.88,1712005350,487
90da73f1,11236.07,1712005351,445
1a93f6ca,35739.43,1712005352,216
8d51de68,17082.27,1712005353,308
f435aa4c,10165.23,1712005354,431
394059b6,49754.61,1712005355,376
47977091,19648.88,1712005356,214
337e1553,33720.71,1712005357,344
5daa5a0d,20644.2,1712005358,402
46605d77,26273.78,1712005359,377
2759ac01,28385.3,1712005360,199
934378e8,46938.14,1712005361,260
ae7c7b37,13176.86,1712005362,310
4144cfc7,30053.62,1712005363,121
61b54df9,40307.56,1712005364,258
e34d614d,20725.82,1712005365,182
8bf3a713,14905.36,1712005366,359
add553ab,39521.59,1712005367,244
3ad9b66f,14536.02,1712005368,495
2ccad469,9799.29,1712005369,487
baf7619d,40964.94,1712005370,310
86a49977,33941.08,1712005371,129
85f07f67,7781.9,1712005372,484
84f5a175,26358.0,1712005373,185
b900673e,20747.44,1712005374,287
aa389800,47692.08,1712005375,351
2233b155,49671.41,1712005376,237
11c54dde,4384.19,1712005377,223
fba314ed,34217.13,1712005378,424
fd41853b,25475.75,1712005379,273
948cc906,1094.31,1712005380,344
7b8686e2,33481.65,1712005381,179
1f39f60c,18246.71,1712005382,372
04cd332b,6014.5,1712005383,291
13399b5f,3354.85,1712005384,109
00b4b903,28312.06,1712005385,407
df062a7c,5404.48,1712005386,191
6511af58,26454.43,1712005387,466
698e4886,44210.43,1712005388,254
246f082f,43814.69,1712005389,135
a01391d5,12816.52,1712005390,474
7c1c4204,12047.93,1712005391,367
06552f93,34641.72,1712005392,458
bf9825f4,44100.04,1712005393,438
3793f105,43506.17,1712005394,113
56aaa0fd,21142.25,1712005395,201
1d3bdca6,35465.89,1712005396,205
81bfb13b,49739.35,1712005397,349
b200bdb2,14932.29,1712005398,383
dbeca229,14633.97,1712005399,139
a1f3adaf,24807.58,1712005400,278
b85e7126,42865.08,1712005401,221
9e463b21,26858.14,1712005402,433
aed1dea6,10279.32,1712005403,382
6bef2d3f,28097.3,1712005404,196
4e8a17b1,19093.03,1712005405,206
c6d1d497,12607.53,1712005406,460
07a53f99,6470.2,1712005407,456
5a2a61ef,5976.13,1712005408,147
43cf9fad,6924.91,1712005409,443
c55368ea,10499.46,1712005410,345
fdc18d51,2767.91,1712005411,132
7691daf3,5267.24,1712005412,460
58a22e12,16406.83,1712005413,478
93729d79,7858.99,1712005414,303
ac4f4a27,10378.41,1712005415,243
912935a4,38030.6,1712005416,328
40d648df,16209.58,1712005417,388
fcb911b0,36392.04,1712005418,206
5a1e9620,14448.93,1712005419,150
749238ba,48089.52,1712005420,409
5e208af0,1008.13,1712005421,461
ef88180f,45758.78,1712005422,186
99f65d0e,17160.88,1712005423,353
18a0dca8,37077.44,1712005424,351
d0638508,17077.15,1712005425,429
95fca618,19955.85,1712005426,457
97186557,16553.03,1712005427,453
56d6d699,4095.97,1712005428,129
11f54417,1473.79,1712005429,250
a03b856e,23999.25,1712005430,105
c2adb1cd,43224.59,1712005431,331
9696f5f3,22198.89,1712005432,253
d223a96b,48291.37,1712005433,256
25696bed,45562.53,1712005434,248
9e28de6e,13516.26,1712005435,186
1cbbe3cc,16082.69,1712005436,114
e85703cf,10540.29,1712005437,189
2eaf5f3a,14602.85,1712005438,329
25ec500a,16722.86,1712005439,463
a02b1d3e,41662.63,1712005440,221
6ae31f23,42481.1,1712005441,193
fc353778,20236.87,1712005442,223
eafdc014,39237.45,1712005443,464
7e80200d,34259.44,1712005444,108
2b293a3d,39726.09,1712005445,320
6b482462,16396.42,1712005446,186
c58542e9,18753.33,1712005447,489
8b116da1,33445.19,1712005448,426
d67e6038,49194.53,1712005449,401
ea779ab1,9712.59,1712005450,405
ccb6ae5d,32360.1,1712005451,331
4b907215,3190.75,1712005452,395
2d39583e,41342.99,1712005453,102
292d7b47,38895.56,1712005454,355
85b27f51,11910.19,1712005455,264
c054e6d8,39836.29,1712005456,292
ba316ccf,2416.02,1712005457,166
140f22d4,18254.62,1712005458,326
4eee024d,13917.97,1712005459,485
f5693f69,22647.86,1712005460,213
1a604e8d,12511.78,1712005461,176
d57a6fc2,2600.93,1712005462,329
d259cb72,6020.36,1712005463,336
a0a1c446,47613.72,1712005464,402
e772b5ba,43762.37,1712005465,466
f1740142,31166.36,1712005466,194
bac8b566,8007.03,1712005467,387
df1b7a84,2488.87,1712005468,301
4ed364a0,37886.6,1712005469,151
802a5df1,20374.78,1712005470,325
f3142451,28358.51,1712005471,131
47167891,1031.91,1712005472,475
afd9ce3d,11888.01,1712005473,379
aaa1e39b,6590.37,1712005474,345
a68b242e,15431.97,1712005475,235
af42178e,5384.28,1712005476,281
09e99fb9,34473.33,1712005477,209
2061261c,5124.62,1712005478,219
3fdcbef4,14734.36,1712005479,393
bd7b203f,13784.45,1712005480,296
5908f23c,4951.49,1712005481,327
ba3e2964,3926.38,1712005482,286
600acbe0,5873.13,1712005483,195
89112b22,22188.56,1712005484,471
fe880fab,49693.36,1712005485,136
5af50ffc,37348.22,1712005486,461
5ee996e2,39957.93,1712005487,186
e853df6e,37511.36,1712005488,100
f1c2e025,9064.81,1712005489,460
bc8a6373,8580.0,1712005490,129
f053e408,39697.65,1712005491,395
d230a56b,21037.15,1712005492,143
f5a9fd09,20279.07,1712005493,292
a03d4676,19385.64,1712005494,264
a69ccafc,44084.09,1712005495,217
a7cd1cd0,44626.1,1712005496,322
900b8bfd,7683.69,1712005497,186
71011128,10352.25,1712005498,446
bd355070,15051.37,1712005499,459
c76235da,35497.13,1712005500,314
f1bb9c33,24693.69,1712005501,260
e23826b2,22457.91,1712005502,393
d8395bc4,40188.95,1712005503,271
530f5bbf,45880.58,1712005504,123
68686d3e,23409.65,1712005505,463
b9dd9e99,21361.54,1712005506,403
541be361,5292.76,1712005507,373
3c8e0b69,41987.63,1712005508,148
2f068ee5,13508.85,1712005509,282
b13600d0,16824.53,1712005510,254
04c2c5ed,12498.17,1712005511,265
b3d78339,19324.26,1712005512,476
32c49e7a,33504.67,1712005513,451
9b8f1a36,31233.15,1712005514,147
39e93ec0,29696.18,1712005515,147
017ce6df,30138.9,1712005516,230
94cc84d8,47396.03,1712005517,168
06b31044,36917.93,1712005518,450
86701b7d,43984.03,1712005519,345
28507c53,3217.79,1712005520,165
a2918106,21990.53,1712005521,496
21bc3a9f,32986.3,1712005522,369
c82292d2,16532.59,1712005523,236
4689fb80,8289.25,1712005524,404
b5d35bef,4825.23,1712005525,403
de26882b,11631.05,1712005526,465
bf438363,47639.66,1712005527,391
3641dd45,43422.4,1712005528,126
ec842480,21483.96,1712005529,217
82e22c93,46023.17,1712005530,293
db151e66,22012.57,1712005531,496
a7e88f7c,20044.13,1712005532,344
35437e28,48183.37,1712005533,193
3d740bf4,2575.88,1712005534,392
fc186f3d,46672.76,1712005535,102
34e6ac47,7178.74,1712005536,287
8175d9a7,20649.6,1712005537,173
86887ab9,17135.43,1712005538,421
a0ee76fa,38456.55,1712005539,455
834bf222,44170.98,1712005540,459
4c580381,47291.3,1712005541,124
94a7659c,30793.33,1712005542,248
9a40ae76,29735.07,1712005543,486
fa9ecadf,38434.91,1712005544,447
6e63fa46,36836.06,1712005545,309
f79d8890,5830.36,1712005546,186
84f17082,28670.44,1712005547,455
4ab7a9cf,49772.58,1712005548,141
0650410e,45206.94,1712005549,434
5f989361,25741.31,1712005550,210
52f66c6f,46164.34,1712005551,220
b1db04a0,44737.23,1712005552,254
5096a12c,26550.27,1712005553,239
f7078602,47513.86,1712005554,391
a086efaa,41423.18,1712005555,445
70d5b535,14690.9,1712005556,429
273009d9,24430.71,1712005557,320
03155355,29210.07,1712005558,145
aa94d9a7,31696.67,1712005559,241
a6e85a76,9373.15,1712005560,107
e165dbda,21336.94,1712005561,387
53fe34a6,29288.97,1712005562,481
3d85a607,41639.42,1712005563,259
e64a2467,27479.52,1712005564,421
097379ff,31318.93,1712005565,489
e6af8253,36674.76,1712005566,455
69f2ab50,42097.07,1712005567,168
dcb04a99,19061.23,1712005568,499
fb6aaaa2,24260.71,1712005569,275
ec5662ce,21326.74,1712005570,369
49fd0c73,13054.38,1712005571,443
d61b45fa,16505.13,1712005572,468
7258d4c0,10608.26,1712005573,337
bccf9f44,47299.56,1712005574,469
6da5fb43,40386.37,1712005575,319
26716c2e,39646.32,1712005576,439
15f62148,41865.27,1712005577,254
ef570473,32680.44,1712005578,250
56f7eaec,29692.33,1712005579,156
308f5a36,2810.72,1712005580,357
55179f12,37554.91,1712005581,356
d1d926f3,30334.45,1712005582,210
91b1953c,12226.13,1712005583,233
539b13c1,44006.94,1712005584,222
6480b7a6,42419.09,1712005585,382
0c10e3bc,30270.02,1712005586,285
5384aedf,30638.44,1712005587,185
5ab9f6c2,10574.06,1712005588,417
db1883bb,27658.98,1712005589,497
212fa3a2,20813.16,1712005590,133
a8de8d1c,21647.37,1712005591,330
382a2f80,36764.35,1712005592,174
8c6ae85e,6826.44,1712005593,301
04a81323,41957.37,1712005594,490
10a4589e,4289.72,1712005595,238
0f5010ab,11641.83,1712005596,401
5a2cd8fb,46797.74,1712005597,172
f481bc07,15384.23,1712005598,392
4ef7056c,40041.55,1712005599,296
5cb2ed27,13710.96,1712005600,129
a22abf5c,28736.99,1712005601,281
30165925,21694.66,1712005602,254
5d8a42aa,11631.55,1712005603,457
7392cf09,8799.59,1712005604,112
f7f3490e,8872.94,1712005605,262
8d3ec384,25237.05,1712005606,237
b2ea255a,21420.07,1712005607,207
84bb2f4a,41584.22,1712005608,273
d3720e7c,11165.32,1712005609,339
c2ea5595,42587.48,1712005610,224
c8b146f6,13107.46,1712005611,452
6c122760,40796.68,1712005612,433
66672be1,8387.04,1712005613,447
a3bfe456,24271.69,1712005614,194
507d889d,22369.6,1712005615,196
5dbcbef5,6405.69,1712005616,284
1203a9ad,37945.85,1712005617,344
38b8ca86,26309.7,1712005618,138
5d12773d,46311.24,1712005619,154
661dd9fe,9275.96,1712005620,333
8f6c46b9,18109.1,1712005621,358
5b8319d5,46619.68,1712005622,431
efc45358,42183.24,1712005623,448
e55fa0d6,3276.81,1712005624,491
dbb62482,38977.6,1712005625,311
8d466cb2,7366.0,1712005626,133
270853ba,20039.76,1712005627,370
a511e30a,9661.52,1712005628,240
2d8827f1,37443.29,1712005629,480
1f67b080,38204.56,1712005630,491
df95b2a3,19566.85,1712005631,328
34e58ee4,49517.36,1712005632,373
4deec19f,19605.32,1712005633,385
09e1ac40,13270.54,1712005634,272
edd73a28,23302.4,1712005635,160
915a19f8,13218.46,1712005636,492
b2da0076,46123.99,1712005637,477
fdd89d2f,19559.37,1712005638,357
c3cea0ed,1783.95,1712005639,325
cef400d9,47733.91,1712005640,475
ba9eb525,8595.61,1712005641,273
dc087539,12665.57,1712005642,338
63d802a4,39404.0,1712005643,281
10daaa31,38452.7,1712005644,308
468f024b,30239.83,1712005645,387
d3ea7598,30826.45,1712005646,251
1912ce89,39579.23,1712005647,332
94c648b7,30040.09,1712005648,125
a149d15a,25132.6,1712005649,432
510cc81d,21131.18,1712005650,189
70500ed4,24937.35,1712005651,293
c06f70ed,21327.52,1712005652,311
ec6daeb1,7534.46,1712005653,233
1295c0e4,13124.31,1712005654,166
d0bb04d1,22845.95,1712005655,299
9e7af1b9,25420.34,1712005656,462
7d38b099,15138.99,1712005657,209
96008a26,19044.89,1712005658,381
8cd63570,30736.95,1712005659,329
0eda7f2a,28987.26,1712005660,249
30baceaa,29256.93,1712005661,243
11277854,44773.96,1712005662,306
bff615ab,15489.88,1712005663,233
4416a615,33561.69,1712005664,432
f46da096,27930.11,1712005665,278
dca49532,38662.91,1712005666,346
9445525b,4066.21,1712005667,230
4faea4a6,23218.8,1712005668,126
214c5723,2555.28,1712005669,143
50990e88,7723.67,1712005670,267
b88d01e5,43031.24,1712005671,426
0dbd5fcb,33513.14,1712005672,330
19748a98,41144.97,1712005673,289
cf21f4d6,9444.75,1712005674,456
6c56a3e4,36120.67,1712005675,435
c703da7d,34847.96,1712005676,465
fead9c0f,39910.1,1712005677,389
cc685ea7,40684.91,1712005678,269
963283e1,49262.8,1712005679,169
90195fd3,29950.45,1712005680,201
df375a2c,41129.88,1712005681,190
35a4c310,10819.74,1712005682,434
f47e7dcf,36323.27,1712005683,119
9daa8f26,31396.05,1712005684,316
6991d8b7,7144.61,1712005685,471
c22dd4c4,1216.75,1712005686,398
0c3abcbd,11360.35,1712005687,178
c59a0fcf,20349.45,1712005688,443
a038114d,19156.07,1712005689,257
f35ebf02,9419.03,1712005690,215
ecb463a2,27870.8,1712005691,343
bfa9b9d6,28729.51,1712005692,334
70580316,21417.51,1712005693,279
a74cd3ff,11389.44,1712005694,292
c8e7370f,33840.84,1712005695,491
168d6cc3,31313.53,1712005696,235
c503e801,49619.27,1712005697,189
f7ca8935,17641.31,1712005698,284
aa8d1d19,35317.49,1712005699,457
21ffc658,23751.66,1712005700,485
8df26672,14946.37,1712005701,323
564cb9e3,49143.62,1712005702,490
c77333f0,42428.7,1712005703,291
0de80eb6,23320.96,1712005704,354
1a924206,2721.59,1712005705,199
c600a6e8,33745.5,1712005706,457
d84d6a1b,16817.02,1712005707,308
780b96d9,12649.79,1712005708,417
d9c2f750,22231.28,1712005709,277
b7e721a3,40559.93,1712005710,315
5f4f0181,48578.57,1712005711,431
a9d586ab,14956.55,1712005712,178
8955410f,37790.71,1712005713,129
61b8531f,24684.1,1712005714,378
356f6fc0,36210.98,1712005715,274
c580aee3,35738.46,1712005716,147
f4c68ab4,7239.7,1712005717,175
2db7722c,25603.5,1712005718,231
bdf51017,15969.2,1712005719,193
e10747b9,19751.0,1712005720,307
48c0a071,6817.25,1712005721,493
f9a09cb3,32169.25,1712005722,343
9be5ad04,3017.05,1712005723,454
f81be8ad,6176.19,1712005724,452
ab9b2675,25077.62,1712005725,403
15d926c9,25041.09,1712005726,287
daec9782,1107.54,1712005727,163
feff555e,47789.52,1712005728,368
8059fdf8,8738.56,1712005729,215
1f6e0aa4,32691.88,1712005730,214
5b7d11cf,11786.64,1712005731,281
8563393d,30771.79,1712005732,421
6aa121f2,9150.46,1712005733,313
4079df86,48452.29,1712005734,179
08edd3dc,12782.75,1712005735,161
527aa3a0,42417.49,1712005736,422
2b21ef11,18523.19,1712005737,260
3610ec26,24690.91,1712005738,327
23029f45,1059.1,1712005739,414
02dae8b6,41608.76,1712005740,489
1f1b6a55,4534.02,1712005741,324
0eb534b2,38057.37,1712005742,239
fa3f5513,10330.0,1712005743,481
56ec8fe3,4114.81,1712005744,170
fca3a73f,23427.23,1712005745,445
15a9a05c,10434.84,1712005746,496
fd481473,38598.0,1712005747,434
d353f803,26381.64,1712005748,377
a6849fd5,40942.45,1712005749,271
33c09e64,8866.19,1712005750,129
07b8634c,44509.08,1712005751,412
8f5d57ad,25974.16,1712005752,356
7851720b,25278.91,1712005753,487
c34cc197,19771.6,1712005754,326
1765afe8,35124.71,1712005755,103
60a75f3b,23797.19,1712005756,401
f658c495,24809.89,1712005757,452
4c909f24,9959.28,1712005758,242
447436d0,40724.66,1712005759,364
b745e66e,16035.58,1712005760,104
3010b10d,23382.32,1712005761,497
1ac33876,29287.86,1712005762,277
07c21521,35490.7,1712005763,246
d92d8440,17899.73,1712005764,481
058b0299,14117.82,1712005765,332
acbc7d54,36006.42,1712005766,380
e19f2038,44708.65,1712005767,105
cd3a3c0b,29693.01,1712005768,447
82fe47f3,6645.66,1712005769,299
a2043f32,6888.83,1712005770,478
813f90a9,20058.1,1712005771,175
7eb2d109,17738.25,1712005772,411
f3e549a4,16269.65,1712005773,139
01547d4e,20280.66,1712005774,257
d4708eea,39668.54,1712005775,109
f5bd3384,27423.47,1712005776,101
4a10b837,24614.81,1712005777,188
4e0b46cc,24732.07,1712005778,452
63310a6a,48715.96,1712005779,418
65889fa7,25349.55,1712005780,354
2a9b7619,17644.58,1712005781,387
a1ed904f,15970.33,1712005782,271
cf8bc7fe,34557.84,1712005783,187
eafe0eda,41954.15,1712005784,369
6fb6e325,37352.99,1712005785,386
c6f5103d,19869.45,1712005786,384
d792c742,4033.2,1712005787,326
df87625a,7353.96,1712005788,452
7138028e,48427.66,1712005789,455
4e177509,29669.75,1712005790,295
04a2b868,23373.51,1712005791,472
194945e8,49772.61,1712005792,381
ecca4eeb,10402.72,1712005793,423
0329b2ff,25623.13,1712005794,334
1a96d62b,5998.5,1712005795,297
678c2943,45295.52,1712005796,318
3ae8c171,42428.64,1712005797,225
fddb587c,31011.26,1712005798,313
305a9950,20519.4,1712005799,265
355ddc43,6710.2,1712005800,342
5958f533,44546.07,1712005801,113
fefd474a,49279.58,1712005802,369
ec0e1677,39885.4,1712005803,316
8760a2c2,33544.84,1712005804,219
afbc78e5,17710.16,1712005805,197
f23aad47,20095.61,1712005806,241
95247521,14526.82,1712005807,394
fe4fa44c,33247.0,1712005808,249
cb6a68a3,29812.71,1712005809,357
ec4d35b4,19150.23,1712005810,294
a9fbeb56,20014.24,1712005811,223
417a595a,23140.46,1712005812,405
2fcf89e1,38389.87,1712005813,199
8d99e152,27083.07,1712005814,498
f213ebb1,19165.31,1712005815,402
6c31a671,3422.51,1712005816,383
961e8c1c,46549.99,1712005817,336
5ffbd274,1993.66,1712005818,304
0fc10a43,24724.04,1712005819,287
91504f90,37794.62,1712005820,322
98cffed1,34739.2,1712005821,405
742a4c62,44090.23,1712005822,201
509aa336,20712.38,1712005823,223
9b9b2368,37732.83,1712005824,435
50461be4,17729.26,1712005825,230
868a3716,15397.52,1712005826,357
7d1f8fc9,34667.87,1712005827,219
44a8c6a6,21970.42,1712005828,398
f56866f0,17381.2,1712005829,389
941153f1,35059.64,1712005830,353
b8e50839,3886.33,1712005831,319
11057fb4,20920.62,1712005832,233
801495de,26332.68,1712005833,205
09759f17,31757.36,1712005834,206
605e48ef,41732.14,1712005835,437
8870f679,38915.36,1712005836,431
86b19e9a,8516.87,1712005837,342
2be4041e,32736.46,1712005838,278
03276d48,22060.77,1712005839,255
5c4b2fca,42690.23,1712005840,172
1e050bdb,6019.57,1712005841,210
88cbd590,46985.12,1712005842,180
653bda96,32459.1,1712005843,461
b0634523,16364.17,1712005844,464
d4229abf,45782.59,1712005845,366
4dca6629,34175.94,1712005846,141
e69d8719,28824.79,1712005847,256
94b55294,9096.34,1712005848,495
470b14f0,17559.77,1712005849,417
cba3d4cb,30295.63,1712005850,148
d3b9a977,33933.15,1712005851,364
1994380d,24678.59,1712005852,184
e8a8c53b,16447.86,1712005853,305
af45cee5,28723.62,1712005854,377
88af391c,17814.23,1712005855,167
3b671db9,47390.33,1712005856,183
24d87273,10552.42,1712005857,229
d7eff0dd,21941.34,1712005858,428
bab94414,31908.34,1712005859,425
b5e6b68e,40450.92,1712005860,187
2fd09563,26853.72,1712005861,492
84b14642,39069.5,1712005862,266
226d3c31,13034.52,1712005863,207
d84547b8,17779.82,1712005864,188
9b6a4626,10991.27,1712005865,148
dafcbaf7,12766.66,1712005866,434
83caa9e9,30741.89,1712005867,405
43eef11a,24234.28,1712005868,298
b3739738,44271.76,1712005869,175
37a71c9a,30196.12,1712005870,445
c32b7a88,24114.2,1712005871,124
d3ec25f5,11496.64,1712005872,253
303117d0,1310.54,1712005873,185
a8190f81,24019.43,1712005874,192
ebc74f61,27446.22,1712005875,129
2198f5e3,23006.6,1712005876,299
711aed4b,4071.84,1712005877,277
1885165e,17826.72,1712005878,445
33fbd77e,22026.85,1712005879,125
708524b4,20070.04,1712005880,327
c58f7453,33508.35,1712005881,447
14727172,13229.42,1712005882,446
c90c8c3c,1012.33,1712005883,406
50306c1f,29575.0,1712005884,258
4adb09b3,8216.69,1712005885,456
38517f97,17916.76,1712005886,467
83047e6e,48680.16,1712005887,459
08f93a10,22622.65,1712005888,127
1a5c2449,41765.09,1712005889,478
f694de51,40301.44,1712005890,415
1365a4b6,43601.5,1712005891,173
986d36c5,21596.09,1712005892,397
3b683ad8,27767.04,1712005893,321
e4f9acb0,15021.06,1712005894,255
5e6ef74e,24552.72,1712005895,471
22802e05,31199.85,1712005896,471
8712fc5c,7435.7,1712005897,477
2f9bd1be,19878.19,1712005898,378
f45b955f,29272.7,1712005899,170
cac592e3,7681.23,1712005900,208
5b3a6788,32533.38,1712005901,460
5e2180da,17723.84,1712005902,328
391909ac,12940.6,1712005903,122
49d7d526,13338.07,1712005904,104
1cbe86bf,35846.38,1712005905,446
003b1634,19389.33,1712005906,229
22b30b61,15124.08,1712005907,481
89ff59f8,24736.89,1712005908,269
f00ee167,29215.65,1712005909,470
3b572358,34771.01,1712005910,474
507570c4,9355.31,1712005911,268
627ea33f,16927.34,1712005912,205
ed865c1a,42837.25,1712005913,389
b2a87522,46569.64,1712005914,340
0f4c18ee,22322.89,1712005915,417
207c3b18,8186.63,1712005916,374
9c6f6245,36317.62,1712005917,207
690b950d,1722.7,1712005918,434
5feb378c,10687.29,1712005919,122
e1fbe702,36687.9,1712005920,232
80ceceda,45291.75,1712005921,467
f9574ab2,29064.67,1712005922,244
85a4eb4c,46923.7,1712005923,488
b5840440,44158.62,1712005924,417
08004d11,5194.27,1712005925,376
05961c1a,8621.4,1712005926,126
81cb9bcb,12107.31,1712005927,174
b4a50df5,35830.97,1712005928,211
83d8465c,11413.58,1712005929,315
76d93a13,16667.54,1712005930,432
835fef6c,25505.78,1712005931,407
37f96149,18792.95,1712005932,309
c3077ee3,10943.52,1712005933,149
55d10dee,8876.61,1712005934,104
07bc9239,8441.34,1712005935,383
8e6b63fa,25526.83,1712005936,281
f1d2a352,19197.8,1712005937,144
27c3a423,4262.93,1712005938,208
a8674176,45953.01,1712005939,228
964eea89,4766.4,1712005940,353
800fd544,36957.62,1712005941,389
da9b5074,11070.62,1712005942,446
5df34736,8390.08,1712005943,101
16734460,31552.22,1712005944,259
c813bd0a,40532.44,1712005945,183
d65400f1,49576.99,1712005946,491
58e8a1a5,33161.87,1712005947,197
c71bf90a,35894.62,1712005948,251
8ae1fa2a,20598.37,1712005949,120
6c7580f2,20657.59,1712005950,271
cf5dc943,5697.64,1712005951,122
8c74cd4c,31828.11,1712005952,194
6dcdcd5a,24087.33,1712005953,128
a5cd292e,3378.24,1712005954,139
c0955c8d,41412.07,1712005955,332
e9d8ca1e,14661.47,1712005956,452
432853d2,9749.06,1712005957,192
601290c3,13936.64,1712005958,328
a5296c1e,13758.96,1712005959,376
5fb73104,47093.04,1712005960,251
f4f5bb08,11680.98,1712005961,185
1aaeed60,38479.68,1712005962,202
e4ded975,27326.26,1712005963,261
915c7d47,1043.92,1712005964,106
52343b96,39361.78,1712005965,119
aeb17664,48409.12,1712005966,272
2229a6da,24128.13,1712005967,390
43856c44,43424.15,1712005968,317
2d7b758d,23650.1,1712005969,242
a57149b6,42443.93,1712005970,125
4e7fd40e,11946.71,1712005971,197
51a2b91f,31200.2,1712005972,179
51d19977,35377.97,1712005973,482
b2443316,45380.98,1712005974,204
19a37f79,41226.38,1712005975,403
abd9c778,44437.51,1712005976,273
b253d1e6,3517.76,1712005977,217
c21a32b2,36583.92,1712005978,322
8d6c5ad9,5843.51,1712005979,316
102e70a5,22473.49,1712005980,164
9d813d5a,20989.44,1712005981,471
6efa8b8e,25719.52,1712005982,171
6e878487,24377.37,1712005983,429
b0d4b7bf,2757.05,1712005984,330
9a2c2a52,26188.78,1712005985,323
c73cf1f2,38239.81,1712005986,447
f7794be9,26286.7,1712005987,474
4a2da0b6,28183.13,1712005988,281
1a780c5b,43679.96,1712005989,402
44bb7cc4,16282.83,1712005990,123
4936b68b,4050.97,1712005991,303
333bddb4,48339.22,1712005992,310
088180b9,13578.15,1712005993,436
f8e6bd0f,43611.13,1712005994,399
a8415ec4,39859.61,1712005995,318
6172aa2d,28990.1,1712005996,155
611f5ece,9019.69,1712005997,485
1ccf3ba0,14730.16,1712005998,325
7ee7c605,49893.44,1712005999,271
89cac54f,39357.95,1712006000,111
274620b5,27283.33,1712006001,159
19137d45,15215.12,1712006002,199
98f13161,28925.95,1712006003,487
863ac675,24444.89,1712006004,472
257703f1,25655.77,1712006005,150
1320caef,48395.66,1712006006,374
4baf4706,14871.46,1712006007,179
f844607e,4460.8,1712006008,206
1451eef8,21803.52,1712006009,272
65891212,42208.6,1712006010,216
330f5c5c,15083.39,1712006011,137
e2d80d19,2723.28,1712006012,452
ab08d44f,4567.48,1712006013,126
6a5b327f,25140.81,1712006014,244
feaedbe8,10880.62,1712006015,359
03fd984e,29987.95,1712006016,179
1a7f848f,35817.22,1712006017,372
d428c27b,16040.31,1712006018,399
9ecda084,12875.43,1712006019,195
9d9d059f,1544.3,1712006020,489
bd335368,40464.51,1712006021,110
774910bd,47526.18,1712006022,342
0ffdb7f0,6257.86,1712006023,362
a61da06a,17115.37,1712006024,226
a30765eb,20279.89,1712006025,314
3b81efef,21681.33,1712006026,290
1cc61b67,13282.06,1712006027,489
e8b6d98d,17275.09,1712006028,382
63485a99,48483.85,1712006029,220
6f5841f0,41405.94,1712006030,367
8bff54eb,25018.09,1712006031,241
1de9b0ed,19602.01,1712006032,128
df231884,1384.62,1712006033,217
2462cad5,28401.49,1712006034,329
83cea055,43383.2,1712006035,138
8b1dff7a,10233.4,1712006036,326
77e786b4,2646.2,1712006037,258
050e6207,8428.27,1712006038,345
02dd20e6,30269.1,1712006039,178
16a4e22f,49052.87,1712006040,351
f69df5bd,28470.12,1712006041,483
061dbef3,37732.46,1712006042,467
fbd1032f,13346.86,1712006043,286
0c39aed1,23786.18,1712006044,404
c5b71e40,44392.18,1712006045,328
37f36cab,4614.06,1712006046,345
38b37fec,15829.12,1712006047,324
3639ce66,12864.4,1712006048,489
ef11e956,19583.63,1712006049,479
826dae46,22020.08,1712006050,321
5db61cb3,28379.5,1712006051,101
f919cc92,17162.98,1712006052,368
32cb15cc,23252.85,1712006053,488
a7b429c4,30769.24,1712006054,384
6dc1319c,12304.44,1712006055,346
995a26ee,15558.21,1712006056,335
da8b195f,18724.55,1712006057,163
da8e220c,22854.65,1712006058,443
d3f4d88b,35237.73,1712006059,151
476afe00,1662.31,1712006060,386
ef89b259,38632.04,1712006061,221
0a2f00c4,33121.72,1712006062,267
889a8dee,24528.88,1712006063,224
bd1d3961,38103.75,1712006064,462
6cab41e6,15404.99,1712006065,214
982b952d,46151.03,1712006066,132
8386b5d0,11608.49,1712006067,203
a08cb742,35680.93,1712006068,466
86a994cf,33188.53,1712006069,222
e32c5ff9,36249.79,1712006070,418
0b426f84,19685.13,1712006071,382
7542a4ed,12337.75,1712006072,408
eb9d1435,4802.71,1712006073,277
c07ebb44,17537.43,1712006074,229
841f07fa,43382.83,1712006075,267
422385b4,39827.21,1712006076,131
b590e331,36200.69,1712006077,273
7e0fcbb1,24667.38,1712006078,314
ec3846cb,1907.98,1712006079,226
11aa2206,9248.62,1712006080,433
b727d7ae,10212.95,1712006081,299
c6e37272,2008.19,1712006082,342
e1411675,45927.5,1712006083,488
cdd1a00e,14261.99,1712006084,368
c4866979,47116.77,1712006085,422
3f4ab1f0,35585.68,1712006086,232
46f8f068,14438.92,1712006087,269
b0ac06be,33346.71,1712006088,248
f1399f27,10390.95,1712006089,454
874b74e4,7572.01,1712006090,221
4c1f2538,6276.66,1712006091,105
5f25088f,45316.45,1712006092,365
267ff30b,14837.83,1712006093,402
5df32fed,33063.47,1712006094,389
c10615d4,8851.89,1712006095,310
f7c8b1bf,6799.4,1712006096,144
37a2e183,24130.91,1712006097,306
b1c5a845,39537.45,1712006098,221
29ca3650,28185.19,1712006099,388
e5ea00f5,3849.54,1712006100,231
4b71e2c6,32355.19,1712006101,429
60852663,14771.97,1712006102,186
ee5a6441,9748.97,1712006103,389
9aaccb76,25357.44,1712006104,127
7349337d,34116.39,1712006105,439
b58a848c,3265.82,1712006106,142
8465ca17,1073.78,1712006107,259
848e2543,2922.2,1712006108,372
f5f79f17,3638.49,1712006109,423
c29da011,28997.9,1712006110,106
1ff30bd7,39011.63,1712006111,219
fcae5972,30945.21,1712006112,130
c8a01411,29069.9,1712006113,243
99b960fa,32410.81,1712006114,373
653d3362,3763.29,1712006115,272
0134fd4e,38146.0,1712006116,435
9003f4cc,21719.51,1712006117,478
5d83f734,20839.32,1712006118,181
b76bba33,41813.02,1712006119,140
b94a6878,44042.86,1712006120,223
49fe665d,30576.83,1712006121,107
13d9de19,20877.46,1712006122,340
4b6885cf,7100.96,1712006123,364
1d838f3a,40656.3,1712006124,223
f52c3923,34885.37,1712006125,479
673d49db,48228.46,1712006126,285
b85841a3,39650.63,1712006127,419
1bffaf36,5496.68,1712006128,314
04c427e5,19293.2,1712006129,357
42565b6c,31210.9,1712006130,156
60309b2f,15953.21,1712006131,285
058f145c,18067.22,1712006132,320
572ab49a,19500.39,1712006133,490
d444a012,47404.75,1712006134,319
df2e43d3,12209.92,1712006135,427
4a83b386,4799.55,1712006136,235
25300d21,34486.14,1712006137,417
81303281,15161.31,1712006138,431
854c7733,30865.64,1712006139,260
4152f0fb,45652.65,1712006140,468
350ad5df,20704.6,1712006141,288
f8ac5c5d,36074.91,1712006142,493
f656254f,25898.22,1712006143,270
62a8a236,23812.51,1712006144,411
11b8e015,43363.92,1712006145,239
a9435341,43389.15,1712006146,165
c995030d,41398.45,1712006147,459
cfefc1a4,45708.98,1712006148,397
19ecd654,10553.35,1712006149,499
b6bdf681,20634.02,1712006150,357
ac7ae1db,33595.59,1712006151,457
d8def355,20461.27,1712006152,213
4fb68119,46273.88,1712006153,470
0bfac58b,32776.3,1712006154,235
4fc89828,19927.62,1712006155,381
66cce1ab,23294.33,1712006156,478
f4dfa68d,37296.63,1712006157,366
364debb2,45589.58,1712006158,145
5032cc58,32854.04,1712006159,211
f271d20a,48524.57,1712006160,123
77cf49a9,49634.9,1712006161,276
cfda52a3,10318.32,1712006162,303
372e788f,46952.66,1712006163,169
f562d1c7,18540.72,1712006164,391
4a6d52fa,2983.58,1712006165,311
5e0a8ed8,8150.06,1712006166,316
3a6ad589,22172.65,1712006167,404
ef34f8a3,48203.45,1712006168,154
ea7cbbc4,16533.89,1712006169,391
88f93261,46354.55,1712006170,183
1e0cf43f,35113.21,1712006171,435
8b33f980,36841.99,1712006172,387
be0f192f,1944.0,1712006173,270
ccdb45dd,48139.11,1712006174,348
16a91a6e,49057.5,1712006175,496
3130ef3b,20510.54,1712006176,170
4294ef5c,10672.78,1712006177,270
41b9ab47,2354.95,1712006178,109
4ddf0c9a,42777.67,1712006179,233
24d16606,17405.43,1712006180,373
6d2ceb86,33717.55,1712006181,316
86e73fe5,16252.98,1712006182,124
e1cd9827,37641.6,1712006183,340
2ba96549,18387.52,1712006184,406
01f7015a,20167.12,1712006185,411
0990bcfe,10291.32,1712006186,394
9e474413,17952.19,1712006187,331
6e53394b,6275.64,1712006188,443
274424f0,18794.09,1712006189,399
9597ddef,44373.67,1712006190,256
a88a8c17,18091.33,1712006191,107
f02c52cd,36945.19,1712006192,452
40c8ee89,36953.82,1712006193,190
042522f5,30431.95,1712006194,242
892f4322,32367.06,1712006195,174
9db461c2,23289.92,1712006196,309
d44d5039,10763.67,1712006197,351
dd654ebb,5856.25,1712006198,490
6f2da12e,26788.57,1712006199,374
67ec29ef,8078.02,1712006200,307
6e8fefc0,24185.41,1712006201,442
d59b3901,12489.18,1712006202,312
e4c57841,38888.36,1712006203,367
12de41f1,40058.42,1712006204,315
259b9885,37647.2,1712006205,115
a3b66335,45410.92,1712006206,192
01af3838,35171.01,1712006207,126
d1ca20e8,25495.34,1712006208,178
7c872d71,39279.13,1712006209,125
9887a92d,15031.38,1712006210,364
cb678251,45766.31,1712006211,239
dad7c451,40895.27,1712006212,283
1278ff3d,35661.49,1712006213,149
2c7ede23,3845.91,1712006214,195
63942cf4,14586.12,1712006215,364
d0971785,11980.78,1712006216,197
fca5ba0c,24729.33,1712006217,358
1781ab0d,1325.59,1712006218,290
9e6ea2e6,10002.93,1712006219,451
822708bf,18137.3,1712006220,462
60154381,36400.29,1712006221,147
a07b3442,7095.29,1712006222,228
f914f24e,13728.76,1712006223,448
70533a80,15477.43,1712006224,181
be64dd46,14981.46,1712006225,340
e8fee3bc,19835.29,1712006226,434
428f439d,10718.44,1712006227,197
6bd8171d,7104.96,1712006228,218
0d1f0a55,13800.79,1712006229,212
09d62f39,12035.03,1712006230,194
57d79f2c,19019.76,1712006231,478
52a977a6,12053.55,1712006232,199
44809cc7,32207.42,1712006233,310
f39dac9f,17538.79,1712006234,305
63e3569a,8422.4,1712006235,457
0fdf53af,14578.15,1712006236,169
e0805de2,11471.25,1712006237,283
ba0a00b9,20859.43,1712006238,245
9c6431a1,15366.52,1712006239,172
08ebcd16,29992.57,1712006240,388
7dfe776a,3128.97,1712006241,146
40c06761,45150.18,1712006242,322
61ef2353,21757.79,1712006243,235
20886692,23942.62,1712006244,427
51e0f9e2,24807.75,1712006245,369
9671f8b7,43866.79,1712006246,424
385f5c26,24718.57,1712006247,409
80cef3c8,44982.83,1712006248,289
15050fbd,44337.14,1712006249,323
aa78555c,35469.0,1712006250,461
9705677f,11440.47,1712006251,359
a95883e9,36667.29,1712006252,145
e1df6e64,46454.67,1712006253,497
ecb5315b,6898.66,1712006254,470
01167273,18853.93,1712006255,297
3b488da2,13159.15,1712006256,197
ffe9f7a3,17864.99,1712006257,181
9dac14b8,21543.19,1712006258,449
854997e2,30677.29,1712006259,245
c949de03,10392.9,1712006260,106
a8c76a2c,22356.66,1712006261,325
dc7d69af,29672.46,1712006262,333
e03f5760,39370.57,1712006263,376
20893721,9274.61,1712006264,217
6dcdaba5,20361.26,1712006265,348
dbc885e0,23421.88,1712006266,250
0e695a4f,42850.47,1712006267,165
01e04a1e,49448.02,1712006268,138
608b1597,32561.86,1712006269,127
e8841b8c,25506.19,1712006270,207
4178d950,27065.47,1712006271,355
a5bd5311,20082.62,1712006272,125
5a05a32b,18383.88,1712006273,448
e8d87fd6,34374.73,1712006274,278
52adfddf,27120.02,1712006275,256
925b34a4,16722.57,1712006276,179
17dfafeb,17820.39,1712006277,257
155bcaa7,32312.8,1712006278,124
f5ecd890,14800.12,1712006279,488
afa1fec1,21938.02,1712006280,121
ff8e0c57,12782.88,1712006281,439
9c7e2cbf,34235.73,1712006282,144
d25f62af,39286.37,1712006283,223
db069079,23257.81,1712006284,118
bee00828,38774.82,1712006285,196
1eb6cd17,44107.84,1712006286,132
a9e6171f,9761.94,1712006287,196
c895c647,21714.91,1712006288,117
c27ad760,29286.06,1712006289,400
4399485b,43160.62,1712006290,343
9e252950,22013.61,1712006291,347
a3b5f3c1,41295.59,1712006292,393
4648e3a4,3059.38,1712006293,496
ba5a4987,15250.74,1712006294,219
6fd1ff32,14608.28,1712006295,460
44106a63,11066.47,1712006296,249
c91bc0a6,22635.16,1712006297,122
5135d45f,32834.7,1712006298,274
d3a3e555,14960.15,1712006299,291
3d790415,9296.18,1712006300,149
b4698b6b,4828.81,1712006301,358
0fe857bd,18372.74,1712006302,330
13a72754,24079.64,1712006303,347
e4f434d0,23249.06,1712006304,400
499a677b,7483.36,1712006305,194
8cc6724e,13361.34,1712006306,162
2c1543dd,36394.26,1712006307,124
f9df2944,11587.21,1712006308,449
4a6bccf8,42983.32,1712006309,441
9d2e007a,2337.98,1712006310,469
5e199173,37029.99,1712006311,428
d2294488,43564.63,1712006312,439
0f133a1f,17062.91,1712006313,294
ae21e9b4,44143.37,1712006314,191
fce4ebba,49893.66,1712006315,188
9976a289,10979.38,1712006316,152
eebcf329,8232.27,1712006317,293
5cee0f74,9462.62,1712006318,398
7fcfb2e1,31482.63,1712006319,130
660c94af,14808.49,1712006320,474
e55792ac,47294.44,1712006321,247
733a5bd6,38878.87,1712006322,446
779e3648,45119.44,1712006323,332
656eb7bb,21116.1,1712006324,459
b25e17aa,5005.27,1712006325,163
1511476c,44663.05,1712006326,130
de7d3961,46810.3,1712006327,292
8a877f89,2797.85,1712006328,219
e2b81de0,9223.52,1712006329,463
73283dc8,38949.69,1712006330,427
e75da78f,21574.12,1712006331,238
4b7da7f5,22639.38,1712006332,401
8ab2b4ea,20162.86,1712006333,424
d5acdd6e,33105.41,1712006334,164
f55bd469,4667.66,1712006335,371
f161db5e,39451.64,1712006336,359
6633d24a,36480.53,1712006337,266
89cecd5b,18609.99,1712006338,349
dafb5fbb,36798.14,1712006339,379
309d2a86,14607.18,1712006340,166
6df2a2ed,46782.71,1712006341,113
490f0818,49655.32,1712006342,221
4dc9fafe,5461.19,1712006343,388
001743f4,30677.49,1712006344,149
e39b0514,36680.6,1712006345,312
598ef248,17851.99,1712006346,260
1cb41165,43939.08,1712006347,309
3371e223,7554.84,1712006348,401
2b77229d,3405.82,1712006349,204
b3a072df,5484.49,1712006350,417
bc546361,11420.55,1712006351,154
b2c3a7ce,4238.39,1712006352,336
e38df89e,15137.71,1712006353,255
f25478f5,5599.93,1712006354,348
031a1a57,19293.46,1712006355,161
3fc8e820,12042.02,1712006356,362
fd944fd0,30079.07,1712006357,386
c20a2493,17613.99,1712006358,132
80fb1d6d,27042.83,1712006359,277
4d788844,14171.63,1712006360,415
42b4b0f2,11350.61,1712006361,203
c8cd7ef4,16435.22,1712006362,276
5790590d,49874.21,1712006363,220
f04f5299,32819.78,1712006364,438
c23df50a,20174.03,1712006365,210
f66d4bc0,34448.2,1712006366,303
456b8194,35119.9,1712006367,257
0ba7fe9e,29607.0,1712006368,217
d766b857,3836.7,1712006369,143
f2e6f46a,44821.67,1712006370,475
35f51f51,28913.67,1712006371,165
17708909,15785.84,1712006372,252
84d091f2,39118.13,1712006373,222
2ad45218,24468.93,1712006374,190
40bccefa,32668.0,1712006375,270
204e212d,32708.6,1712006376,398
798d2eb3,15694.04,1712006377,138
cdc1be81,32308.99,1712006378,123
683ba584,7477.75,1712006379,300
b9b85b46,9088.87,1712006380,182
53e4934a,26603.94,1712006381,209
560b6c43,26988.6,1712006382,199
5a5dddce,43495.2,1712006383,203
3cd78da2,23543.01,1712006384,120
910af7da,38956.72,1712006385,244
08c417e7,5947.45,1712006386,188
aec3810c,17479.5,1712006387,454
98be7dc8,38703.06,1712006388,163
b9efcea5,21292.02,1712006389,486
2444ae4e,47848.35,1712006390,212
719d5a0c,15275.05,1712006391,113
0bff3d87,35254.11,1712006392,243
3bbcc500,17679.12,1712006393,339
d2aecd49,1899.33,1712006394,422
799fe9f5,21807.15,1712006395,475
feb15916,14004.98,1712006396,351
ab705158,5734.18,1712006397,118
5003f576,42073.71,1712006398,116
3cb75a79,33389.51,1712006399,347
db058e28,32770.32,1712006400,312
9b9940f6,19367.96,1712006401,152
d4236242,24113.6,1712006402,315
56255ecb,38560.5,1712006403,282
2655792c,4040.38,1712006404,322
2534d570,24279.03,1712006405,332
fbdce6c0,22147.52,1712006406,172
f550dab7,3291.16,1712006407,190
1bdb3aae,48948.96,1712006408,163
ad0248a5,40450.17,1712006409,235
2877991b,14204.11,1712006410,259
4df5f991,9006.72,1712006411,119
019bd917,45880.61,1712006412,198
5b0b82b7,33012.11,1712006413,297
a768252c,42651.91,1712006414,479
079ef8d2,14200.86,1712006415,275
851461a0,32236.4,1712006416,353
173cdc25,24967.18,1712006417,258
3eb072dc,34025.09,1712006418,275
eebe8075,25284.64,1712006419,327
ba11d643,37227.17,1712006420,123
2a55fa91,2644.78,1712006421,313
865b9315,22348.18,1712006422,272
2ae8497f,44346.94,1712006423,294
dbf33053,24000.45,1712006424,170
b9a2ce61,14554.21,1712006425,172
b88a27ec,45934.94,1712006426,184
d28394ac,27095.64,1712006427,450
73bf0876,31493.57,1712006428,270
a3fabefc,3112.82,1712006429,209
f8b0e7a2,19258.55,1712006430,332
66ec5536,32005.49,1712006431,431
2cd57ce4,12135.96,1712006432,214
1dbfb447,47605.27,1712006433,375
3abe7e46,2463.9,1712006434,102
d5ac3095,34162.15,1712006435,139
4943980a,48048.69,1712006436,313
30014fc7,44319.13,1712006437,118
f9bb622b,7527.77,1712006438,370
9f4e5fd1,23170.65,1712006439,128
629af25a,22021.35,1712006440,442
c1634fb7,24925.7,1712006441,488
f2a90e04,27541.68,1712006442,253
f9e0644b,41064.45,1712006443,494
b1403527,43030.36,1712006444,260
8bc77f4a,28085.13,1712006445,385
0c65c099,43908.77,1712006446,157
ab880647,43312.89,1712006447,437
1ead0e35,21568.89,1712006448,199
8eef5c2a,3258.06,1712006449,366
da2a7f1f,21600.47,1712006450,224
d8b2fa49,9859.59,1712006451,474
e989cb1a,1311.65,1712006452,124
7fa350e4,15461.0,1712006453,255
7b8a5fc3,34714.58,1712006454,390
78bde6a4,15929.88,1712006455,439
048205e8,12749.89,1712006456,220
1eae99a1,27552.92,1712006457,177
fb87d4c2,2738.99,1712006458,126
bb24805a,32155.64,1712006459,376
fe884d91,14547.59,1712006460,132
3c41bf80,11126.3,1712006461,489
d43bafa7,21957.3,1712006462,407
97d256ab,30002.12,1712006463,470
b6b456d7,14504.9,1712006464,270
509365e5,25481.7,1712006465,223
3060abba,15513.17,1712006466,103
8084c5e9,13224.23,1712006467,445
d6bdf293,41724.44,1712006468,170
0020f5ac,24120.42,1712006469,316
9c353b9a,44462.96,1712006470,340
0950a89f,38659.64,1712006471,271
375b58ea,29937.56,1712006472,165
b880a6ae,27442.31,1712006473,194
23c2d160,35716.61,1712006474,160
98aa74a3,16996.6,1712006475,157
bdb95913,5147.35,1712006476,148
ccb6f695,16213.33,1712006477,466
d8d0bdcb,38294.36,1712006478,259
21abcde3,16774.27,1712006479,347
c78b24ec,48182.95,1712006480,410
7e9884e1,12929.35,1712006481,258
7993c186,45129.74,1712006482,161
15ff1a7b,43477.33,1712006483,304
6c2f34f7,38366.72,1712006484,203
995454b6,11543.27,1712006485,489
31444635,10195.15,1712006486,171
cac7c258,46945.73,1712006487,167
33cef2c8,15671.53,1712006488,322
67da9f0b,49418.87,1712006489,326
ff23b6ff,4380.63,1712006490,126
34aeeb5f,2961.89,1712006491,403
5e28bddb,1228.74,1712006492,409
fb54b51e,42507.97,1712006493,497
a94a6720,17482.89,1712006494,191
f4e8793b,18152.01,1712006495,489
6eea360e,3002.98,1712006496,475
c7f111f7,46255.92,1712006497,188
1567cfd7,40246.75,1712006498,448
b3c908cb,25526.88,1712006499,473
f80a6fe4,48360.66,1712006500,322
067d87bc,6863.91,1712006501,323
f3f14a82,47417.54,1712006502,399
92d76ec0,9089.34,1712006503,120
a3e81cfd,38921.58,1712006504,345
03223bd0,28632.7,1712006505,258
673ac97d,8134.25,1712006506,153
c8214b1d,25893.68,1712006507,180
505209d9,35182.42,1712006508,443
6e0dec17,14168.3,1712006509,197
7fd11199,30698.52,1712006510,193
09cbc140,42842.13,1712006511,225
025bf584,39601.17,1712006512,348
5611c2e2,8662.6,1712006513,202
dcdc2db3,46404.85,1712006514,311
f88beca8,40183.55,1712006515,324
dadbc55d,35196.75,1712006516,475
7fdc02c7,9848.07,1712006517,356
333260ac,1312.51,1712006518,405
808fd185,24037.28,1712006519,487
b5eeeb6a,4907.75,1712006520,472
81e7c7bf,4163.18,1712006521,121
6c539553,35406.9,1712006522,234
f85d1c84,35925.32,1712006523,167
ce208260,30784.7,1712006524,104
d8d5f248,33341.96,1712006525,260
1fa7b5fd,4109.76,1712006526,350
955b7791,27924.23,1712006527,266
1b64cc81,6542.24,1712006528,404
ba7ff812,25767.41,1712006529,188
3e5c3bb3,2131.27,1712006530,466
b40f9a9a,5378.59,1712006531,340
7b74f802,37424.16,1712006532,244
af6d6973,5144.07,1712006533,281
6948c7e3,35087.74,1712006534,362
3f89f955,47577.22,1712006535,336
40c58f75,6627.15,1712006536,384
cdb30d5a,37874.15,1712006537,435
a729816b,46387.59,1712006538,468
14c2f41f,2040.31,1712006539,335
9cb0082b,43754.27,1712006540,264
c1109297,36780.8,1712006541,225
9436cde4,43667.91,1712006542,108
bf93eedf,13581.41,1712006543,175
87c4ee14,18784.16,1712006544,281
3cf2d1b8,33968.02,1712006545,195
e0ff2541,15132.27,1712006546,377
71c6b598,49953.34,1712006547,407
d1fbf4d9,10814.85,1712006548,394
e0aab98a,38896.85,1712006549,420
af959003,17029.48,1712006550,406
c521acc5,48155.12,1712006551,228
423aad63,2959.22,1712006552,131
210c9d93,11658.61,1712006553,173
490fcc8f,14663.62,1712006554,206
8f8f263f,12120.95,1712006555,315
57aa1cb1,26392.82,1712006556,404
adc1b37a,38700.0,1712006557,371
bccf0909,4906.62,1712006558,289
17079102,20676.11,1712006559,349
61137e40,29601.02,1712006560,430
b8e037f7,34760.95,1712006561,210
833098c9,42848.58,1712006562,245
e009c2a2,3668.63,1712006563,158
fb705e93,40278.68,1712006564,167
13d64fa2,27482.25,1712006565,124
fac8173b,35922.44,1712006566,254
d451a934,40760.53,1712006567,461
826750cd,13951.71,1712006568,218
babc13ad,34769.5,1712006569,165
406ef9e3,29739.51,1712006570,499
9eaec3ab,24123.19,1712006571,227
bbd4ce3a,40896.33,1712006572,238
a443c375,7884.16,1712006573,143
8a988009,23062.52,1712006574,351
2345808a,14567.75,1712006575,461
3cd5958b,18258.35,1712006576,288
15da2ed8,30306.57,1712006577,491
bf31525d,17308.15,1712006578,201
32195c9f,45304.91,1712006579,297
b02fae2f,1513.16,1712006580,224
15e3518b,9119.34,1712006581,182
fa4d27f1,16978.38,1712006582,259
8edeb992,28955.32,1712006583,404
4412447f,24810.66,1712006584,274
5971a1a7,27050.79,1712006585,216
ab368128,19656.22,1712006586,373
b1ade976,31882.14,1712006587,276
37369d23,36184.17,1712006588,347
f3ab6dcd,37489.65,1712006589,422
5588c335,13897.13,1712006590,273
a2ab2012,7039.9,1712006591,321
d9cc1030,31637.23,1712006592,108
1f182e93,28060.19,1712006593,334
18fa3c65,22849.84,1712006594,370
603d2930,1682.23,1712006595,411
8cd9df16,48897.91,1712006596,349
fcda4ef4,29649.84,1712006597,468
ed8d52f4,2606.88,1712006598,243
faa5be6e,36001.96,1712006599,117
9094e10b,20072.89,1712006600,365
4d3126da,44435.09,1712006601,226
7d96c617,14722.4,1712006602,103
ffd39431,4697.52,1712006603,470
3edf20b5,24693.67,1712006604,361
0c0461e1,29036.79,1712006605,282
da16db47,33947.09,1712006606,458
10d82238,6590.46,1712006607,205
6611972e,43110.71,1712006608,393
234f67d4,29856.13,1712006609,182
775bdd29,28365.44,1712006610,487
fd575fa5,4456.01,1712006611,114
919e651a,25544.29,1712006612,292
437dcf2d,13263.47,1712006613,153
5542cba4,33572.64,1712006614,211
520479ec,43640.72,1712006615,172
64b54ff0,42421.45,1712006616,301
9fc7fd6a,19162.93,1712006617,241
8f230b9a,34390.9,1712006618,405
1e716124,36005.48,1712006619,489
01fb672c,27217.87,1712006620,225
08e72dc5,34262.69,1712006621,203
06178339,9808.99,1712006622,147
2e20e7e5,17089.35,1712006623,209
a3f551d8,9685.14,1712006624,275
5f4cdc01,15243.35,1712006625,240
8b1dcd4a,8706.68,1712006626,335
900b4429,1382.33,1712006627,134
80bda541,9196.03,1712006628,315
2fb37848,28711.87,1712006629,392
f037024e,12979.48,1712006630,391
40c5b9b7,41968.57,1712006631,384
538205aa,14551.05,1712006632,219
1a0c9f2a,22210.63,1712006633,177
9d2435e0,35149.21,1712006634,430
b9060809,41849.41,1712006635,255
2d13848c,20260.48,1712006636,457
909fa745,26339.08,1712006637,241
5446b30d,11393.96,1712006638,224
377d5f82,36252.82,1712006639,139
e2ebbeca,21209.1,1712006640,361
464c81cb,44665.77,1712006641,216
a578588f,47352.39,1712006642,477
7806aee5,18429.39,1712006643,470
d41e7bfe,37800.53,1712006644,201
286eaa50,23632.49,1712006645,484
7861e40d,11979.32,1712006646,399
0419241a,12300.97,1712006647,263
9de619eb,1065.57,1712006648,492
207c411e,14706.05,1712006649,262
a9b1e912,45732.59,1712006650,140
cbcf849f,14968.36,1712006651,102
b838a787,34003.78,1712006652,119
09ae86c1,32419.23,1712006653,405
6903d778,14401.06,1712006654,136
8db7d642,47576.22,1712006655,351
758c9a99,42708.64,1712006656,229
157c6e11,18766.45,1712006657,430
294f23a1,47076.06,1712006658,314
8a81caeb,45448.44,1712006659,186
8fc3ffc4,27110.9,1712006660,117
31870f89,20611.55,1712006661,292
49e80b04,4997.93,1712006662,419
141f2a7e,20193.73,1712006663,383
702954ee,27871.6,1712006664,327
f2eb408e,31175.29,1712006665,496
0c1f6690,11697.56,1712006666,223
b5a0f4ab,21679.16,1712006667,268
5fe6a603,45756.16,1712006668,316
99d826f8,47850.73,1712006669,293
1ab34f3b,15663.41,1712006670,110
384c476d,10652.57,1712006671,454
a29cce60,25740.84,1712006672,260
8dfeb3be,43526.48,1712006673,344
3d279466,42747.03,1712006674,334
ddb9b6d8,24955.22,1712006675,202
363eba5b,47648.49,1712006676,397
2678d047,11186.23,1712006677,411
a2e9f2a7,11962.27,1712006678,315
d6993a01,46395.94,1712006679,312
eb1ec150,9878.34,1712006680,177
ac36913e,25005.84,1712006681,155
552e2517,37857.24,1712006682,491
a943f24d,27098.97,1712006683,275
5cc72ccd,14622.94,1712006684,426
64ae9a5a,13951.31,1712006685,417
1813fc20,13232.88,1712006686,251
79a4fadd,28439.66,1712006687,103
97d96ff6,41004.97,1712006688,195
a89f39d2,4316.63,1712006689,462
18cde934,24250.92,1712006690,168
935c8f1b,24194.58,1712006691,481
c413039b,32878.11,1712006692,135
43b98bc2,33515.39,1712006693,378
318701f3,31812.74,1712006694,371
f6e3086d,4613.67,1712006695,264
096c614c,5960.58,1712006696,301
cc1e7618,17247.86,1712006697,473
16cf4674,6631.07,1712006698,241
98e80ae4,4000.03,1712006699,186
36efe1a8,29240.25,1712006700,249
2bf3982a,49599.21,1712006701,177
d629b5c0,37032.77,1712006702,347
ec85e392,10469.39,1712006703,466
d8916823,36211.27,1712006704,361
386d8dad,35776.72,1712006705,444
1db0e71d,30018.86,1712006706,105
b65fecf7,11836.29,1712006707,282
3453b80b,8691.55,1712006708,193
e3a61c59,22566.59,1712006709,369
4eedcdbe,49587.4,1712006710,343
4ca4331a,25232.7,1712006711,469
395103ea,33790.73,1712006712,119
9843b16d,6435.65,1712006713,262
915f315c,21463.75,1712006714,114
e55d3cd6,42270.44,1712006715,185
3dba98e2,17719.28,1712006716,200
b24792fe,49728.99,1712006717,316
d7383531,46898.76,1712006718,272
50d36906,43681.11,1712006719,140
464bd6f2,32347.57,1712006720,389
19856fea,12495.13,1712006721,387
ca4f3418,24463.19,1712006722,174
9c628b04,24106.5,1712006723,158
b31346a2,29286.77,1712006724,400
bc58e4f5,18045.93,1712006725,311
2bddb8ba,42048.5,1712006726,191
05676180,47914.3,1712006727,243
e964d153,42353.56,1712006728,459
85bd78bf,11424.97,1712006729,284
213a4501,38855.76,1712006730,180
742de857,23521.72,1712006731,379
80dd7259,11929.51,1712006732,173
abc6b1d8,1393.69,1712006733,416
116a191d,22547.28,1712006734,205
d5593bc4,2484.86,1712006735,218
3bddcec1,48624.67,1712006736,490
583abfeb,21855.19,1712006737,126
7a21f19f,14471.74,1712006738,420
9a979a97,14787.44,1712006739,256
ac671abc,2434.73,1712006740,246
5c2fe217,9558.29,1712006741,327
fa3bbc1c,12236.79,1712006742,382
925fabe3,20988.36,1712006743,115
4a0c7ca6,10191.97,1712006744,252
c4ea3e57,23183.35,1712006745,164
17e98961,41360.16,1712006746,263
c58d7134,44862.95,1712006747,353
81ba7278,9699.64,1712006748,486
1c3b8de4,38830.06,1712006749,430
6e799040,20734.79,1712006750,290
4a57d31c,46465.56,1712006751,191
7c4105c3,10300.98,1712006752,461
c0334d03,34720.42,1712006753,264
ae49ed05,10409.41,1712006754,183
fc931409,9420.15,1712006755,238
d763a357,17949.72,1712006756,247
9752e8d7,5906.02,1712006757,277
af75f931,24593.16,1712006758,276
17e93dfd,9493.1,1712006759,254
50fb3597,36287.47,1712006760,167
a63e7f27,20900.51,1712006761,365
05cdb2e4,32092.88,1712006762,325
e1549848,15791.36,1712006763,467
ea9cb12f,27324.68,1712006764,276
bd8891c3,22100.52,1712006765,180
f6b91793,2086.44,1712006766,140
078ca83f,16350.92,1712006767,330
8d601fe0,22091.37,1712006768,117
bab02bef,46985.0,1712006769,308
defa9c66,20560.45,1712006770,453
72a02570,5942.04,1712006771,154
bf30651c,33153.97,1712006772,428
98e1c2fa,2946.42,1712006773,400
0e2c32a2,47154.32,1712006774,318
f53bbfd2,45881.59,1712006775,236
6cf979c9,20612.13,1712006776,279
56abc327,46050.32,1712006777,352
c14dc528,48642.47,1712006778,308
293ed01d,41007.18,1712006779,480
b0556bdc,1391.64,1712006780,325
9617a4b0,39206.29,1712006781,220
8dc8913b,36249.27,1712006782,476
72fd9a7e,3598.2,1712006783,367
9d23dace,13976.09,1712006784,254
e2307e6f,25453.81,1712006785,380
ffae0cc5,1254.79,1712006786,354
2e88b0cd,31200.36,1712006787,197
a0acfed4,8137.38,1712006788,180
277cb69d,10449.01,1712006789,156
9e06b4f4,2467.34,1712006790,474
a8712381,3097.68,1712006791,378
09bb0195,37554.83,1712006792,242
f9cb24bd,41807.48,1712006793,149
85776aac,37304.36,1712006794,167
189a5cb2,7474.32,1712006795,342
cced3804,1100.38,1712006796,378
99a5cca5,10627.86,1712006797,316
995b1095,36169.31,1712006798,394
389d3137,48445.42,1712006799,208
9b6ce1c8,1807.53,1712006800,440
6f306e30,14006.52,1712006801,261
cf48214a,32595.0,1712006802,292
fe138166,41945.99,1712006803,125
d64a75fd,15886.21,1712006804,252
4b81b96a,8876.95,1712006805,235
580b1b57,17844.41,1712006806,174
1a379000,25977.7,1712006807,202
ee9f0fcc,4995.05,1712006808,128
53ac4fe9,47823.45,1712006809,164
7d5b0cb6,27605.02,1712006810,238
4107ea0b,12446.24,1712006811,411
cb747b39,43463.52,1712006812,204
dc63cc62,4709.43,1712006813,254
ee4711d4,1827.33,1712006814,140
4dcb877f,7584.33,1712006815,308
d6cb671c,35935.04,1712006816,426
79d2321d,15789.66,1712006817,311
f958174e,11767.49,1712006818,466
500d62fb,35681.32,1712006819,160
805fb4c0,19577.68,1712006820,380
c75fab90,3017.37,1712006821,386
3a7385d3,42355.21,1712006822,233
392cf1c2,39992.28,1712006823,491
b0a18255,1668.43,1712006824,379
649b402f,18071.79,1712006825,304
44176e5a,40848.24,1712006826,266
3191444d,27272.82,1712006827,480
bd382cbc,1919.99,1712006828,410
a5ef202b,2897.72,1712006829,495
ec4e42d7,18711.53,1712006830,446
c16b7621,31157.96,1712006831,494
35488bdb,13979.86,1712006832,473
340a758b,13366.54,1712006833,430
75b6c885,43479.53,1712006834,444
8e4c603f,25063.28,1712006835,382
00b6335d,31294.85,1712006836,459
d8edcfae,4048.72,1712006837,300
db4133c1,30083.65,1712006838,188
11e7040d,47952.36,1712006839,232
4f5dbd02,42481.78,1712006840,122
0cfaa21e,6141.39,1712006841,181
24b788ab,45224.69,1712006842,348
67da626a,28317.79,1712006843,201
61fe38f2,46460.87,1712006844,211
14655355,21317.17,1712006845,151
dabf78be,28404.7,1712006846,480
ef73ef85,9351.52,1712006847,479
ea8eda68,12881.99,1712006848,262
b5af62de,41877.4,1712006849,330
02de91ed,37042.85,1712006850,256
81ce2633,16680.6,1712006851,482
17366757,42804.92,1712006852,266
01973de2,16019.79,1712006853,200
2f358f3c,11730.81,1712006854,392
40156880,20894.02,1712006855,364
fe78bc26,18517.52,1712006856,259
c6062b26,30395.39,1712006857,120
ee182a82,28647.12,1712006858,153
23d7f187,46682.18,1712006859,414
88453a9f,32382.92,1712006860,422
8191781f,19350.53,1712006861,485
8e2f77ca,16444.52,1712006862,388
79f2f2fd,10648.08,1712006863,136
933ee364,18934.23,1712006864,116
41c405d3,22014.83,1712006865,236
ff1366ad,2011.4,1712006866,298
2783e199,5064.58,1712006867,123
47cf8c8c,23525.49,1712006868,263
4a33754c,11726.28,1712006869,129
02d0e321,16844.18,1712006870,446
7def6e65,29728.32,1712006871,408
956726c5,47530.64,1712006872,229
ee9fe484,26321.71,1712006873,416
2eb7133e,48270.64,1712006874,453
a72a29fd,18698.13,1712006875,326
c7df5c9a,45913.57,1712006876,219
c315b57c,9143.82,1712006877,109
e8048c05,38279.3,1712006878,170
e08240fc,9715.5,1712006879,462
cfbc9e3e,9040.26,1712006880,127
ae5705f5,47463.1,1712006881,321
83cfa8db,15935.07,1712006882,329
21c89aa1,34095.41,1712006883,125
de5e5e4b,47611.19,1712006884,100
3d2a89d3,22934.04,1712006885,486
1a0c91d9,34727.45,1712006886,481
e598de06,41240.67,1712006887,288
f6f0141e,16696.18,1712006888,460
0e6065bb,36586.83,1712006889,207
3104dd98,20507.54,1712006890,354
129594c6,47036.08,1712006891,362
ded55edf,32666.3,1712006892,389
a001e9da,27994.43,1712006893,218
f41dea80,8712.12,1712006894,201
505457a0,29909.53,1712006895,415
893df75a,34402.82,1712006896,356
965fcf77,15381.52,1712006897,207
5f5be8f9,4496.03,1712006898,258
db4eb8d6,2416.08,1712006899,354
365cb51a,37806.37,1712006900,254
1fa5d6ed,31167.6,1712006901,317
481b59b6,42463.31,1712006902,245
f31e8a03,37351.21,1712006903,311
f4cd6694,36953.24,1712006904,335
58da993b,7885.08,1712006905,466
844cf1a2,45356.06,1712006906,481
bb36b963,21341.13,1712006907,440
378a203b,40738.82,1712006908,200
743cdbc1,37382.12,1712006909,309
7cfeda24,11900.42,1712006910,114
509a4b2e,4002.97,1712006911,353
b92f141e,39217.36,1712006912,334
975ad477,5450.76,1712006913,244
ec90573a,9944.89,1712006914,479
425e37be,41654.24,1712006915,151
df41b541,43984.87,1712006916,267
c2945606,28421.02,1712006917,360
eb8bb93f,33291.43,1712006918,338
045623af,49551.64,1712006919,163
70c042f6,47028.98,1712006920,249
2fdd53cd,38132.16,1712006921,485
7288277b,18368.67,1712006922,497
81853a3d,48919.64,1712006923,342
60e4d1cd,31828.87,1712006924,316
b5dacf67,11694.68,1712006925,172
717191bd,44304.87,1712006926,339
43aa911e,46297.5,1712006927,178
98a45c44,34780.15,1712006928,444
09f8cc1e,22839.49,1712006929,423
fe51be4b,42545.21,1712006930,155
919e6c47,14072.27,1712006931,271
a0ca0ee7,12429.92,1712006932,177
1a35cfe8,4650.81,1712006933,296
bdb2805f,18688.69,1712006934,172
7c96cd53,39605.71,1712006935,300
35598f5f,44015.62,1712006936,236
3f2f42ca,11655.38,1712006937,177
8397bfa5,6684.21,1712006938,400
f95a18ec,12206.32,1712006939,432
bd3ad4cc,29181.03,1712006940,354
cf6cbe55,14744.46,1712006941,114
e56f22f5,26635.64,1712006942,481
a3dbaa5a,22639.52,1712006943,237
12afb778,34862.73,1712006944,217
bf4d9c30,45721.57,1712006945,391
c2ce6a57,24242.87,1712006946,262
2293d3d3,47256.94,1712006947,454
4a347cf4,47618.09,1712006948,480
d300f6fd,29938.69,1712006949,222
80375e7c,30442.57,1712006950,171
64ec8886,12181.63,1712006951,271
33038b90,30638.22,1712006952,424
3b3687ac,20889.8,1712006953,386
f41b0329,19009.79,1712006954,157
2e516541,15510.59,1712006955,126
3f12fd7c,46536.01,1712006956,470
791b3969,7688.46,1712006957,138
6d16a893,41807.71,1712006958,417
db801e8d,49905.41,1712006959,194
e0e99d11,42206.21,1712006960,376
061d61d2,17985.82,1712006961,144
81743e1a,33238.54,1712006962,264
3567adbb,7965.55,1712006963,169
1c4eb1b2,8902.36,1712006964,307
399f6078,14456.36,1712006965,237
7da57670,7609.16,1712006966,192
0cbed42f,28229.25,1712006967,406
cf630820,8231.47,1712006968,208
8c1d9c2e,17667.64,1712006969,474
18929259,4458.73,1712006970,232
3c2f0824,10515.61,1712006971,285
a5f6f5b8,21858.67,1712006972,478
9026ce97,41876.25,1712006973,464
c44366ed,3182.91,1712006974,279
bab6889a,33920.24,1712006975,460
c798bf47,41710.27,1712006976,153
8119ee47,9131.7,1712006977,281
ae129a8d,34939.62,1712006978,370
3fcfd598,44780.38,1712006979,155
f5335334,10961.52,1712006980,338
fb1b49dd,11846.96,1712006981,123
f90cfc97,42163.06,1712006982,360
4f06d4c4,12415.01,1712006983,439
b638444c,8856.01,1712006984,384
bd36969f,46606.87,1712006985,475
4223c852,43075.82,1712006986,273
c20186b8,36403.6,1712006987,113
c85d8ace,35222.75,1712006988,107
d21341a8,26148.6,1712006989,394
5fa4da0d,15912.0,1712006990,207
1c094e48,1682.95,1712006991,251
0f7a7b4d,18335.43,1712006992,330
09676e2f,19601.96,1712006993,138
4a06b48d,9969.06,1712006994,308
0a17a4f7,42011.67,1712006995,418
2037d4eb,25225.07,1712006996,194
9c13dd24,4621.47,1712006997,235
fbd54e18,32063.64,1712006998,411
41223f43,23295.92,1712006999,152
fb4655b7,25133.18,1712007000,407
31b96309,28656.14,1712007001,486
71c67f61,34533.85,1712007002,304
67e2dc88,15162.71,1712007003,484
a6538452,18478.63,1712007004,316
0cc6e30c,18662.31,1712007005,309
84c3a9ae,48444.65,1712007006,127
8786a3f6,18470.98,1712007007,203
22974b95,11755.13,1712007008,180
e562b6b1,32585.61,1712007009,497
faaeb413,42160.22,1712007010,150
f12e6c90,11961.81,1712007011,341
39f39b12,21703.41,1712007012,216
54e1aecc,10461.21,1712007013,206
32514a38,35958.2,1712007014,344
0250f094,39217.36,1712007015,133
68f75b94,35155.97,1712007016,417
dc70cc90,8950.49,1712007017,136
069c068d,28168.87,1712007018,445
87ca7b28,35873.17,1712007019,202
ba74ce3d,43844.23,1712007020,445
4bfc5470,2021.77,1712007021,211
ae658402,9924.51,1712007022,130
683ca4b6,35491.26,1712007023,347
928b45f0,4581.76,1712007024,372
a0c09fb6,18642.19,1712007025,358
853ef16d,15653.97,1712007026,151
3c6111f4,9881.55,1712007027,326
dc5a6de1,7978.79,1712007028,459
c812409d,11318.98,1712007029,158
a1c7a18e,48698.44,1712007030,104
cdd6a6cb,30145.23,1712007031,317
1ce74203,26002.31,1712007032,484
c8aabd63,5888.36,1712007033,327
5db291a5,23257.39,1712007034,316
2c01c8be,21373.17,1712007035,160
4bf984ea,15459.31,1712007036,105
6f394fa0,27194.17,1712007037,419
10123929,29409.61,1712007038,290
0246d74b,43017.54,1712007039,287
9c50e203,48193.88,1712007040,375
cfe221e8,13467.54,1712007041,328
a0cef83d,27591.21,1712007042,436
23bcf778,39749.93,1712007043,376
6af4cbe5,48654.94,1712007044,484
d5bb8f41,40540.66,1712007045,180
b08371fd,31330.61,1712007046,158
bb795414,23845.31,1712007047,111
8edb6018,28641.85,1712007048,460
a9650e61,44399.91,1712007049,147
ac746aa2,28365.2,1712007050,441
574ed6a4,40976.63,1712007051,250
548c9231,34206.24,1712007052,127
f5485cf1,48936.36,1712007053,270
f30fb74e,47168.25,1712007054,492
721f71e0,44540.07,1712007055,332
eaa12fa3,48601.54,1712007056,206
b151346b,19077.63,1712007057,378
50c9f135,17910.8,1712007058,245
ba8ae02d,45179.11,1712007059,369
bc2af2f3,9585.06,1712007060,187
a27c20a4,4554.36,1712007061,428
804e0f04,12534.25,1712007062,495
5187032a,5766.14,1712007063,287
b0e3a4eb,27331.43,1712007064,480
eae43c37,36875.66,1712007065,402
c1b4af38,41680.95,1712007066,232
899abe35,42531.79,1712007067,471
7f8aea8b,22727.44,1712007068,253
b48666cc,29493.71,1712007069,269
745ffe34,32914.69,1712007070,321
4b3b6120,7176.07,1712007071,284
158556e4,3774.11,1712007072,437
67f778ba,39769.93,1712007073,268
8667a33c,8242.89,1712007074,309
f8a1e6d4,19256.35,1712007075,161
34a43abe,11215.23,1712007076,482
16b3aab1,33177.25,1712007077,494
999ab9ee,19124.18,1712007078,321
c3d14968,12869.68,1712007079,221
419f990f,23632.1,1712007080,379
1171b50d,42488.92,1712007081,195
2dcaedca,39644.63,1712007082,303
93475f07,25852.45,1712007083,288
fabfca36,12034.51,1712007084,118
088944d8,17327.65,1712007085,375
b050a418,40408.88,1712007086,470
27413356,24244.22,1712007087,122
01f4af13,8169.68,1712007088,431
26dced03,31877.12,1712007089,207
79cc3499,9798.13,1712007090,452
7b57aedd,32596.38,1712007091,312
306acef9,17756.44,1712007092,271
1eb75f7e,30492.86,1712007093,448
c016c6eb,40748.75,1712007094,133
cb30fcf7,20404.34,1712007095,121
fa1d0aba,14262.32,1712007096,380
073ebe00,43359.17,1712007097,277
cc2e7843,11494.08,1712007098,122
2108000a,14427.23,1712007099,127
0d2a21c2,31439.61,1712007100,266
906da434,1006.84,1712007101,374
32072b73,1988.7,1712007102,146
a8fa1689,5863.99,1712007103,404
2107c05f,27492.58,1712007104,294
92120fdc,29444.44,1712007105,115
e4783754,39966.61,1712007106,216
7bdc7dd7,33648.21,1712007107,371
9ecf2316,24502.56,1712007108,235
44c08066,12417.76,1712007109,251
e433e573,27515.67,1712007110,240
19a80f7a,34143.87,1712007111,264
f0df629c,21462.7,1712007112,453
0f88f79c,29144.42,1712007113,275
6d3c396e,12754.59,1712007114,362
ed5342a4,8793.52,1712007115,336
4fce1dee,48736.2,1712007116,250
aaff8695,15926.31,1712007117,337
7fab9933,2487.71,1712007118,260
ea29b6ee,29054.46,1712007119,128
f6a3155a,31779.83,1712007120,228
ca38976c,36042.1,1712007121,401
7c6f84b4,21203.38,1712007122,267
cab89c74,20493.73,1712007123,128
bfcc95dc,5435.59,1712007124,451
20ad2e43,43661.37,1712007125,315
e56b5f32,13552.2,1712007126,479
1a3e8b31,37146.62,1712007127,332
3ceae70e,41942.49,1712007128,463
d1c335af,34182.53,1712007129,436
9b67b30a,33721.54,1712007130,388
a1bbbc59,32737.57,1712007131,152
7d265bfc,17912.36,1712007132,445
468a341d,21642.36,1712007133,260
1a7e35a9,6591.4,1712007134,236
d83354ae,38070.97,1712007135,310
b4e16b44,19145.24,1712007136,275
195505c1,42104.53,1712007137,402
404f9222,7817.28,1712007138,177
0e1132f5,42597.88,1712007139,419
822a9e1d,43568.37,1712007140,253
330ecdc3,47825.84,1712007141,371
6218505c,10249.1,1712007142,120
05cb9776,35745.35,1712007143,328
0eb16c3e,23606.5,1712007144,305
c69ab1ce,23448.18,1712007145,377
eca0d500,38992.87,1712007146,437
3016db2c,23052.44,1712007147,107
4e0eb2f2,32757.5,1712007148,380
c98531da,13608.85,1712007149,292
34f5bad1,41357.27,1712007150,134
1b838ac7,35238.63,1712007151,212
e80618f3,4921.02,1712007152,464
f53718df,39337.77,1712007153,306
7c988bc5,28847.73,1712007154,335
79a2fde3,49289.18,1712007155,248
730ec87d,40363.82,1712007156,407
660474af,26430.55,1712007157,401
0e434de3,28396.71,1712007158,479
2143f0c0,2506.28,1712007159,490
368745b5,30780.94,1712007160,384
ef6d1d93,20725.94,1712007161,228
530d383f,18347.69,1712007162,462
af22c26d,41844.66,1712007163,468
fc0a7f06,27344.45,1712007164,254
5d2af91a,35205.63,1712007165,240
a7183d80,34084.88,1712007166,195
25223e4b,43143.75,1712007167,397
7bcfa62b,9179.14,1712007168,247
47ea43fc,38507.96,1712007169,314
58bd9f4c,8608.56,1712007170,419
c9083bf3,24141.38,1712007171,489
ba998479,12580.87,1712007172,227
948852f2,42716.3,1712007173,340
97177991,34056.41,1712007174,280
e31d58ee,13774.09,1712007175,261
dd5bfaaf,37231.1,1712007176,176
c3b337cb,21095.61,1712007177,285
d6b7586d,13104.94,1712007178,482
94eb9f1d,3542.73,1712007179,351
de9fa45d,12086.9,1712007180,436
ceb2ef68,15586.68,1712007181,211
c6cbb089,21782.29,1712007182,167
3c767215,33354.8,1712007183,282
89eace83,20582.05,1712007184,312
6b01ea82,44164.93,1712007185,385
34ed8982,34451.48,1712007186,174
26f5f557,24703.06,1712007187,356
796b5a45,1534.95,1712007188,175
87c6f528,11370.47,1712007189,188
f8d69d18,17346.47,1712007190,377
d21da0aa,46836.39,1712007191,279
d56e516e,31160.35,1712007192,496
6bf3ef31,29848.37,1712007193,338
ff5939f1,48848.29,1712007194,192
8ebafeec,37211.32,1712007195,294
83de929c,46216.86,1712007196,125
9359dcd3,26733.11,1712007197,159
ad7b3f72,42843.09,1712007198,426
c9f79e50,18801.61,1712007199,136
26ba701c,41339.13,1712007200,143
e01cc603,47954.99,1712007201,378
1a4ce1b7,32784.02,1712007202,393
a82610b5,25346.16,1712007203,273
e2b360a9,39317.57,1712007204,454
561fac70,16763.82,1712007205,317
07155aff,26750.93,1712007206,127
0657a983,35170.98,1712007207,207
b426c912,32031.09,1712007208,474
40dfa59d,13768.82,1712007209,238
2cd49110,19298.31,1712007210,230
c1c00b4e,22049.89,1712007211,459
db159a52,17769.73,1712007212,272
74152aca,4798.6,1712007213,190
8e0b07e0,15440.94,1712007214,136
c955fa97,26962.86,1712007215,175
d88cf1d2,11175.9,1712007216,189
41a951bd,6606.3,1712007217,397
30572d14,22230.97,1712007218,190
5290138f,45516.12,1712007219,234
0c49d991,9218.98,1712007220,240
8135bb34,30148.69,1712007221,297
11220af6,34587.87,1712007222,228
97c35277,34577.2,1712007223,305
52669dd6,38632.62,1712007224,275
4dcc1a9c,25669.45,1712007225,168
eb3607bd,20331.71,1712007226,425
ec989950,24389.44,1712007227,234
9ea88767,22917.62,1712007228,449
56ac281f,23508.48,1712007229,363
5a3a3b38,37905.06,1712007230,136
2b1c6b1e,24931.78,1712007231,371
702546e0,28986.22,1712007232,317
1aaebb9d,32961.82,1712007233,392
8e414c40,31647.27,1712007234,308
e4d525d1,28834.36,1712007235,348
f79ddee3,9377.3,1712007236,324
cc9469d0,19213.09,1712007237,415
f19e9442,44788.75,1712007238,113
9c0017b8,22449.8,1712007239,167
93c0788a,3390.4,1712007240,284
48e26a6d,30486.56,1712007241,367
21d56a12,27129.04,1712007242,156
841af093,12453.26,1712007243,231
21a7bb8e,2155.04,1712007244,458
12c87dd9,38519.44,1712007245,299
f9beccdf,8448.7,1712007246,283
68069c19,8418.09,1712007247,114
d82bdedd,32140.47,1712007248,271
a85ce4ed,23777.97,1712007249,115
7ab427cb,48964.16,1712007250,194
96ef5bda,29052.23,1712007251,450
5e6bc9e3,22782.98,1712007252,486
225999d9,49797.24,1712007253,479
caa9a3cf,22087.9,1712007254,487
6c9846fe,2241.28,1712007255,492
e39a5371,9566.61,1712007256,405
48bc16ad,10868.97,1712007257,293
f78b3d77,3580.22,1712007258,319
15bd33da,39472.98,1712007259,434
97222775,7681.9,1712007260,236
816652ad,42823.43,1712007261,361
6d0af0e4,27228.06,1712007262,437
ddc4bf49,3672.31,1712007263,469
ef2f3535,41352.02,1712007264,293
949a92c1,16679.28,1712007265,187
c74f3d73,2624.65,1712007266,370
31fb05c8,7886.39,1712007267,391
d4ef19f8,22964.0,1712007268,318
3e731e9b,38895.11,1712007269,434
070f1722,8051.5,1712007270,313
29eb06c1,11399.09,1712007271,480
12c3a059,6362.3,1712007272,122
fc6c9963,26491.92,1712007273,378
2b188a90,40246.04,1712007274,453
b2aa21eb,20102.23,1712007275,389
5226ab44,27662.26,1712007276,466
79a0c6f9,39745.76,1712007277,368
1492bbfb,19509.4,1712007278,208
c52f2908,39409.09,1712007279,410
ae9b2f6d,13737.27,1712007280,257
1b1319d4,5379.71,1712007281,494
1706d800,14229.34,1712007282,294
c0086b28,34521.56,1712007283,226
0246df57,37471.03,1712007284,336
1d93afeb,18598.11,1712007285,197
3c44864b,48337.71,1712007286,327
85eafed5,41019.61,1712007287,146
d42f7b53,37930.72,1712007288,152
7471487d,8334.79,1712007289,173
742caeb9,46782.54,1712007290,342
9addb9e0,4935.59,1712007291,448
386b3f8b,19926.9,1712007292,466
96e2d402,18957.98,1712007293,444
9ce3fa9f,27941.66,1712007294,319
e71c84fa,23891.81,1712007295,382
be2db5d3,22006.46,1712007296,259
ca363045,48681.88,1712007297,145
493f675d,40113.42,1712007298,252
db5b46c6,48230.98,1712007299,337
22d8a289,1108.92,1712007300,436
7391658e,44869.85,1712007301,107
81586f1f,15417.99,1712007302,177
10665695,29892.28,1712007303,273
9bdc5711,18660.54,1712007304,222
c5060a75,42628.22,1712007305,256
4d5637e2,21582.04,1712007306,277
c7d837f9,33423.58,1712007307,121
67c133c0,39901.09,1712007308,475
7b509537,18753.93,1712007309,307
254b991c,22585.77,1712007310,227
d0720cea,32116.48,1712007311,167
81b43838,26793.78,1712007312,336
616fe886,30562.17,1712007313,325
534635e5,16590.45,1712007314,416
4c7be078,43404.78,1712007315,199
89cf0931,29770.5,1712007316,161
da64998d,30161.27,1712007317,135
29c3076b,4922.9,1712007318,262
014e0b40,8241.62,1712007319,259
91c892a9,24787.58,1712007320,225
97251a11,22730.35,1712007321,277
17db1a82,9386.94,1712007322,485
8d1785d7,12673.37,1712007323,341
0aef0244,35966.77,1712007324,372
e3f55b82,49894.23,1712007325,319
fb7ee039,38961.41,1712007326,339
780ffd4e,13266.13,1712007327,183
ed5ea88e,18696.35,1712007328,233
3d7144d2,40524.56,1712007329,484
04cdb668,44596.16,1712007330,371
71c5125f,35587.53,1712007331,142
b308c499,14373.2,1712007332,384
24fe84f9,6670.31,1712007333,183
6844ac89,7941.64,1712007334,180
099579d0,19633.89,1712007335,136
11fccbb6,32730.17,1712007336,294
f2b4055d,19848.55,1712007337,424
7b1dcf3f,37210.26,1712007338,229
cd562c26,21483.38,1712007339,284
40aa26c6,14370.09,1712007340,145
4e8c2a6d,46427.05,1712007341,150
a917abe0,34896.14,1712007342,329
58d048b0,20501.38,1712007343,373
3c73e0e5,29256.69,1712007344,160
1aa705ea,47644.93,1712007345,320
1fbfa2f8,22240.8,1712007346,488
2bbef796,31375.01,1712007347,163
3866c837,13914.24,1712007348,233
d375c16f,13695.79,1712007349,148
ea392f70,8609.62,1712007350,276
4ecb6f26,39788.14,1712007351,235
f3944fd4,47137.58,1712007352,466
2f849572,32340.92,1712007353,147
84d8a28d,6665.46,1712007354,297
1de611db,1211.8,1712007355,409
fb7b4bdc,45587.26,1712007356,250
e5c59295,18924.23,1712007357,198
20360e88,1787.94,1712007358,139
8e8a9225,23733.36,1712007359,429
56c21abb,1523.75,1712007360,232
47d31071,7880.77,1712007361,469
0b860e3c,36601.43,1712007362,466
d62263ab,27817.41,1712007363,165
99fc93f2,11246.15,1712007364,141
132ec48a,16578.46,1712007365,138
7e124c69,48235.38,1712007366,141
2f418814,15795.52,1712007367,446
48f00dd2,42831.97,1712007368,496
46dd8911,11389.6,1712007369,215
be90fb02,48116.11,1712007370,174
c2a7bcf4,48897.21,1712007371,370
cd13836a,42038.6,1712007372,109
8c51fef9,38281.33,1712007373,177
eda23cf5,11370.3,1712007374,391
86cf6b6d,8339.97,1712007375,497
5e78bb8e,3402.94,1712007376,497
1a3d2ea8,23650.7,1712007377,246
131a5580,21717.17,1712007378,214
4cd80f4e,10341.3,1712007379,147
8c71f367,31428.01,1712007380,448
3e46c2d2,43705.47,1712007381,425
830f3f82,34605.14,1712007382,207
3129331d,13875.22,1712007383,134
9c9d990a,22633.34,1712007384,322
ab37d3af,14941.63,1712007385,317
c58bc63f,35484.43,1712007386,232
4060714d,16449.82,1712007387,191
42da54d9,10692.59,1712007388,115
a11c3642,36629.76,1712007389,487
ff0e6dc5,49731.11,1712007390,246
4373487d,20049.6,1712007391,124
c82e16e4,39360.79,1712007392,128
3e3467dc,28467.71,1712007393,484
423204a5,25153.54,1712007394,192
fb871be2,21413.06,1712007395,448
bae6092a,19665.51,1712007396,306
d850362b,13020.81,1712007397,463
bf52d5e5,8664.77,1712007398,212
5d328df5,43916.29,1712007399,443
68f5aa53,41400.63,1712007400,105
b9a4937e,45300.61,1712007401,168
e4d7440b,43416.35,1712007402,351
abc5ef2a,34889.16,1712007403,367
80e3ec15,28064.63,1712007404,111
539cacf9,9684.24,1712007405,287
53df24b8,43757.08,1712007406,100
9433acba,13404.79,1712007407,328
6e5e04e4,43701.41,1712007408,317
a8ebe272,31604.72,1712007409,313
9401a216,25225.94,1712007410,485
43b61eb6,45923.14,1712007411,208
fa8740aa,28485.33,1712007412,203
effb48c7,47325.39,1712007413,463
4f5f1d0e,43477.53,1712007414,490
4c0b616c,35553.07,1712007415,267
37ae04ac,7858.14,1712007416,461
fa1c276d,22838.59,1712007417,246
7dc70a4a,47159.27,1712007418,271
661884bd,37350.35,1712007419,274
c02e2b81,28983.63,1712007420,189
5b6cd277,28481.91,1712007421,323
9c585046,10276.48,1712007422,154
992255f1,15634.66,1712007423,490
838ab35f,15447.91,1712007424,236
5d785655,40124.05,1712007425,154
38835282,23539.65,1712007426,237
bcd34799,14297.39,1712007427,491
2b1c1d54,30681.09,1712007428,138
ceb3eca4,12638.26,1712007429,114
eb669575,45718.68,1712007430,270
dd873a60,27221.52,1712007431,395
f03f10ca,30777.33,1712007432,417
18bcd619,3105.38,1712007433,254
5bcdd91f,45789.01,1712007434,429
8967a530,5907.51,1712007435,484
baf509c1,3545.76,1712007436,272
c1d9a06b,49560.91,1712007437,428
8532464a,24798.4,1712007438,113
2c3123f5,45062.14,1712007439,336
b96e11fb,49338.09,1712007440,174
1c3d54d6,11835.32,1712007441,217
856568fa,27825.49,1712007442,246
f527b3d4,10896.4,1712007443,108
56d796f4,10720.13,1712007444,376
4dc54314,25701.38,1712007445,420
faf6cdd3,13419.83,1712007446,221
2ee30a5b,7179.58,1712007447,429
3b5be489,1178.94,1712007448,179
2460192d,28058.6,1712007449,226
875cafb8,10711.96,1712007450,220
cef383f2,31225.91,1712007451,119
f3fb1767,19514.02,1712007452,170
ca4fe99d,25300.77,1712007453,349
3393bece,25570.35,1712007454,176
0cbb76e6,10087.0,1712007455,162
6c996c16,3909.72,1712007456,412
5c51c536,27793.29,1712007457,348
074bc62d,15263.67,1712007458,498
6b83948d,41907.54,1712007459,211
f3aeb333,20163.4,1712007460,498
22e8f6ab,19369.33,1712007461,169
dc6bea09,16399.57,1712007462,271
ab770cc7,12074.1,1712007463,109
2a894939,27944.19,1712007464,265
de3adaa2,39443.93,1712007465,451
8b9f4a42,44471.27,1712007466,483
66069a5d,48053.24,1712007467,263
cb0f4578,6990.58,1712007468,408
9674869b,33385.13,1712007469,275
bb2d5b41,1233.75,1712007470,114
e869535a,20963.93,1712007471,302
94e6f43d,31684.1,1712007472,259
d9ed12cf,35819.32,1712007473,233
b29a6f13,36663.29,1712007474,347
5e945dde,49951.69,1712007475,163
3c29a20d,30677.89,1712007476,452
ea63669d,43578.53,1712007477,234
4a62f3aa,14150.42,1712007478,213
760ac501,11651.34,1712007479,135
c56a5b67,42151.57,1712007480,327
8735c640,47403.53,1712007481,228
a432dd15,16832.08,1712007482,350
d9c74bf0,15225.16,1712007483,257
cfcd15a0,9562.12,1712007484,407
f7a4b34e,46572.9,1712007485,443
a177e7a5,5108.19,1712007486,286
914f2e5c,43111.64,1712007487,245
c9a7800b,38602.27,1712007488,311
1310a7b9,26724.23,1712007489,239
95eaecd2,1903.86,1712007490,470
532ed928,22787.03,1712007491,408
73342d3c,25855.1,1712007492,405
dcefe061,45071.84,1712007493,118
6d3a7f75,40355.45,1712007494,180
4e6e7123,2773.34,1712007495,481
55743226,19728.41,1712007496,298
5b130153,49164.26,1712007497,316
96e36aac,37916.36,1712007498,437
42a9f3ec,17177.84,1712007499,446
3f27e9f5,28889.92,1712007500,223
f77c7400,29698.99,1712007501,459
1b4affc0,3464.03,1712007502,446
5d6a9d95,49676.01,1712007503,335
d4b06cd9,16977.58,1712007504,412
786b4d26,33120.41,1712007505,221
85ff71a9,14317.71,1712007506,486
b6e0b511,34497.75,1712007507,433
50c2137c,6353.46,1712007508,250
8154d813,13326.54,1712007509,133
a3156894,14244.79,1712007510,277
c26ab1fe,34479.76,1712007511,145
084e75b7,3551.86,1712007512,375
74f5f892,20236.56,1712007513,206
b98ed1ac,17686.66,1712007514,469
dd618ca7,34748.66,1712007515,407
82838753,2380.17,1712007516,395
a437f360,3281.71,1712007517,398
4471c0c1,2793.88,1712007518,209
c40384ed,32277.17,1712007519,446
8109d441,1429.07,1712007520,242
6f0a8ba4,30138.2,1712007521,475
6f9baf9f,13946.7,1712007522,257
b32a81e0,16355.56,1712007523,384
71fb7f41,35968.96,1712007524,319
30b28f7c,13810.39,1712007525,310
18dd3db4,46189.41,1712007526,465
da7c1240,15817.18,1712007527,446
dcea7b19,41361.42,1712007528,129
78959699,13110.35,1712007529,266
ecbe4f74,43429.09,1712007530,122
f20a27e0,29837.52,1712007531,111
10955859,46583.94,1712007532,175
331588cf,26770.7,1712007533,105
fa334c7b,9713.28,1712007534,467
d67d214a,15998.25,1712007535,296
4a5cc1cf,40758.63,1712007536,249
632928d8,49619.3,1712007537,126
d2f7c161,22852.73,1712007538,128
dc790712,17109.2,1712007539,131
d9b20529,9850.35,1712007540,395
0af023cd,19532.86,1712007541,458
5c54242b,46712.78,1712007542,399
9ed92c7d,13807.67,1712007543,206
cb45120d,17547.53,1712007544,205
b8fd1ba3,22172.4,1712007545,484
d5a04162,43663.01,1712007546,306
869810de,27790.0,1712007547,468
b3814f3b,32291.11,1712007548,326
f5983bbc,5115.66,1712007549,239
4bfa1b99,19136.14,1712007550,355
5d22a05f,33754.73,1712007551,220
5d49ab4f,14049.56,1712007552,230
39b5132f,14711.5,1712007553,447
02ce35f6,19164.2,1712007554,295
72822fe8,13563.64,1712007555,486
027fa6a7,49167.55,1712007556,167
20712eda,6287.59,1712007557,337
362a2012,43539.48,1712007558,411
8b51003f,13227.21,1712007559,157
2dc61949,33251.16,1712007560,289
bbf7a6c2,8114.67,1712007561,393
c6bd8308,32611.67,1712007562,475
0d9f7cf2,36524.08,1712007563,270
01438eb9,47073.03,1712007564,264
6ffed49a,29368.58,1712007565,437
bf35be1e,30982.26,1712007566,352
efaed764,1333.21,1712007567,451
4c0bf6a7,23187.11,1712007568,120
cba59241,42676.76,1712007569,103
acdf2ef1,23816.42,1712007570,284
60a432b3,29485.54,1712007571,323
418ada88,22913.88,1712007572,278
151c41e4,20730.33,1712007573,153
6c3b620a,39060.09,1712007574,342
81429f8c,3869.52,1712007575,334
a97faad3,26378.01,1712007576,281
db49d50f,36660.28,1712007577,460
bb9b047f,15801.36,1712007578,454
a3c5d2f0,6965.45,1712007579,434
fcf505ad,18887.69,1712007580,475
9e15b91d,42906.87,1712007581,142
bc55c08f,5843.81,1712007582,413
87f8d9d7,45079.98,1712007583,269
41724afd,24402.22,1712007584,160
2cd58c85,25537.47,1712007585,187
40d65156,20980.58,1712007586,126
c58fc82b,4282.15,1712007587,499
dc64dd07,31913.17,1712007588,344
6541a204,26797.1,1712007589,384
2698b69c,6109.32,1712007590,187
054ab58c,1939.53,1712007591,266
d18a67d7,9112.61,1712007592,247
041aa968,19710.79,1712007593,461
1f21c8fa,18755.57,1712007594,192
2170f27a,37837.14,1712007595,386
434e8ea6,11372.54,1712007596,198
4fbec341,35982.7,1712007597,180
d83ba75f,44186.6,1712007598,486
66a8716a,27816.71,1712007599,243
a56b9d6a,28886.23,1712007600,351
ce8ff793,3272.96,1712007601,358
080572ba,15897.3,1712007602,352
8e788dcd,18569.43,1712007603,155
0d3b04d0,17878.15,1712007604,214
6816f008,39807.36,1712007605,376
26bd4ea7,23522.38,1712007606,386
69190fe4,33445.39,1712007607,140
78ea2eb6,47120.01,1712007608,107
12fa4a02,5798.49,1712007609,499
6f6a769a,44933.3,1712007610,481
456f31ca,6645.07,1712007611,440
5de3666a,3945.98,1712007612,408
d66ca79a,14726.28,1712007613,282
d6573f56,14187.54,1712007614,356
1639b853,16144.92,1712007615,421
dd6e8dce,13303.99,1712007616,173
3df9dbc9,47509.86,1712007617,455
44f5a15b,12425.78,1712007618,458
c23e06b9,32178.84,1712007619,391
ab54f666,19179.95,1712007620,267
795eb0c5,32206.78,1712007621,456
ee7d353d,30887.83,1712007622,304
ed2728a5,36381.87,1712007623,216
78f02469,39735.16,1712007624,135
8c5981dd,16706.21,1712007625,289
3d77907b,13405.22,1712007626,421
faeda333,19159.95,1712007627,445
ae80ae2f,10766.05,1712007628,238
eba48728,9146.06,1712007629,400
2ca54a60,10122.97,1712007630,407
6c6a1f89,5758.66,1712007631,242
ef8abdb3,36942.7,1712007632,466
b84f0321,21352.73,1712007633,280
caf6ddf5,39753.33,1712007634,447
ba6e376f,30073.06,1712007635,380
2098a1a2,22972.02,1712007636,333
fa1e6cb2,46878.01,1712007637,174
0ca36355,19456.74,1712007638,264
eb174ec2,34516.87,1712007639,382
259a667e,23517.32,1712007640,247
3caab11f,38756.82,1712007641,101
7d14aa47,46664.68,1712007642,129
91106568,29925.18,1712007643,221
4ee0e9ce,24198.69,1712007644,464
1127e966,31401.79,1712007645,379
99739ecb,12824.28,1712007646,307
44ddf135,13616.63,1712007647,319
edccef1f,9598.57,1712007648,181
ca34a830,44041.84,1712007649,465
344a6121,38000.09,1712007650,142
279ad36a,11172.93,1712007651,470
1909beca,47964.44,1712007652,246
c9d4f4b2,6796.91,1712007653,324
bf3d6dd9,14940.03,1712007654,487
0fded63f,23069.83,1712007655,428
b2458393,25160.94,1712007656,178
aa4f1bf5,44449.78,1712007657,328
0124c06b,12946.21,1712007658,430
fbd29e6e,30560.74,1712007659,125
4ee5f08a,13612.0,1712007660,162
ca62fc1c,13827.71,1712007661,208
a090c3d1,41102.81,1712007662,285
ccbdbea6,23115.0,1712007663,367
a318c672,3980.4,1712007664,240
9b62e525,26986.29,1712007665,359
8ae6cca8,6698.74,1712007666,206
6e5ba105,14532.31,1712007667,492
d2dad92c,19707.92,1712007668,310
0511360d,30424.63,1712007669,413
d95332c7,24759.89,1712007670,333
566ff6b2,45698.91,1712007671,104
00815fdc,34251.54,1712007672,382
82dd0140,38515.93,1712007673,254
7c83e528,7333.53,1712007674,157
90e5f63b,20841.62,1712007675,250
74bd700e,20419.79,1712007676,143
a990006d,36327.29,1712007677,232
d07918c2,34151.14,1712007678,471
95b07b55,16934.32,1712007679,295
7223c75f,46687.56,1712007680,409
f76cdb39,2777.45,1712007681,395
d0533231,33228.9,1712007682,339
77f5b8db,14397.41,1712007683,257
eea0b17e,33479.44,1712007684,223
c10b2d7d,46808.95,1712007685,406
179b32ef,22837.11,1712007686,441
00f03c99,35405.75,1712007687,337
136dee93,8673.53,1712007688,175
ee4e4775,5626.49,1712007689,427
f5140c01,16164.15,1712007690,136
c518df32,9502.55,1712007691,237
d3ee1d46,38721.64,1712007692,266
b4ec1bc4,39497.88,1712007693,351
059d61e9,43984.09,1712007694,285
98827774,41387.48,1712007695,161
7c4f1569,14519.3,1712007696,221
c78f4b88,49105.22,1712007697,365
1ed3aea9,31561.5,1712007698,325
03699cc7,39012.97,1712007699,264
ad98deec,24869.06,1712007700,328
9e2646f2,30026.26,1712007701,387
09ebb46c,2602.37,1712007702,318
7f7e6c04,21800.41,1712007703,224
6bc3c564,41544.39,1712007704,396
1b3ec24a,28720.06,1712007705,453
ced19b15,33339.52,1712007706,140
b2582fa9,1794.83,1712007707,368
a8ad84bc,38766.98,1712007708,373
0aed5542,34793.48,1712007709,288
b35528fb,20173.91,1712007710,398
62bb1d68,46945.78,1712007711,481
8727768b,30360.67,1712007712,258
b9bf65a4,4477.17,1712007713,453
27ebe113,48483.48,1712007714,246
705d5fa6,14447.63,1712007715,343
21b3f6e1,22639.59,1712007716,398
3bae0731,4893.53,1712007717,345
c93de5e6,3135.31,1712007718,451
9468c0aa,49297.07,1712007719,149
7f06767e,32168.13,1712007720,383
c840fd6f,18788.47,1712007721,193
4edd5c7a,13741.5,1712007722,257
544984d1,3339.08,1712007723,154
dd918bd8,4866.09,1712007724,312
b2303f34,33387.08,1712007725,407
45724e9c,20415.75,1712007726,105
3073d36c,13140.9,1712007727,458
fe70daad,39148.3,1712007728,473
0467d622,41690.56,1712007729,465
44723669,24903.61,1712007730,249
030cda96,43723.58,1712007731,200
81856884,32503.93,1712007732,183
d85a22ed,43527.33,1712007733,101
8f56a386,29226.75,1712007734,135
5f72d78a,20848.81,1712007735,138
1c1cc32e,23649.52,1712007736,348
b4577b12,22780.08,1712007737,440
b1b3eeb6,2014.15,1712007738,140
eb14624e,44166.49,1712007739,133
c3f6611b,16469.98,1712007740,419
0715b641,18374.18,1712007741,412
be4b8361,34261.46,1712007742,413
365350d1,45915.32,1712007743,307
75fb2c3d,1933.5,1712007744,331
f1ff27c8,17861.27,1712007745,320
5e6ffb1c,36100.47,1712007746,189
f8c49e29,32735.38,1712007747,164
c177928d,44875.48,1712007748,220
4110da65,38204.84,1712007749,408
74c95dc7,16620.25,1712007750,106
a3b8aaf1,29087.85,1712007751,153
377e8e70,20172.62,1712007752,424
13e02462,5123.19,1712007753,245
d6b05f0a,37123.29,1712007754,255
209ffb3c,44059.44,1712007755,132
66f0176f,31326.06,1712007756,397
6734a091,10653.3,1712007757,339
77dcb28c,25912.29,1712007758,473
8dbc0ad0,34140.77,1712007759,285
495fc667,32442.3,1712007760,131
639c180e,17008.01,1712007761,220
327e1e36,46578.62,1712007762,389
a3ecab49,39718.69,1712007763,178
d36237e9,43780.24,1712007764,345
b315653e,44386.14,1712007765,354
c7323fe9,38273.37,1712007766,227
255314ee,6228.68,1712007767,279
f0168a34,40274.13,1712007768,182
11e38f63,41753.46,1712007769,371
e35845cf,26463.13,1712007770,472
bee79ee6,23023.9,1712007771,305
41bf11f7,35923.01,1712007772,276
c2dcc8e9,17131.14,1712007773,399
a14054e3,23525.44,1712007774,238
8d16c4bb,7429.4,1712007775,322
3ca8130b,33333.59,1712007776,183
a2c279a0,44038.02,1712007777,408
bf47632e,7142.91,1712007778,347
116c1b81,11569.95,1712007779,446
41a249e5,2145.07,1712007780,205
ec8214e1,2796.73,1712007781,411
35ff350c,2100.06,1712007782,383
5f238fec,46675.15,1712007783,251
4ed59d0b,23221.61,1712007784,312
262df52b,17654.54,1712007785,265
8e4f530f,34620.92,1712007786,470
49c11d0e,2823.84,1712007787,267
dc8eb5f1,1535.25,1712007788,104
4af35208,26005.46,1712007789,492
81e05954,3968.24,1712007790,190
f277a440,40381.97,1712007791,419
bef49aa6,34085.18,1712007792,456
7e4061dd,21711.4,1712007793,398
8ab70037,24646.63,1712007794,208
dd4e54d0,11407.02,1712007795,221
d5f6d198,32491.99,1712007796,427
cee19022,1800.51,1712007797,373
f377c613,36054.6,1712007798,252
63e35536,39717.35,1712007799,487
9521e470,7573.3,1712007800,196
dc076c79,37955.63,1712007801,239
6b355af0,14525.63,1712007802,499
365014e1,12545.55,1712007803,100
13c272b6,10914.07,1712007804,256
6164486f,32752.55,1712007805,355
c3719a20,22266.06,1712007806,128
771fefc4,26022.84,1712007807,389
e0f30858,39538.74,1712007808,147
e553d43e,27277.27,1712007809,423
f6d0eb94,41489.0,1712007810,440
652281ff,23713.46,1712007811,394
0ec24dba,27939.55,1712007812,242
cadf3eae,10632.78,1712007813,207
f32c83c2,2561.7,1712007814,436
310dd11f,5132.6,1712007815,422
0f8f65a6,20396.93,1712007816,470
deccbd34,47818.37,1712007817,449
fa46d428,1764.13,1712007818,415
29005a64,19866.42,1712007819,248
cc76aac3,5574.95,1712007820,131
8edaf21f,38546.42,1712007821,457
21640c61,41174.2,1712007822,372
d6e796b3,31582.8,1712007823,432
8ba354f1,6078.79,1712007824,191
a3273f87,11429.11,1712007825,127
fb7a8fd3,43141.7,1712007826,134
19d899d8,9788.13,1712007827,400
67ccad1f,1625.86,1712007828,208
82355fb4,26269.69,1712007829,439
c747504e,44421.93,1712007830,255
27cb5f47,32154.47,1712007831,496
71966e88,15887.11,1712007832,211
1298950b,26153.59,1712007833,193
5d32f347,9442.02,1712007834,217
3b700a06,9901.21,1712007835,482
aea6d7ef,28303.46,1712007836,453
745b58c2,1443.01,1712007837,129
c9b90f59,24810.73,1712007838,112
f6fadfcb,36990.33,1712007839,488
333c38cc,36645.26,1712007840,421
d2f5bae1,20241.51,1712007841,221
13b29d04,5212.96,1712007842,396
30d69a35,40127.57,1712007843,344
2441c6aa,7312.97,1712007844,207
2f494222,26145.38,1712007845,202
3e6d6e2b,3761.5,1712007846,100
8c719bd8,25278.26,1712007847,253
f03275b2,41567.32,1712007848,324
62ddd3aa,21501.69,1712007849,415
29e79975,13041.53,1712007850,128
e3b649cd,16695.2,1712007851,452
d2aab581,12583.38,1712007852,268
03933581,17715.72,1712007853,196
64365dd1,6604.26,1712007854,423
74b08b41,24248.57,1712007855,354
84b94ad7,29045.51,1712007856,140
347ca261,45369.31,1712007857,444
46d2394c,27729.78,1712007858,245
85f3c48a,43395.15,1712007859,476
68500571,20219.76,1712007860,241
977bf267,23794.68,1712007861,361
17479ad7,23340.85,1712007862,393
fb07a28c,10479.23,1712007863,450
52b18355,49273.43,1712007864,440
2b348021,24777.15,1712007865,120
c4dd0da2,45207.41,1712007866,369
801abf46,10171.1,1712007867,210
3a4096da,19573.69,1712007868,446
9afaafe5,27746.47,1712007869,241
d1dddede,38602.45,1712007870,314
45303be8,44819.33,1712007871,331
4701c820,16742.34,1712007872,242
39ac6f87,11344.91,1712007873,272
76638656,34127.67,1712007874,375
5afd064a,34800.26,1712007875,272
5762440a,45085.48,1712007876,490
0f002acc,10846.32,1712007877,432
112af0fd,44365.44,1712007878,479
dd0a0086,36058.75,1712007879,229
bd381512,23499.49,1712007880,475
4802a5bc,35173.09,1712007881,111
b96ee0ab,40467.55,1712007882,474
6ba75169,44544.53,1712007883,465
6773509a,46852.14,1712007884,298
51722625,18253.33,1712007885,103
6ea514b5,1560.51,1712007886,245
7ecb5fdc,44233.27,1712007887,279
bd2f0acb,2967.44,1712007888,240
a2496f43,1414.98,1712007889,374
3f5d1b80,39509.46,1712007890,396
5c9f7cc3,28904.43,1712007891,273
fe559d71,3547.28,1712007892,455
26d58ba0,8693.42,1712007893,245
3a93ef5d,17196.97,1712007894,166
a965de6b,44613.08,1712007895,375
93597a2f,14352.84,1712007896,414
227186aa,37565.89,1712007897,369
7772f606,35244.54,1712007898,173
6bfbded6,5861.24,1712007899,419
c45b56fd,21352.45,1712007900,288
13d8fb81,29698.9,1712007901,379
3a0b040a,47122.01,1712007902,324
1b26e563,34112.34,1712007903,448
b7cb45ef,32770.35,1712007904,238
1cdc91c4,11722.23,1712007905,459
11b90ea1,39539.01,1712007906,427
58bd95f4,41784.45,1712007907,494
5e83bd61,3885.6,1712007908,490
bdaacbab,20226.17,1712007909,381
ac8d7791,46457.83,1712007910,230
cc9d00e1,34120.38,1712007911,169
aee925b0,23523.9,1712007912,487
d1d53c0c,34164.41,1712007913,313
05de2ad2,42151.4,1712007914,443
ddb5fa87,16829.0,1712007915,132
b5338fd8,42238.77,1712007916,332
d28f3916,41584.16,1712007917,317
1dbcaa52,40029.59,1712007918,252
6e79bcd1,39382.98,1712007919,306
84116704,49971.67,1712007920,457
ecb7815a,6954.17,1712007921,400
af4a50f4,46138.13,1712007922,142
670f2389,42001.66,1712007923,343
5bd11df0,13598.26,1712007924,152
ff088b6f,32146.48,1712007925,430
87e0d576,5664.9,1712007926,422
695f93f5,9545.97,1712007927,246
a0034d1c,19062.08,1712007928,242
0e7442bd,37368.23,1712007929,308
dbd5a679,25200.06,1712007930,388
1eed30e5,42229.49,1712007931,112
6294f2c2,42833.39,1712007932,253
81d4fd46,34615.41,1712007933,444
3b7df458,1208.06,1712007934,117
ea3f5e12,40236.0,1712007935,195
63ac558a,32530.04,1712007936,246
48cdb4b5,12891.9,1712007937,360
a0894982,34223.02,1712007938,363
c603e187,13969.4,1712007939,326
eb96e5c3,41456.62,1712007940,415
2d7cc231,16677.55,1712007941,100
d76efe1e,13657.31,1712007942,243
797ffa33,17210.8,1712007943,390
9c8cd64c,49612.76,1712007944,138
5992314c,31519.35,1712007945,234
62069e6c,14454.0,1712007946,162
d25b504d,40040.28,1712007947,171
4c04a9e9,2764.66,1712007948,178
d6346fa3,19561.46,1712007949,276
10e8ec79,24316.58,1712007950,387
16022730,2777.76,1712007951,473
eb8ad105,26203.07,1712007952,364
e5fbb394,11977.37,1712007953,374
02cc80f7,33799.98,1712007954,209
4a2db974,47619.01,1712007955,192
135ef3f3,34541.68,1712007956,178
2f88d859,16638.87,1712007957,405
ae0da745,3453.96,1712007958,187
84ac87d2,24920.59,1712007959,383
af585430,9374.01,1712007960,270
c78e8e7b,21050.3,1712007961,154
3dc0b407,29029.23,1712007962,383
bf27cdcf,7323.11,1712007963,392
b7c9de05,46246.38,1712007964,123
2de878de,46765.68,1712007965,236
0fe27d74,8809.64,1712007966,369
a0c6f127,9876.7,1712007967,271
8e6bc38d,3860.54,1712007968,210
b4695cfe,39788.92,1712007969,129
66b2dec2,35988.73,1712007970,242
909c0e32,35464.96,1712007971,306
1920953a,18713.08,1712007972,292
c7313a93,7628.77,1712007973,206
e90a1c95,11145.26,1712007974,235
318647ea,30237.74,1712007975,342
4aa310a4,19923.08,1712007976,150
13619e65,32725.19,1712007977,487
6c9d8659,8010.3,1712007978,191
719daa0b,2966.08,1712007979,275
1e1a258d,7866.71,1712007980,122
976ceefe,15048.45,1712007981,440
3caee490,42469.25,1712007982,100
d1682991,1835.46,1712007983,311
3d706b6b,35829.05,1712007984,149
6c817458,32200.25,1712007985,472
ed3bebb9,3688.47,1712007986,163
95fc3688,44807.38,1712007987,355
02b279fe,40328.09,1712007988,349
b808f659,12191.69,1712007989,463
2a33d5cf,35257.37,1712007990,298
d6726ac8,15206.47,1712007991,117
84fae984,30794.07,1712007992,345
25151578,26938.0,1712007993,386
0a9c4f50,37430.23,1712007994,116
a052a1eb,15103.7,1712007995,241
b425b377,34489.59,1712007996,238
f7f03e7b,28758.23,1712007997,263
bc3b0971,41748.72,1712007998,272
9b2b879c,14347.03,1712007999,466
94b4ce66,10101.88,1712008000,473
947ea240,45893.48,1712008001,337
77525aa9,15899.04,1712008002,287
7aad0c44,22973.27,1712008003,101
ff96b8e2,26674.35,1712008004,284
c846f78e,25851.02,1712008005,187
c933ce1d,19487.95,1712008006,183
dc5bb55b,37765.45,1712008007,481
69b67378,13291.13,1712008008,316
597a6d88,22753.13,1712008009,268
f6da1096,49311.12,1712008010,377
ef21c57f,33429.29,1712008011,305
ced31ca0,6025.03,1712008012,406
4abb977b,45113.11,1712008013,312
c2d95699,31825.37,1712008014,445
2d5e261d,37745.09,1712008015,348
a5a7cc93,14339.6,1712008016,229
d655a48a,22926.92,1712008017,242
ffc47e9d,10290.01,1712008018,108
96a5c37b,18578.24,1712008019,372
8e27e813,44844.43,1712008020,452
e0d29400,7655.49,1712008021,100
bd2026a1,40746.22,1712008022,272
722451c3,4989.03,1712008023,419
55e0ec3f,14821.46,1712008024,126
6a17dc5e,36421.49,1712008025,331
df449887,49041.72,1712008026,349
34492686,45805.44,1712008027,458
f7138cec,45206.89,1712008028,379
8891c909,37960.98,1712008029,237
67377069,34579.03,1712008030,396
19f3d5fd,31697.56,1712008031,120
c6e31713,13943.87,1712008032,114
5f476b06,42095.66,1712008033,202
65ccc4c1,9599.67,1712008034,472
b050321a,1350.93,1712008035,126
48b226fb,23883.93,1712008036,252
f8e87a36,35712.47,1712008037,244
a9136153,14134.66,1712008038,209
4fe4fff0,17451.53,1712008039,251
d8a2c5ae,35963.07,1712008040,350
d13e68e2,26400.93,1712008041,267
a46e8644,33002.86,1712008042,244
94a54df6,10199.83,1712008043,389
d58b2be5,4457.23,1712008044,465
3b36fa60,20661.3,1712008045,402
60d7292e,4990.49,1712008046,263
1b6c0421,8156.0,1712008047,308
7245db25,34375.91,1712008048,320
92e20961,10688.74,1712008049,112
5b56b7d9,17710.52,1712008050,130
32a018bb,35990.51,1712008051,127
ba5522ec,1164.7,1712008052,129
aee53e70,41478.52,1712008053,387
08457783,45287.49,1712008054,261
e5c120a0,19427.23,1712008055,242
e0f64275,2507.32,1712008056,430
a58c9070,6118.63,1712008057,339
86c6b84d,13687.12,1712008058,219
4fb2fdfb,2163.29,1712008059,159
6379e9b8,20170.87,1712008060,307
7c23cf27,47390.95,1712008061,385
9dbaadbe,5288.69,1712008062,294
b930be76,14529.33,1712008063,167
a19aec0c,49078.58,1712008064,283
898f0204,28453.55,1712008065,105
839d0fb2,34064.99,1712008066,143
08a09d6c,18052.2,1712008067,229
70e2413b,35822.85,1712008068,107
a9a8deeb,32437.87,1712008069,174
1e6a9576,17409.2,1712008070,332
2294333f,17741.22,1712008071,484
ae01674d,39814.83,1712008072,262
21c0849a,34388.81,1712008073,429
1c6d4f53,16678.01,1712008074,407
e9902c85,43462.8,1712008075,179
1cc5d889,46938.71,1712008076,259
063923e1,3871.37,1712008077,239
88d93499,39094.16,1712008078,237
09aeae64,39242.75,1712008079,173
c1150854,29870.4,1712008080,481
4716243b,48245.82,1712008081,385
9a79ca94,3178.85,1712008082,241
b50eef80,7535.22,1712008083,292
8f4f5eed,21313.5,1712008084,307
a53d22e4,39670.94,1712008085,395
3e37e172,30263.07,1712008086,493
b9d1675c,39563.61,1712008087,313
8aa94037,42363.03,1712008088,460
d4f5156f,32992.13,1712008089,383
2ac9458b,42385.59,1712008090,236
91737434,23947.22,1712008091,312
0fa197ea,49518.8,1712008092,248
a12da8de,35459.33,1712008093,200
4ca30720,7228.77,1712008094,141
15c3bcf2,7055.34,1712008095,316
27a17048,46791.85,1712008096,115
9d093e02,43587.43,1712008097,257
c6e716e1,8393.47,1712008098,424
3c06f197,15130.73,1712008099,479
aa5edcb1,25048.01,1712008100,411
0e43b4a5,39257.71,1712008101,116
468e55b0,7219.08,1712008102,263
416ee144,45467.3,1712008103,157
0ccdd2cf,14016.53,1712008104,192
3b9f276f,26996.82,1712008105,372
7bc2907b,23018.35,1712008106,292
4c0798ee,48509.18,1712008107,243
41fb57d1,8522.81,1712008108,473
105f6f68,3779.63,1712008109,209
939bcf2d,4648.27,1712008110,446
b7f49c1d,14475.85,1712008111,296
b4d656e7,14747.44,1712008112,258
8ccfdda0,14913.31,1712008113,307
8090d486,31377.41,1712008114,210
23f235e6,35879.69,1712008115,363
36a841f1,43354.69,1712008116,138
63daf4e9,43313.78,1712008117,232
089d03d3,40139.45,1712008118,201
cc92ea36,13021.84,1712008119,182
05f28f5c,10930.87,1712008120,148
9753a094,4872.78,1712008121,185
e9d6a9cb,39181.11,1712008122,417
175a5eee,32896.09,1712008123,146
955c8206,33962.64,1712008124,365
5e93e886,29385.92,1712008125,259
e6eeb6ad,34898.01,1712008126,123
41349392,28294.67,1712008127,199
0721e926,7510.61,1712008128,239
8ebb7aa1,44244.37,1712008129,480
23b7c667,25951.05,1712008130,305
6f9ba2f1,35007.72,1712008131,321
9718539c,5844.3,1712008132,344
24e05921,34056.44,1712008133,474
ae577d4b,23410.43,1712008134,223
4e62060a,33418.8,1712008135,457
5be5d062,8356.75,1712008136,127
f4a920f8,47306.72,1712008137,295
4ea58e51,35327.27,1712008138,241
be69b17d,15699.74,1712008139,387
bc998b2f,37798.85,1712008140,245
5ec84ccf,36683.21,1712008141,109
15fd3b12,30880.42,1712008142,168
a1a1540c,26558.27,1712008143,225
7a29e060,6054.13,1712008144,299
7d45d81e,23714.77,1712008145,344
81c38060,38689.16,1712008146,438
7dbc6b7f,47997.56,1712008147,330
5fac7feb,34793.9,1712008148,468
e26cc111,37074.1,1712008149,426
95146484,47790.95,1712008150,145
c621b84c,45290.55,1712008151,289
412516df,10420.63,1712008152,389
a5d4d9ff,27976.22,1712008153,145
bdb4686f,34150.01,1712008154,468
85709074,24013.64,1712008155,457
631b01e4,32901.95,1712008156,104
73f131ba,49937.98,1712008157,300
573087b7,10554.08,1712008158,453
f0494b11,38778.79,1712008159,185
0ca69974,22883.53,1712008160,460
65c91e41,46097.06,1712008161,144
c683a5b3,45746.25,1712008162,366
2e60ee67,43229.5,1712008163,289
e8e4ee86,48522.52,1712008164,355
17e0f2ef,44305.12,1712008165,410
357616fe,11919.69,1712008166,344
bad576c5,13495.22,1712008167,499
a61c8fd7,3434.89,1712008168,154
7bdaea41,29859.34,1712008169,493
e83ded2b,28755.13,1712008170,268
a5ca9192,48911.48,1712008171,120
e64f8678,11619.33,1712008172,149
2fd78ebb,15069.23,1712008173,366
79c10b53,19742.35,1712008174,268
3bcbc1fb,17420.42,1712008175,182
c14aaca6,12714.08,1712008176,491
8d38e77a,20028.11,1712008177,215
e0d62a09,7598.26,1712008178,435
9e3f317a,35034.42,1712008179,294
7b9483a1,1447.97,1712008180,222
00a57c8d,3404.11,1712008181,367
285270db,19342.53,1712008182,102
ae345b9e,30542.91,1712008183,435
f7683e55,34345.08,1712008184,259
35165069,19443.82,1712008185,229
b39986d8,5211.42,1712008186,236
12937e10,11018.87,1712008187,165
79856168,32805.52,1712008188,154
3963d1a4,40722.16,1712008189,384
32bcc76b,7003.96,1712008190,483
8cbc506e,25405.22,1712008191,385
b8ac2b4b,15204.95,1712008192,288
3075946d,49096.59,1712008193,281
151ad076,33037.19,1712008194,488
1294adc7,35137.29,1712008195,455
0bc299d1,15918.39,1712008196,343
76bbc1a1,13832.51,1712008197,384
2822abfd,15640.74,1712008198,483
c9f7e4af,49661.53,1712008199,484
61108942,27863.3,1712008200,247
4a15ee61,39058.26,1712008201,183
ba4360e8,38041.56,1712008202,441
23c4728c,40256.07,1712008203,371
408e219e,13131.39,1712008204,360
a042bd64,29153.8,1712008205,286
8bb80853,49942.36,1712008206,368
345d251c,37609.75,1712008207,388
14338f53,3103.93,1712008208,206
415bc74c,23335.02,1712008209,472
0cffb4df,36605.51,1712008210,324
522dddae,11858.62,1712008211,128
fe74eb3f,13863.43,1712008212,335
abe4974b,15846.8,1712008213,256
2108288f,5852.51,1712008214,285
beba6f0a,49673.33,1712008215,237
f8a6f361,3474.95,1712008216,339
2e1c35d6,44402.28,1712008217,474
398f1fe7,8245.74,1712008218,118
4646b0f2,48741.71,1712008219,473
1cdd1c7d,42275.91,1712008220,365
520044c8,19803.5,1712008221,161
ac6f98e6,31198.61,1712008222,326
ffedba7f,10446.3,1712008223,100
50b18690,46127.41,1712008224,455
5da8028f,35282.23,1712008225,291
3135a325,1440.31,1712008226,198
4554d08c,9563.93,1712008227,338
3193ce9c,14072.07,1712008228,190
6cdc4f2f,29610.73,1712008229,115
aae46b9b,26980.97,1712008230,177
7ab2b972,31091.2,1712008231,277
eb169367,24011.26,1712008232,421
dc295291,7667.21,1712008233,115
81d25eb0,3473.86,1712008234,329
34656f99,5743.46,1712008235,476
38763db5,47816.03,1712008236,152
706cd016,48176.78,1712008237,110
068554a3,38751.64,1712008238,232
b09040fe,8415.68,1712008239,448
43f84cb1,37005.34,1712008240,464
cb6d0f68,28181.31,1712008241,473
e85813d3,41774.44,1712008242,232
c8b9d132,5744.56,1712008243,130
ebdca3de,24119.79,1712008244,144
833cd476,16149.49,1712008245,470
16704e25,40467.04,1712008246,305
6da3a2d9,45174.83,1712008247,420
bd908b91,9474.64,1712008248,145
2faee6ad,48388.43,1712008249,270
ba5cd559,26926.12,1712008250,185
693a18f3,2568.2,1712008251,313
45b53544,19045.2,1712008252,110
7d8c39f5,5014.04,1712008253,182
8bcb8d97,34768.35,1712008254,331
f2f88619,26584.4,1712008255,287
c85cb67f,6662.14,1712008256,402
faf44d16,42948.03,1712008257,367
e6caba2e,8656.95,1712008258,185
1cf9598b,5748.58,1712008259,342
ca6c0811,19536.42,1712008260,318
959264be,17134.51,1712008261,464
6f31fbb7,33921.26,1712008262,211
dea01c75,27034.99,1712008263,285
45f1bb18,19874.49,1712008264,249
5542d413,37539.12,1712008265,203
75d62986,20192.84,1712008266,495
fe718714,16956.07,1712008267,357
1e01c97c,22962.64,1712008268,461
f8ab0954,35220.14,1712008269,150
88cc327c,22369.31,1712008270,485
7bba197f,15703.57,1712008271,134
2282faa4,25074.26,1712008272,366
6a12e5b6,36384.44,1712008273,290
32871033,26858.04,1712008274,441
e59a4f16,24066.37,1712008275,164
1f7b7d32,19363.67,1712008276,188
3d6aa137,18040.65,1712008277,124
69082add,5137.9,1712008278,466
a2f9b0f9,34551.07,1712008279,231
aa7a8b5a,42833.25,1712008280,221
fc12de1d,21820.48,1712008281,208
e14fa971,18170.56,1712008282,278
a3b00d91,33591.85,1712008283,330
92f0cf53,14137.44,1712008284,497
038d203f,13850.5,1712008285,482
83290a25,45758.74,1712008286,384
d593685c,40840.03,1712008287,142
eeeb8ef3,41775.96,1712008288,196
707e7647,40269.13,1712008289,205
ddc97606,42653.82,1712008290,327
6fc1dbce,36963.97,1712008291,185
364e30db,2169.85,1712008292,274
491685ee,4627.44,1712008293,212
5c48de0f,9773.17,1712008294,405
ce459388,16722.87,1712008295,216
49f13b49,22499.86,1712008296,302
462295b6,49673.21,1712008297,142
4ad3d22c,35296.08,1712008298,235
5baa15a0,36523.75,1712008299,360
fcb8051f,37137.52,1712008300,420
4f50cd8f,34595.96,1712008301,272
a32bfdf1,23737.85,1712008302,497
3e08994a,13628.96,1712008303,119
0db5e208,41480.28,1712008304,300
041343f6,48562.52,1712008305,152
f670fe85,20046.96,1712008306,429
f378498a,14455.4,1712008307,388
e4650274,47023.86,1712008308,253
a428f71f,19982.56,1712008309,265
2442350f,22966.5,1712008310,479
82996c69,2242.81,1712008311,368
0a226b72,32496.41,1712008312,482
4fc95967,20718.07,1712008313,494
a117b37c,30516.16,1712008314,498
253b4ad2,49671.04,1712008315,134
7521078e,21095.58,1712008316,262
c2f58a33,42333.45,1712008317,114
fe2d7101,28518.3,1712008318,396
f34281b1,47492.41,1712008319,429
bb19ebf2,19639.65,1712008320,382
883d29d8,25670.85,1712008321,352
7cc774bc,40567.51,1712008322,405
6563aa67,25861.1,1712008323,135
508bdf05,41632.82,1712008324,397
cb3e7019,16393.19,1712008325,159
5f2f39dc,13519.38,1712008326,173
eed3ae88,39049.38,1712008327,358
39784345,7654.43,1712008328,337
49213eb7,42070.04,1712008329,194
629fa5eb,43023.71,1712008330,270
657b0f18,43644.63,1712008331,289
291ddac0,29551.26,1712008332,430
6736073b,14566.83,1712008333,297
e856bbdc,27097.8,1712008334,395
84c234a2,26349.78,1712008335,192
ee773f7f,15540.76,1712008336,172
8a45b34a,49800.9,1712008337,364
0ba8b20d,43979.72,1712008338,345
06d414be,3292.34,1712008339,298
7f10cdaf,39073.14,1712008340,288
aaa9d110,20268.31,1712008341,420
8a01a74d,10262.14,1712008342,277
637af52d,29788.72,1712008343,419
6273816f,6445.25,1712008344,482
758747d3,24294.83,1712008345,391
0c9c5194,27616.07,1712008346,276
b028ddd5,29828.42,1712008347,265
8a300c75,40238.73,1712008348,434
9c7bafe5,28812.46,1712008349,224
2211e7a9,42997.68,1712008350,206
a10470c0,33446.45,1712008351,246
2c3670dd,49269.63,1712008352,222
40e191f5,22686.91,1712008353,249
1c93c186,1367.56,1712008354,305
f240f09e,34663.09,1712008355,280
ce9da70c,39539.21,1712008356,395
f0f36b21,35177.47,1712008357,121
8f2940f4,7248.04,1712008358,343
d10fe3fd,37246.54,1712008359,433
9915e24b,1407.34,1712008360,477
7a82ca3f,9879.21,1712008361,278
07993fc4,37266.26,1712008362,471
f807e3be,41017.66,1712008363,124
51fa5038,15980.14,1712008364,476
1a9f8412,33571.8,1712008365,463
17aa24ac,45677.98,1712008366,439
d530c565,1286.34,1712008367,373
115096c2,23375.12,1712008368,156
ea2f8b11,28763.34,1712008369,265
53bc9f38,39639.32,1712008370,159
95e3e55b,48920.87,1712008371,272
e4fabf4c,8032.42,1712008372,468
99b696b3,30047.42,1712008373,245
e48e93c9,1312.72,1712008374,422
9830195d,17957.66,1712008375,243
d128afeb,30188.54,1712008376,164
028df4b9,14268.01,1712008377,361
6a7f9534,36269.08,1712008378,423
9dcf9120,26238.2,1712008379,215
bbb3d757,4188.67,1712008380,125
30e1ade9,4251.66,1712008381,239
bb9e4b12,1322.79,1712008382,477
d6373f7c,40521.16,1712008383,265
7c50f6bd,47849.89,1712008384,233
d0dab818,16808.43,1712008385,284
018ccfe0,2904.58,1712008386,378
7d8320ec,47962.38,1712008387,465
74184ab9,7148.81,1712008388,140
2ad871a2,15913.39,1712008389,336
c14b3df7,10616.81,1712008390,326
0e481a84,27582.53,1712008391,416
84f4b921,45118.77,1712008392,422
08522eb6,25425.47,1712008393,417
72917259,16083.46,1712008394,471
8235fdcf,35494.74,1712008395,494
d0f5e5c9,22833.57,1712008396,430
bb72c049,15141.2,1712008397,472
93029a66,32853.91,1712008398,488
24266f02,30843.89,1712008399,451
1c9aee78,47497.33,1712008400,158
b04be997,10086.46,1712008401,164
7f730003,23638.97,1712008402,162
cd30a643,17202.92,1712008403,141
fd7542e5,14509.15,1712008404,225
e9fa92ee,14610.71,1712008405,331
730c4c89,40399.13,1712008406,168
cf8bf4f9,32603.61,1712008407,323
3998cfbb,1340.22,1712008408,462
e93ae2b4,27203.4,1712008409,349
13d0650f,31413.23,1712008410,204
8c9c79d2,10734.81,1712008411,437
7b0217ac,39300.21,1712008412,267
6cb82613,49595.62,1712008413,240
3ab9a3ba,11566.57,1712008414,454
52b890ac,48485.26,1712008415,484
16e080ae,43381.91,1712008416,337
08311c7d,36601.3,1712008417,483
d3bc0d62,46452.02,1712008418,151
e21a2f3d,12605.21,1712008419,472
576b5176,23660.92,1712008420,343
3f33fc1b,20101.64,1712008421,113
591de69c,5962.3,1712008422,250
8f7d6749,33197.5,1712008423,378
24ea5cf7,29460.23,1712008424,254
6f6a0fb2,32142.51,1712008425,395
28c006b4,39986.92,1712008426,498
e06c6e10,37859.31,1712008427,220
b8cf50a3,28791.16,1712008428,145
8d0fac0b,11235.15,1712008429,397
d933e776,34071.32,1712008430,350
10a2cd71,34056.04,1712008431,423
5f6b3eb0,47691.13,1712008432,157
5a2eba59,37179.41,1712008433,153
d47d1582,6604.18,1712008434,313
1dc116b0,32377.1,1712008435,447
0b197304,34186.03,1712008436,389
8d0da567,3734.44,1712008437,453
cc3736dd,8089.02,1712008438,123
f6f20f6a,18150.52,1712008439,478
4a3f95f7,23877.4,1712008440,233
f976cafe,14432.65,1712008441,117
d5786707,5775.0,1712008442,128
bdcbdbbc,31153.09,1712008443,121
fc4c7bc8,35167.79,1712008444,101
c8b0f6dd,21521.97,1712008445,381
3680678d,13982.74,1712008446,139
1a8199d1,26542.69,1712008447,169
2af43c06,24615.11,1712008448,116
9ad4f2c5,15885.06,1712008449,378
903354b7,42863.94,1712008450,349
56eb316a,41821.0,1712008451,196
d1ccf83f,46881.8,1712008452,497
2b913562,41641.98,1712008453,372
2d670803,45713.9,1712008454,325
e8a55955,43081.29,1712008455,326
025b69df,35495.32,1712008456,322
9394f654,16126.69,1712008457,325
543082fa,22614.63,1712008458,491
ad948435,12981.32,1712008459,481
7dfbcca6,5932.28,1712008460,479
98abe651,29919.71,1712008461,258
a2e21bf5,3165.32,1712008462,244
d03b2985,48025.9,1712008463,185
1945a05f,37837.35,1712008464,169
74fb53ae,24024.85,1712008465,389
3d1ff472,45828.35,1712008466,282
7dccc747,10205.59,1712008467,421
f1e1ddc0,42660.75,1712008468,416
96443138,21613.05,1712008469,235
9587e9b0,47227.6,1712008470,483
ff163f51,21335.64,1712008471,184
679e01d7,2974.4,1712008472,346
08033599,47198.88,1712008473,417
323225ad,43967.89,1712008474,348
853ad548,35280.3,1712008475,456
5c3f9ff6,46447.18,1712008476,159
93bf5d01,16931.9,1712008477,143
0c9ae703,13326.7,1712008478,462
59525976,31116.19,1712008479,125
1f7a1162,36866.84,1712008480,381
9c95e445,44870.14,1712008481,282
3697b1a4,5819.74,1712008482,322
96938e7c,42583.3,1712008483,375
ed373cd3,7346.78,1712008484,499
8c579424,23762.12,1712008485,438
4b196512,26885.69,1712008486,111
439d59f6,42936.83,1712008487,440
a821a2b6,38943.18,1712008488,146
f6ea9a99,36520.48,1712008489,153
98161881,33426.9,1712008490,398
a47d2cb9,47036.3,1712008491,269
31905bb2,3706.98,1712008492,415
8d44ad67,32449.52,1712008493,251
74f9d413,14343.0,1712008494,454
4e5004a7,46431.38,1712008495,160
27c3b62e,11315.09,1712008496,388
1c882988,49167.91,1712008497,264
bd6bf65a,6130.4,1712008498,302
7994f1f7,15515.78,1712008499,326
776d403f,43944.7,1712008500,349
9aeeb0e6,25971.88,1712008501,433
4b1c21f1,22898.66,1712008502,114
d0b31e80,46811.24,1712008503,112
71caa275,12595.65,1712008504,395
fbc4d441,19037.64,1712008505,256
31c1318e,29493.44,1712008506,331
e9d08cc0,32448.08,1712008507,422
a6ea8614,7348.53,1712008508,365
bee19df9,31945.33,1712008509,492
d9ffcf5a,15703.74,1712008510,114
19ee8274,16779.2,1712008511,466
866ea4d1,18635.12,1712008512,313
ec369c59,36335.75,1712008513,463
68e1c588,17610.73,1712008514,262
df7cd8b6,22295.26,1712008515,454
585aa116,48111.74,1712008516,322
2a74411c,11851.88,1712008517,400
106f7143,8054.97,1712008518,179
de4899cf,21697.58,1712008519,433
9ed2f274,24350.39,1712008520,295
9cf9f688,5687.7,1712008521,267
33edd47c,16641.58,1712008522,473
a37a35cf,44331.92,1712008523,139
d82b33b9,44980.91,1712008524,143
5b08e427,15807.01,1712008525,471
cfb3c19b,32798.67,1712008526,213
8c0d4618,45315.58,1712008527,425
a3277401,2807.9,1712008528,453
37cfe376,41396.78,1712008529,171
dad46c79,2461.22,1712008530,195
fbcf7a2d,1681.58,1712008531,299
8abc9416,37055.51,1712008532,123
d2ea8382,11872.88,1712008533,484
8a55676e,33446.31,1712008534,326
635e4d09,43447.14,1712008535,310
de4052cd,1572.31,1712008536,273
6f944580,24990.71,1712008537,465
aca5b892,24110.48,1712008538,386
20c904a5,27944.55,1712008539,403
d102db16,11194.33,1712008540,211
73ee0599,39330.06,1712008541,454
a80e88e7,8096.38,1712008542,299
843f71ce,10125.82,1712008543,149
c7a84a09,26529.79,1712008544,255
c503be9d,40310.92,1712008545,381
e2f48844,39277.8,1712008546,353
9a8bc733,42252.92,1712008547,266
d5f16083,15937.03,1712008548,491
c82552b4,17920.73,1712008549,484
bec2281d,20194.51,1712008550,415
992ab5d7,12739.23,1712008551,453
ca661126,28609.93,1712008552,302
976140cc,10532.38,1712008553,456
57de7f2c,28677.28,1712008554,300
61fe3bc8,29361.42,1712008555,446
c88a96ad,23047.26,1712008556,433
acf443bc,34340.29,1712008557,490
20bd4b9f,37206.39,1712008558,495
da73101e,31139.4,1712008559,469
b1515881,26397.84,1712008560,328
fb19df77,43123.0,1712008561,157
74dd6257,26901.19,1712008562,443
abd731fe,11717.52,1712008563,328
5d69c52f,25867.28,1712008564,405
09b2d12e,22798.35,1712008565,230
45378dc4,14494.86,1712008566,213
a0e84929,38951.08,1712008567,400
284abf53,21150.61,1712008568,441
05828bdc,49197.7,1712008569,441
8d5e6ee4,9688.76,1712008570,102
b616c459,28726.3,1712008571,288
a2e85a2f,43431.78,1712008572,155
d74cc1fd,12352.61,1712008573,277
81ed8635,14968.18,1712008574,424
ba5b4968,45341.82,1712008575,416
429cec79,4747.0,1712008576,418
171a35a6,12612.17,1712008577,232
8c5c4d27,42645.87,1712008578,371
ed4de6f1,39513.04,1712008579,113
275d5571,31368.05,1712008580,160
6448988a,5675.39,1712008581,418
d6450e08,13328.54,1712008582,400
7e360c04,17333.69,1712008583,493
e4202da8,42591.24,1712008584,405
34faf468,17584.9,1712008585,426
cf9cc748,35880.99,1712008586,227
69b111b2,12878.58,1712008587,190
6e1d70d2,11563.46,1712008588,386
be982e98,23324.22,1712008589,305
42c84416,30603.86,1712008590,422
0b96ef1c,24460.45,1712008591,386
5a1cdd06,30103.52,1712008592,411
85316f4c,48529.39,1712008593,493
72ba73a7,45838.65,1712008594,303
8918766e,41370.98,1712008595,343
cf2d060d,8040.03,1712008596,299
9de75ebd,43922.17,1712008597,435
a1c1bc80,43074.81,1712008598,448
1927cdd9,5511.88,1712008599,112
2b50b3ed,14365.83,1712008600,214
20ca976d,39438.47,1712008601,490
4146289c,22336.77,1712008602,391
85ff2eb4,22896.73,1712008603,232
d2d87a8f,5603.43,1712008604,336
16029cf1,27441.8,1712008605,412
10f1705b,37237.5,1712008606,117
53a708ec,43777.44,1712008607,100
d1116bc1,38908.3,1712008608,226
ba8dff6d,36680.63,1712008609,265
dbfc82eb,26908.1,1712008610,112
817efc6c,47967.7,1712008611,458
5c836a13,20983.93,1712008612,206
ca87b0e4,44986.26,1712008613,405
6953186f,17578.2,1712008614,491
84fd5c86,7831.25,1712008615,380
ea06ae95,11191.09,1712008616,454
f7bc5243,44304.46,1712008617,345
92ba262a,48615.11,1712008618,116
682cfd62,48335.82,1712008619,280
685d5176,32533.73,1712008620,455
85e1870f,24326.1,1712008621,323
fa5a6016,42836.72,1712008622,478
e4934cb3,19282.17,1712008623,266
aff227d9,2249.53,1712008624,404
64a359ab,34967.2,1712008625,298
615bf23b,43383.91,1712008626,303
416568aa,30593.21,1712008627,123
b5065b31,42398.46,1712008628,203
802bbe0f,15196.13,1712008629,209
20f858c4,47829.75,1712008630,155
46d5777c,3871.64,1712008631,245
4a56c54c,18143.24,1712008632,197
187f0739,17265.13,1712008633,362
ceb02901,19184.23,1712008634,401
e18f8fc2,46224.88,1712008635,440
4721938d,45135.64,1712008636,231
16cf22b9,20526.01,1712008637,149
fa0da8cd,38160.43,1712008638,366
00c0317b,22701.2,1712008639,256
d409135a,47031.36,1712008640,174
b415d950,26429.17,1712008641,493
3e990e77,12097.27,1712008642,157
3f6504f7,21375.97,1712008643,362
fa58730d,47651.18,1712008644,426
5eb883af,26822.0,1712008645,122
a0212c91,29496.01,1712008646,470
08981f0b,4969.09,1712008647,120
ff8dd3bc,45199.28,1712008648,235
9835a57a,25511.28,1712008649,381
524285ed,9378.84,1712008650,230
7d903d0f,40812.94,1712008651,255
20c5c63e,22970.37,1712008652,480
f9929c3c,29738.21,1712008653,142
9091240f,28658.33,1712008654,308
8aed1d56,21927.59,1712008655,243
f6d47c0d,39062.34,1712008656,352
0c399d04,11621.99,1712008657,267
96bee793,30825.08,1712008658,431
a77807e5,9729.52,1712008659,383
a432c3b7,4582.76,1712008660,418
46ffbee2,28591.2,1712008661,373
59c1a505,25838.83,1712008662,442
cc47d75e,45480.94,1712008663,355
0729a4de,32193.04,1712008664,232
cc740efb,22775.98,1712008665,107
38276668,17626.53,1712008666,109
b5820fbe,28989.21,1712008667,146
8b66c59b,1260.75,1712008668,260
7c8ebbb0,14049.84,1712008669,122
4ebd9866,7814.01,1712008670,337
6826b4d7,10258.61,1712008671,423
41fd8d17,8920.04,1712008672,417
738bf040,42686.03,1712008673,428
1596676d,36166.83,1712008674,206
60a72ade,35520.78,1712008675,420
268c77e7,30107.12,1712008676,352
9ee7b7cd,19736.63,1712008677,285
e281d7e2,3868.54,1712008678,254
c05d4606,13010.53,1712008679,195
50d47dd0,35779.78,1712008680,327
532ff545,16695.62,1712008681,193
cc34d9f7,41936.06,1712008682,186
5a26a791,49506.23,1712008683,346
086ebda4,7393.37,1712008684,339
768d7271,28705.52,1712008685,247
6b0072b0,5280.15,1712008686,332
4c6fae23,23729.09,1712008687,147
24358cdf,40424.5,1712008688,470
35b96cd4,29844.78,1712008689,390
7999838b,27810.91,1712008690,215
edae5890,22915.34,1712008691,474
616a65dc,39261.19,1712008692,305
d00c2674,28374.9,1712008693,152
e61cbae4,16873.2,1712008694,425
3da06311,31916.48,1712008695,312
007f9a8c,1930.04,1712008696,389
64d975ee,37247.1,1712008697,119
02c2511b,1542.07,1712008698,292
c75e93d1,13275.84,1712008699,148
d34250d4,24106.76,1712008700,452
b17b85bb,17550.3,1712008701,442
320d1c66,34377.32,1712008702,205
42372726,15842.23,1712008703,439
7e8e76e6,36726.52,1712008704,268
1f86d934,8317.79,1712008705,302
9a7398b7,28622.79,1712008706,259
5fe15099,41548.16,1712008707,219
b627cc87,3551.56,1712008708,184
a7834ed5,22619.75,1712008709,458
adf14f08,1286.54,1712008710,392
537c39bf,30082.24,1712008711,220
31d38d2e,31799.11,1712008712,498
376d1b7f,1911.29,1712008713,414
640b6f0b,32691.7,1712008714,212
a1855e7b,21670.05,1712008715,380
186a224a,44528.03,1712008716,197
da0a5ff8,8022.19,1712008717,318
c739d164,34519.94,1712008718,335
dfe9fc31,46942.24,1712008719,154
d930ce0a,27282.76,1712008720,471
91728767,36298.08,1712008721,400
e33a42eb,32324.6,1712008722,242
fe8feaaa,49387.02,1712008723,372
f6bba742,28565.7,1712008724,235
7ffdd646,4554.54,1712008725,400
e58fa653,45200.69,1712008726,486
07585c35,41567.25,1712008727,199
e4a35f2d,49452.77,1712008728,392
a4f92a29,26048.23,1712008729,436
a864bd52,17085.95,1712008730,449
4524efe4,27847.41,1712008731,401
a7890d52,33654.36,1712008732,145
4be9f4f5,17615.97,1712008733,487
40063348,22606.1,1712008734,354
fdaa6ff1,25779.68,1712008735,132
f1b7a3b1,34943.89,1712008736,105
15a91234,5970.24,1712008737,125
e708736d,37535.77,1712008738,105
4a60b8a7,4591.63,1712008739,349
1a5bf9e1,38897.66,1712008740,180
366cc72b,27145.03,1712008741,239
7c12df04,19326.37,1712008742,199
908e5054,16083.0,1712008743,448
9716127d,34897.0,1712008744,316
e2858f99,33938.26,1712008745,193
aefd4263,6390.3,1712008746,253
6d48f38e,47137.31,1712008747,300
dd0a0c18,11175.23,1712008748,284
db8b3fb3,24376.93,1712008749,439
19371d03,42738.6,1712008750,330
2b8c3fb7,31610.62,1712008751,314
09c60b1a,2264.5,1712008752,355
6ff0acf4,48467.64,1712008753,378
a4acdb0f,49807.43,1712008754,236
0f2bb18f,9871.77,1712008755,239
b5f22a5d,20534.0,1712008756,146
2b90b222,12543.38,1712008757,431
9fc73fb2,46048.02,1712008758,199
a8efbc0d,29585.52,1712008759,296
20784a2d,41440.2,1712008760,188
dae1317a,27080.26,1712008761,132
f70846b0,48361.31,1712008762,399
803a19d9,4771.02,1712008763,218
6643cb2c,3752.83,1712008764,312
c59de34c,31062.68,1712008765,373
0b310772,4813.75,1712008766,335
ce3a04b9,2131.88,1712008767,199
15ad2d07,33525.22,1712008768,445
9ebe0ccd,41503.05,1712008769,457
89af45b2,41036.8,1712008770,453
7781fbc9,41570.07,1712008771,198
e72b8369,1721.71,1712008772,213
61842829,46335.12,1712008773,190
484d040b,36007.5,1712008774,283
e0ae59c4,39683.64,1712008775,413
26154f25,7957.45,1712008776,247
645702eb,36127.07,1712008777,200
01af8c51,4238.48,1712008778,336
eea9c0d7,24986.78,1712008779,244
998489dc,30063.28,1712008780,272
11caac3e,23678.22,1712008781,466
2f43cb25,35926.08,1712008782,457
c416ea29,5539.9,1712008783,498
124c8182,1928.49,1712008784,187
c0bb9697,7947.18,1712008785,141
08df4b98,31924.4,1712008786,261
1e39d867,19297.13,1712008787,136
465e13e7,47390.85,1712008788,419
20428de0,37229.0,1712008789,299
db5231cd,49184.83,1712008790,340
17eb1335,37302.53,1712008791,403
ad81753b,27352.01,1712008792,430
0258c74d,38141.56,1712008793,217
be30718f,13664.38,1712008794,245
ca641dc7,14169.34,1712008795,275
aaeb017f,17349.47,1712008796,486
63272ff3,15765.53,1712008797,175
1b8e9bd3,11494.93,1712008798,474
a45a5c77,31940.3,1712008799,260
70c20756,16648.32,1712008800,340
d9620cd3,48698.34,1712008801,258
635fa90f,1154.81,1712008802,245
abf5231a,31750.99,1712008803,416
de5c7599,21960.19,1712008804,206
bc5e396a,35805.86,1712008805,301
3c6bc9d3,45668.05,1712008806,238
0e2f013e,25458.64,1712008807,361
2b8fea78,6154.99,1712008808,495
2a92bfc8,27147.7,1712008809,175
d1eb3c10,14262.06,1712008810,163
129fd0e4,43250.89,1712008811,352
4580bb59,9931.02,1712008812,176
601510e5,30302.79,1712008813,374
b14d5ecd,34913.33,1712008814,368
3e312a20,30253.45,1712008815,299
9fe8f84a,10365.9,1712008816,355
4c051185,32401.23,1712008817,148
c4862358,41591.43,1712008818,146
d3f64aea,24264.9,1712008819,322
a7edc772,47199.07,1712008820,436
cd82869e,36843.12,1712008821,103
ebf52d0b,9391.1,1712008822,463
bba1aa1b,3579.5,1712008823,275
e18db0fa,18839.69,1712008824,447
7e04a553,32159.47,1712008825,393
8e2db423,4628.61,1712008826,318
d4fe6de6,2222.18,1712008827,271
4a5a1b6f,39457.95,1712008828,387
f0f9862e,10650.96,1712008829,242
7629fb8c,42905.3,1712008830,292
3c462e5e,5763.54,1712008831,383
35c43697,45731.74,1712008832,139
f3fd5463,6240.56,1712008833,178
b0e06af4,39169.1,1712008834,183
38b03b84,30632.15,1712008835,142
cd282ec7,4853.51,1712008836,399
8ff35ea4,47082.47,1712008837,145
43a43b02,30170.63,1712008838,396
855a73c8,21483.42,1712008839,113
5b27d740,33942.03,1712008840,105
305d913c,42023.74,1712008841,227
3afdb3dc,36839.37,1712008842,477
a68751af,7734.92,1712008843,370
2c05a65f,22223.55,1712008844,334
d9ebe11c,42919.64,1712008845,251
d16abe25,25396.07,1712008846,249
127d513b,10054.01,1712008847,308
76bf4ed3,1869.42,1712008848,407
adc43144,12951.51,1712008849,292
3e7f7bee,1909.09,1712008850,498
89ce9154,12507.88,1712008851,297
92140c7e,49415.08,1712008852,334
24a4db04,23701.22,1712008853,247
ca4a74dc,45098.61,1712008854,281
1ea67f3b,21192.94,1712008855,160
5bbb3334,32558.34,1712008856,407
d53fe154,21173.31,1712008857,310
a7a3dcde,30062.12,1712008858,445
d1275cb6,20631.94,1712008859,178
cb1ee46f,37834.61,1712008860,391
494a0cd5,44894.01,1712008861,135
9eb70d5f,49284.86,1712008862,425
2e903619,5318.28,1712008863,277
3eb40ffd,19439.73,1712008864,160
d66db961,40332.85,1712008865,215
1acbc924,11262.68,1712008866,326
9daec691,10245.87,1712008867,210
4cbaa720,1192.99,1712008868,182
586bcab4,9870.15,1712008869,405
913f30e6,10473.98,1712008870,465
c4328871,33119.05,1712008871,107
08251dca,1429.24,1712008872,400
491ac438,1864.76,1712008873,246
1426a42d,25168.24,1712008874,105
2d5d8717,15559.52,1712008875,157
404b31ce,33482.18,1712008876,286
3a470b23,5448.66,1712008877,105
b442e9a6,45704.92,1712008878,458
ab4935df,23448.75,1712008879,209
1016a2e4,26547.28,1712008880,357
3255c35d,6469.59,1712008881,325
b0f6d1ee,2499.13,1712008882,272
bf7be517,31371.93,1712008883,338
9886f502,7614.91,1712008884,240
b01f12a0,7089.51,1712008885,477
e429aaf2,2550.23,1712008886,317
36dba741,26267.73,1712008887,457
d4219254,26764.28,1712008888,155
ef40f8b5,43992.59,1712008889,206
2244fb47,22156.0,1712008890,283
e8a32694,27844.58,1712008891,434
15a0ec4b,47531.16,1712008892,209
b6933073,17826.2,1712008893,232
2b371e47,28753.2,1712008894,496
5f71bef4,43882.57,1712008895,239
157b17af,38608.84,1712008896,378
9d2ed3bd,6180.38,1712008897,259
c8a01f02,24646.23,1712008898,213
1d224f0c,32894.0,1712008899,384
b898296f,46217.87,1712008900,349
29828b09,19840.49,1712008901,292
07f007a3,28406.19,1712008902,370
3bf3c55c,12831.45,1712008903,489
4213314f,47827.34,1712008904,334
d5a60fa9,46836.0,1712008905,166
0cd21cd0,30005.2,1712008906,159
da5208d1,25178.91,1712008907,453
5db5e0c6,49643.09,1712008908,322
51109602,28572.07,1712008909,174
5638e396,15242.51,1712008910,255
e6453269,48374.17,1712008911,122
fb32675c,45151.96,1712008912,367
051725ac,42838.2,1712008913,378
2937eb47,41232.1,1712008914,462
1ddddf04,21727.83,1712008915,301
72110c48,47061.14,1712008916,253
419d3c8d,20403.59,1712008917,134
714ef2ef,2008.22,1712008918,331
f2807d1a,14577.99,1712008919,363
06adf564,9898.93,1712008920,459
3f546e5e,2102.68,1712008921,104
a60475cb,28394.33,1712008922,146
b2138865,28484.98,1712008923,430
4224a643,40112.92,1712008924,205
59f916d6,41899.54,1712008925,147
92700894,34411.54,1712008926,244
83383837,3834.73,1712008927,151
48c29abe,16454.22,1712008928,303
8ed5426c,5676.53,1712008929,368
cbeb357f,9596.02,1712008930,402
e7a2f2f5,21914.26,1712008931,158
cbd055f1,25829.74,1712008932,110
eeee3ca9,19264.09,1712008933,179
ee553f54,37915.98,1712008934,185
b75c7e1c,4327.02,1712008935,304
62544b5e,47916.51,1712008936,106
13280f39,34471.21,1712008937,238
c03cb8b1,42700.41,1712008938,242
e1a90c3c,32850.62,1712008939,452
8a08b22c,39377.31,1712008940,320
059f4a3a,40997.87,1712008941,251
bcd7f766,44407.12,1712008942,437
7736d429,40062.06,1712008943,192
cb94adfd,22479.22,1712008944,248
68a68e04,26207.18,1712008945,206
61f26f8a,41539.29,1712008946,471
1f743fab,40037.82,1712008947,419
84acdb51,20059.47,1712008948,190
9fad6bfa,49458.07,1712008949,480
2e09a40f,44998.42,1712008950,425
1e85f3c4,13836.52,1712008951,137
d09f6525,4780.68,1712008952,177
91075fe1,20063.29,1712008953,138
ba0fb7f7,24609.52,1712008954,413
497b9f96,36734.4,1712008955,199
1407c65b,15860.54,1712008956,143
a4609a50,29909.12,1712008957,209
a7f4ae7d,10955.79,1712008958,257
9269f5d3,28334.09,1712008959,279
101431f1,17838.47,1712008960,218
954e7062,22855.18,1712008961,449
04eea0b1,35243.33,1712008962,377
4d430216,1804.57,1712008963,476
16525137,15359.36,1712008964,361
2da3a397,21237.8,1712008965,421
d1d2b9b1,21295.53,1712008966,252
5c8b52dc,32000.74,1712008967,245
5f1ae798,44883.93,1712008968,310
01c17989,37224.1,1712008969,164
8ec60a45,7243.58,1712008970,347
cf192a78,45160.55,1712008971,248
e2c3974b,2800.99,1712008972,353
33756f2f,49587.92,1712008973,381
de652e9f,2396.72,1712008974,290
89e4888f,18494.62,1712008975,361
5b80be65,25527.7,1712008976,451
3c1fce90,34819.0,1712008977,146
9cfa7333,14301.68,1712008978,381
08ce4b86,1432.77,1712008979,393
d4c59f88,5167.02,1712008980,248
82013a6a,25747.13,1712008981,297
c01698f5,19541.77,1712008982,188
b730aaff,45692.0,1712008983,399
da4cda68,14390.8,1712008984,338
330f7dab,16253.6,1712008985,169
f38db5f8,42079.3,1712008986,460
8afbc1ee,21283.26,1712008987,260
05c0b2b7,45461.12,1712008988,305
28218d38,35352.53,1712008989,435
e3be6fe7,1111.49,1712008990,241
6fc82bc9,28367.71,1712008991,156
9fc3b97a,40319.52,1712008992,309
c6452636,24215.46,1712008993,127
2011955d,21562.25,1712008994,474
ec3c91d2,7309.82,1712008995,346
cfeb0ce5,7897.26,1712008996,451
a964af8f,1772.12,1712008997,210
2ac532a2,49334.36,1712008998,183
c016afca,19586.62,1712008999,409
3a3a6a12,29936.27,1712009000,126
c140b64a,7672.82,1712009001,375
e8582f11,11071.98,1712009002,364
d4ffe04f,13246.43,1712009003,147
78da7db2,14400.61,1712009004,449
9b093ada,45443.96,1712009005,356
d3d5332b,44131.18,1712009006,228
77fe66d8,29530.21,1712009007,469
e0ef205a,17706.8,1712009008,143
5d1f64d2,12934.1,1712009009,130
6cc5ba77,3853.78,1712009010,409
448a2eb4,24139.06,1712009011,340
ba83ec46,16892.08,1712009012,327
bb6a9f3e,47883.45,1712009013,211
bdf791b0,41204.92,1712009014,219
179a2da9,24349.4,1712009015,368
0854c6a6,35805.72,1712009016,199
a520ce0b,38501.16,1712009017,133
a588c075,5527.26,1712009018,224
20c3e87e,13149.26,1712009019,314
bac42ca2,16651.65,1712009020,299
05c660a1,2803.32,1712009021,186
d5a5406b,22672.08,1712009022,204
2b37b8db,32590.35,1712009023,400
b181bbaf,1309.93,1712009024,364
aa5733fb,15056.71,1712009025,482
4174ce5c,45786.53,1712009026,183
737c10d4,10704.59,1712009027,365
137cd7c1,24052.26,1712009028,137
ef2a1ff3,27469.19,1712009029,210
71f5f3bd,40564.41,1712009030,194
3b968a2a,47353.94,1712009031,393
4beab8aa,2802.91,1712009032,165
e3af2b25,19423.53,1712009033,138
a50214ae,10073.86,1712009034,340
e9a5e8e8,47054.97,1712009035,447
239c1462,14760.65,1712009036,252
12f2fc36,47253.46,1712009037,283
ce3e0fb1,32090.18,1712009038,277
dd47f89b,9708.62,1712009039,417
801d84ef,2893.73,1712009040,274
8208161d,18110.73,1712009041,139
28066d9c,31931.35,1712009042,172
04c6ebe1,47648.01,1712009043,166
c23b60ce,8482.46,1712009044,345
0f33a958,37366.45,1712009045,423
41e84d83,43973.29,1712009046,181
1948f3af,39086.56,1712009047,276
561c3a9a,44165.27,1712009048,433
41be196b,31928.55,1712009049,281
0e76cbc9,11952.99,1712009050,308
f515a3c4,15175.26,1712009051,200
2ad60e7d,12691.69,1712009052,330
1eaa0769,34892.96,1712009053,139
ecf468fb,37799.85,1712009054,260
d85e69fb,37074.92,1712009055,223
a6cb809c,21235.06,1712009056,493
ae531467,47101.75,1712009057,354
7cb4248e,41803.97,1712009058,136
6f678391,5407.25,1712009059,151
4908bc22,43642.61,1712009060,289
56ef7490,42095.82,1712009061,402
6f4352d1,4203.16,1712009062,203
8a974fd8,2929.42,1712009063,131
271ea680,44643.28,1712009064,161
5a0c4af3,25687.42,1712009065,186
318a2b6d,42078.14,1712009066,244
fff15490,6310.18,1712009067,370
6f2cef0b,28609.43,1712009068,349
46757f5a,4482.09,1712009069,497
92bea8d8,18735.37,1712009070,398
98d8efd9,37695.52,1712009071,435
d1fcab46,21263.18,1712009072,498
7b0a5c73,48283.71,1712009073,153
edadcec3,32671.77,1712009074,484
a4756b46,17903.25,1712009075,410
2917d4ff,8385.55,1712009076,164
f4af2a9f,49264.04,1712009077,425
943a4b2b,30288.52,1712009078,400
716ea9da,49824.79,1712009079,363
261b9e99,8978.4,1712009080,381
4e798b87,45964.3,1712009081,367
418dc7c6,8582.25,1712009082,368
00e8a021,5207.17,1712009083,278
d1aed7b6,23264.66,1712009084,200
fa1ac0b4,2382.91,1712009085,427
228bfd73,35936.93,1712009086,447
c0ce4dfd,44901.42,1712009087,396
5b837989,5098.35,1712009088,455
e08a7212,40953.21,1712009089,269
c6a8bc7c,3105.47,1712009090,393
192510b5,48101.32,1712009091,220
95d8c17a,49994.4,1712009092,435
c98813d3,49171.67,1712009093,238
b3c1592a,9637.32,1712009094,157
0a849d34,44103.73,1712009095,266
5d76832f,2951.65,1712009096,413
27c41071,6536.17,1712009097,145
ba1184d6,29834.19,1712009098,438
e01855ac,44695.16,1712009099,299
06e1b804,29836.47,1712009100,371
d7cc157d,13866.62,1712009101,332
40206a1c,20365.21,1712009102,490
04302c64,35306.35,1712009103,208
1f4e405f,23183.22,1712009104,380
4ccb42e3,24707.79,1712009105,466
fc3e2b79,26566.96,1712009106,483
569b9d84,1925.86,1712009107,363
a01457f0,40625.0,1712009108,295
429caa3a,11428.32,1712009109,398
f750f077,20708.22,1712009110,266
196b1ff2,36609.9,1712009111,479
f94fe6d7,36947.7,1712009112,175
701f4164,45179.61,1712009113,474
b1df0ab4,2565.3,1712009114,145
b1e4449c,17421.67,1712009115,358
ec7977a1,20797.76,1712009116,179
f9d89f03,26911.46,1712009117,291
5ca9fd6d,32093.14,1712009118,311
7005b1b5,4987.69,1712009119,244
1bf4f7d9,10590.64,1712009120,314
3d9b4057,22077.85,1712009121,104
d0c7e33b,14889.53,1712009122,322
80cb6044,8450.87,1712009123,480
086e1121,27993.56,1712009124,108
4b6b882d,31093.72,1712009125,326
ad17ca44,32388.79,1712009126,273
0b37b055,10475.58,1712009127,358
fb93dd77,29720.2,1712009128,344
9ca156e5,6009.07,1712009129,353
953abb99,22916.0,1712009130,403
68dcc0d8,30037.79,1712009131,423
7ed2f81c,17891.02,1712009132,137
7ca41afe,14426.94,1712009133,126
7ae651e0,37505.66,1712009134,127
2ac9dea9,2672.46,1712009135,320
3b15d197,20030.76,1712009136,223
bd3b3ad1,33874.84,1712009137,155
fd1b7884,40455.76,1712009138,385
fbe0f747,47327.85,1712009139,187
730b8f1f,23255.53,1712009140,399
d0a55f32,19301.81,1712009141,193
cf9680c4,42957.57,1712009142,145
fcb93ad1,11058.18,1712009143,200
906ba0cc,14593.83,1712009144,346
4944a303,12130.35,1712009145,239
005e57c3,9955.5,1712009146,302
31047ac6,10046.74,1712009147,152
541716f5,6283.93,1712009148,148
b9311222,30599.02,1712009149,422
86e7cc12,17732.73,1712009150,411
aa54d854,48134.38,1712009151,287
31fffc8b,48982.08,1712009152,468
dc29a2cc,10185.44,1712009153,114
b342d17d,2941.29,1712009154,247
88a09fe6,44900.08,1712009155,399
311917c6,7714.02,1712009156,184
2c8de2a2,4449.24,1712009157,157
8ab36be0,3729.42,1712009158,249
129fdb25,37776.5,1712009159,162
be825b71,21868.51,1712009160,249
ba10b797,49815.45,1712009161,296
f9005d39,48449.0,1712009162,346
c830b7c2,9047.6,1712009163,264
3dc00961,20431.95,1712009164,348
072a56a1,4693.38,1712009165,494
c41bd8a1,14734.01,1712009166,467
238a01ee,36954.78,1712009167,312
352252c0,44362.23,1712009168,279
1df3a84e,47289.99,1712009169,284
f6a3acc0,45002.92,1712009170,379
421a80a7,48567.22,1712009171,318
6c392765,27589.76,1712009172,378
1f6b06a2,43429.38,1712009173,303
f5a55d4e,6326.84,1712009174,363
99d9e257,25313.37,1712009175,242
a543ace3,43225.15,1712009176,491
5b84dd65,9212.54,1712009177,462
6675afe6,35528.59,1712009178,304
0bc8119f,4999.16,1712009179,391
99c9d28c,46546.17,1712009180,167
2052ec8f,31925.19,1712009181,169
798c8426,17172.82,1712009182,217
7ab912c6,28116.15,1712009183,235
ca379895,7740.56,1712009184,413
02635b4b,34670.32,1712009185,303
1f5795a5,11599.52,1712009186,378
aa3161e4,30766.24,1712009187,295
12942b98,12702.91,1712009188,441
bcc4032c,8561.45,1712009189,387
82dc7862,37538.39,1712009190,101
330f0781,19798.85,1712009191,197
985b506c,19403.76,1712009192,454
381e0c74,19942.99,1712009193,384
d928bfb9,36033.44,1712009194,407
2b411942,18326.84,1712009195,328
bd92d160,24152.29,1712009196,407
593f82f7,3407.62,1712009197,189
73da792c,49690.92,1712009198,179
796fe628,30291.49,1712009199,343
cbc39ff1,30763.3,1712009200,241
7c8cd9b1,17688.28,1712009201,342
06e99a3d,29951.94,1712009202,198
a8701128,22850.31,1712009203,250
bdf6fde0,25606.21,1712009204,270
e5c4a4b8,6828.35,1712009205,477
9762278a,44137.36,1712009206,253
112aa12c,22930.84,1712009207,314
4f7f442e,44951.29,1712009208,484
6fe1f4fe,31909.58,1712009209,415
c756082e,49457.33,1712009210,324
7ee29ca7,22803.72,1712009211,106
66d92a43,47070.37,1712009212,400
ad41724a,41615.2,1712009213,325
542282c5,31337.55,1712009214,405
9da91590,42043.61,1712009215,485
5e379b58,1461.74,1712009216,415
d53f04f9,20425.71,1712009217,453
389c01e2,10796.91,1712009218,274
7ed1028b,34171.82,1712009219,146
0870b4ce,41174.61,1712009220,271
c26ea5d1,18966.13,1712009221,436
9e4f2641,15958.16,1712009222,375
acd345a7,12494.37,1712009223,300
9d4be74b,33776.38,1712009224,322
a76e4948,29387.4,1712009225,309
ef1fd735,23020.85,1712009226,457
9fe12684,30567.48,1712009227,267
528d9833,48945.3,1712009228,314
4bfbc61a,47045.82,1712009229,489
8e076bda,42666.22,1712009230,407
52202c71,1262.48,1712009231,245
d55c9a40,18756.28,1712009232,402
416fd79b,22071.57,1712009233,489
7ee49f9e,20182.67,1712009234,166
c6bc992f,20218.59,1712009235,479
8cc8aedb,2308.38,1712009236,133
f04a5bb4,38877.88,1712009237,309
dc9e9597,6301.6,1712009238,440
ba496788,7863.02,1712009239,365
2a30e3a7,34253.58,1712009240,310
d90eddb5,22481.05,1712009241,411
5c597575,41679.88,1712009242,164
87d7f761,21061.74,1712009243,101
15c186a4,19224.96,1712009244,323
048a32f4,37783.17,1712009245,466
4d355f62,22428.97,1712009246,372
469bb2e8,28622.06,1712009247,171
ac1fdb82,37710.95,1712009248,317
301ccf87,46978.16,1712009249,354
720f8fb7,31989.88,1712009250,433
b90e4d7b,4485.24,1712009251,200
f44dd7b1,12917.83,1712009252,204
481113e8,35004.38,1712009253,259
cff88095,6866.28,1712009254,108
e197c6c3,38053.27,1712009255,287
b617a379,6140.8,1712009256,319
b74b5afb,23528.25,1712009257,300
daf53bd3,40507.98,1712009258,130
030d56ea,15070.72,1712009259,438
9eb60da5,40778.0,1712009260,323
64491c10,49995.8,1712009261,153
3e3f57ec,40104.24,1712009262,429
bb34ca3d,49999.72,1712009263,293
2f48a873,30576.77,1712009264,345
edcffc0c,33554.91,1712009265,450
0b6a0082,2210.28,1712009266,326
ea75f601,49659.46,1712009267,404
39d0e2e7,25294.91,1712009268,253
41300c5f,38286.81,1712009269,211
648fdcb2,33538.45,1712009270,341
36cd6ed5,19869.93,1712009271,363
ef5db5f3,49719.12,1712009272,288
1dab5c5b,36094.12,1712009273,454
81c9c17f,23688.48,1712009274,328
a56f2778,28612.2,1712009275,272
d29f279f,21962.63,1712009276,114
47bd7dc1,46045.01,1712009277,145
cb13c061,4007.78,1712009278,439
202e05bf,29210.88,1712009279,145
5769d480,18668.81,1712009280,397
773366b4,41458.04,1712009281,450
09039218,6526.69,1712009282,294
6b106e29,39251.53,1712009283,308
3fea5f91,26910.21,1712009284,298
59b39e93,26840.63,1712009285,148
da2d579f,37009.31,1712009286,457
bfff09f9,15283.18,1712009287,203
e730f0d3,45323.35,1712009288,112
cbd3ca7f,42667.55,1712009289,458
be9c20a7,19622.02,1712009290,217
3d6a5dea,39074.32,1712009291,370
f516001f,43983.56,1712009292,301
c4749919,30975.67,1712009293,415
ab39def2,13417.05,1712009294,349
9a93019c,37495.16,1712009295,451
8861b62e,44156.79,1712009296,214
4cc09d78,40950.68,1712009297,121
a41bd1e1,48098.48,1712009298,126
2227ef2a,32278.22,1712009299,187
852243a1,32532.87,1712009300,139
f4ca6594,47272.08,1712009301,371
4a5ee063,40044.72,1712009302,168
068c77d9,31168.36,1712009303,330
63eb546e,20665.47,1712009304,283
f7e754bb,27891.34,1712009305,490
a3dfdac3,26741.55,1712009306,258
eb4c4ee7,25510.65,1712009307,201
b5144c81,41629.76,1712009308,388
5ea22410,31202.15,1712009309,436
8075298c,23056.14,1712009310,194
67205c02,30761.64,1712009311,233
d7879085,42724.81,1712009312,175
f599f413,32676.99,1712009313,146
31871813,2559.66,1712009314,127
1a4c0c15,47735.67,1712009315,170
d2cabaf3,44771.91,1712009316,279
9f21b10b,44094.19,1712009317,450
92b7f5c2,31933.35,1712009318,421
50439f84,31930.39,1712009319,231
f8a7f5ce,15267.05,1712009320,103
6732bd14,32106.93,1712009321,196
671f7b18,45751.74,1712009322,484
d08a6a3f,37529.31,1712009323,253
aa037c43,36109.38,1712009324,371
53ee5877,11547.72,1712009325,206
72617c5f,48660.67,1712009326,420
b7c09aea,49095.65,1712009327,170
611cdb36,15742.87,1712009328,469
84d6e3d0,33772.29,1712009329,167
97243d33,36979.41,1712009330,195
9bb3a5d5,37591.15,1712009331,153
a6bdf06e,33308.53,1712009332,199
c4abab1a,49952.65,1712009333,344
ec95603f,39537.47,1712009334,250
a8ae03ab,45002.09,1712009335,423
3f5213bd,5931.34,1712009336,466
fea95bd4,10793.64,1712009337,264
5d5cde1f,37510.79,1712009338,405
426b1f57,23831.91,1712009339,255
8c5cb160,37082.32,1712009340,381
2333855c,24317.92,1712009341,404
74a08cde,19334.5,1712009342,426
7ec3cfa0,47599.92,1712009343,404
f82be44b,19219.3,1712009344,262
00b53412,4990.83,1712009345,138
9428b043,32001.68,1712009346,253
853b3780,19001.97,1712009347,460
fbfebf52,13027.59,1712009348,280
e5722a86,21557.31,1712009349,299
97a44d73,19236.84,1712009350,205
93154fe6,24769.15,1712009351,401
eb8671ab,49490.6,1712009352,326
ecc09b2e,12120.06,1712009353,249
a545bf7e,9584.57,1712009354,302
bf1888b2,36419.17,1712009355,103
7f850e3a,16491.27,1712009356,268
4fcfceaa,2723.69,1712009357,442
395446ff,11368.42,1712009358,415
56e0a852,22595.09,1712009359,435
365f2f2c,28875.97,1712009360,316
f3a4a3e6,15582.35,1712009361,271
dd0dce2a,43226.3,1712009362,446
55635b22,4509.82,1712009363,386
fd38023c,33224.95,1712009364,438
e29cd631,37473.06,1712009365,365
99ef49b5,49301.82,1712009366,338
58d25c2c,31646.71,1712009367,421
936e7063,30046.37,1712009368,459
f8273ceb,37526.35,1712009369,478
f887caf2,43893.28,1712009370,153
315da526,42855.76,1712009371,323
18921f99,31784.92,1712009372,349
b121df40,34734.79,1712009373,309
614b7fef,18505.21,1712009374,323
3190e7f9,44946.82,1712009375,485
4f77afd6,13802.34,1712009376,383
d0d2a603,44680.65,1712009377,382
94b98463,22609.25,1712009378,443
63e0251a,27383.99,1712009379,206
c10eb1bf,28137.24,1712009380,195
ef02e9c4,11413.83,1712009381,103
53ed6f9b,11915.53,1712009382,367
76daf78e,8417.98,1712009383,102
51a8ef95,34303.2,1712009384,289
a9002ec8,41903.29,1712009385,234
4554ccaf,18139.58,1712009386,429
a0942741,32242.57,1712009387,450
43d1c22c,20443.01,1712009388,392
357e7509,1635.29,1712009389,322
350bf89d,21269.58,1712009390,436
c4067088,19610.06,1712009391,403
b284a511,9405.58,1712009392,308
687e28bc,46667.48,1712009393,236
73052038,42842.1,1712009394,389
409cfc3a,4922.65,1712009395,310
cf6bb538,43322.73,1712009396,308
33eb22ab,43851.83,1712009397,471
eec44f55,3926.74,1712009398,207
b31006be,17040.08,1712009399,228
e7cfb38e,34438.64,1712009400,414
3ee33f74,30997.07,1712009401,130
15ca7ffb,49129.1,1712009402,359
e1fcda03,33092.28,1712009403,313
da50163e,2366.82,1712009404,447
40272f9b,43868.8,1712009405,447
762c297e,23978.99,1712009406,250
633038bd,9225.62,1712009407,495
e56f132a,45054.25,1712009408,208
831e3e92,7790.57,1712009409,429
9f2f86c6,9040.26,1712009410,138
0ae1aacf,5619.91,1712009411,338
468cf362,42712.69,1712009412,282
39d4709c,16767.4,1712009413,228
5c4bb900,13145.52,1712009414,354
e9379aaf,49906.57,1712009415,196
159be9b7,32055.93,1712009416,105
83883bb1,42475.3,1712009417,343
bd6ead1b,28129.89,1712009418,305
b2b95718,28554.93,1712009419,201
4c799492,1482.23,1712009420,265
fa5451be,42014.11,1712009421,463
e053ba44,25541.81,1712009422,186
198979dd,22167.49,1712009423,244
e36eed8b,13808.89,1712009424,494
0b6ef3d5,32737.56,1712009425,282
783c177c,15342.63,1712009426,354
7d2c7b2d,12854.12,1712009427,128
978c2670,32833.91,1712009428,139
4c12b767,27906.68,1712009429,119
91f870c5,45356.42,1712009430,389
3bff90c9,24402.13,1712009431,218
faad3500,36741.38,1712009432,412
f015827e,35079.65,1712009433,485
f61b0d01,35548.83,1712009434,235
14ea420c,44411.64,1712009435,341
521ca228,36912.33,1712009436,362
c1e464dc,15521.05,1712009437,439
9fe4b5c6,29204.56,1712009438,210
97b80179,36570.06,1712009439,195
3366cae0,25199.61,1712009440,139
00972c36,43293.22,1712009441,420
261c9a53,30376.52,1712009442,470
d532e2ff,2442.53,1712009443,197
6022618b,40273.27,1712009444,150
3b6283f0,41900.36,1712009445,215
dfd414e0,29546.39,1712009446,146
5051719b,28083.52,1712009447,285
3aa5b53a,16716.09,1712009448,283
0241a531,23673.08,1712009449,221
0c2aedd8,26991.95,1712009450,129
de88dc27,45260.75,1712009451,255
78beb755,43776.64,1712009452,409
98cc1a07,26072.33,1712009453,236
893dd7f2,48962.68,1712009454,153
48f5a93a,33634.69,1712009455,448
70446ccd,16478.28,1712009456,486
a5727694,19155.45,1712009457,182
af2fbb9a,41162.98,1712009458,494
d57dc06f,35226.52,1712009459,367
e371589c,13353.69,1712009460,137
f9a47e44,49656.56,1712009461,384
62758478,4424.79,1712009462,109
677fda84,23955.49,1712009463,229
3909dc85,26153.19,1712009464,435
70978460,48298.16,1712009465,490
6f40f978,28459.94,1712009466,362
4a073128,38367.63,1712009467,426
e8ecb0a9,31696.73,1712009468,421
839e945f,30115.21,1712009469,427
4733bac3,44737.0,1712009470,304
d542ebec,11238.04,1712009471,134
725c5020,9380.94,1712009472,386
395ccde2,1952.45,1712009473,382
3cf633b3,41933.48,1712009474,478
88a7c1e2,16223.68,1712009475,306
f5215b08,44262.79,1712009476,210
e7abba94,32465.81,1712009477,226
1bdf0c4c,18928.58,1712009478,193
8aedf44f,3244.49,1712009479,463
a5a0ee3b,48606.4,1712009480,419
e6bc937e,43891.34,1712009481,297
f4bda9f4,24682.7,1712009482,367
a5b99472,32531.5,1712009483,353
45349bba,26151.13,1712009484,258
8a707a98,2107.88,1712009485,350
d99afb20,24309.25,1712009486,483
1d73c6bc,34006.25,1712009487,497
44c0d4f4,9524.66,1712009488,361
fa134dd1,35684.5,1712009489,265
3022d02e,12504.64,1712009490,288
09bae21f,7011.55,1712009491,232
18f6453f,45541.38,1712009492,207
0b1c1793,24528.86,1712009493,332
4248e56b,4621.67,1712009494,356
cdf989fc,12551.99,1712009495,311
30ff7073,9046.2,1712009496,289
a11aecef,6135.16,1712009497,447
3d1fe096,43118.22,1712009498,316
0563da94,32948.21,1712009499,158
aec1fac9,49152.89,1712009500,234
7becb70e,34812.78,1712009501,390
fd8b2505,41132.11,1712009502,103
f22e7be5,29393.63,1712009503,153
4b2d60b7,2168.84,1712009504,169
a9c46c53,38546.41,1712009505,234
77f85a27,40197.57,1712009506,467
2733eec3,16663.68,1712009507,278
68c89fe7,37898.55,1712009508,160
b5744c0a,42621.36,1712009509,248
62ecf2ba,44055.08,1712009510,142
fec598ee,43521.37,1712009511,250
b04f463f,28389.42,1712009512,166
60b8157d,28517.2,1712009513,199
8c5184be,25273.2,1712009514,370
5cfc9aac,18076.38,1712009515,277
397b2112,4095.59,1712009516,273
ef05f343,43271.02,1712009517,191
8a87fae1,7997.65,1712009518,158
1acd404d,43265.06,1712009519,101
c72b6b07,40961.83,1712009520,434
a1ec5166,20794.61,1712009521,284
e396fe96,47737.31,1712009522,186
825b359a,40834.35,1712009523,247
9bfe088d,29088.99,1712009524,490
097f8fdb,33428.96,1712009525,101
e430e922,4665.97,1712009526,356
e099982c,33395.06,1712009527,448
63b3262f,43892.02,1712009528,348
543368c1,28001.87,1712009529,498
4b951d43,13267.19,1712009530,357
46408cfb,6744.36,1712009531,176
81f1d315,39295.7,1712009532,358
8b0d8217,7143.71,1712009533,245
8f6c3e8b,33586.05,1712009534,241
00426e13,30166.64,1712009535,413
64ee1230,10813.76,1712009536,428
e1074208,39432.63,1712009537,282
79e9b2ab,46862.37,1712009538,469
8a904ccf,10898.48,1712009539,154
f4445e7a,11458.87,1712009540,179
abf40026,22216.29,1712009541,205
0621a17a,43484.27,1712009542,340
0ccca8a8,11078.4,1712009543,283
13cec414,21340.85,1712009544,381
26a03edb,43259.76,1712009545,142
51d10a99,10797.87,1712009546,280
2e11aa26,8456.91,1712009547,490
57e337dc,5700.45,1712009548,329
e64654e4,14174.34,1712009549,353
e4a60622,35452.03,1712009550,189
c565a923,7396.23,1712009551,269
2b89fc96,26895.26,1712009552,474
136598eb,9769.62,1712009553,395
fce2a22d,11003.3,1712009554,412
cf6e147a,16745.42,1712009555,161
fefac95d,47498.89,1712009556,278
36570f9e,1991.29,1712009557,118
5568bde8,44694.07,1712009558,189
1f240acb,41194.91,1712009559,268
9106d709,28058.09,1712009560,168
d66d6363,3260.69,1712009561,492
0d1c9b66,36017.91,1712009562,390
4f4c5a49,35424.55,1712009563,173
1695431c,6054.42,1712009564,302
d29ef4d7,11459.64,1712009565,490
fa1c0de2,4245.67,1712009566,378
e2c72163,43665.68,1712009567,208
ac66c8da,16230.56,1712009568,177
c78c00f8,41530.88,1712009569,104
ccff492d,23833.31,1712009570,384
ced2f7fa,1384.68,1712009571,123
9da83222,45750.67,1712009572,124
aafb0cad,34538.69,1712009573,268
abfab4e9,34894.96,1712009574,283
f49f081d,36041.33,1712009575,317
d840fe5d,30867.94,1712009576,459
1502f59b,42936.51,1712009577,184
6a658a04,20091.75,1712009578,404
9b1da4c3,38258.58,1712009579,295
174352bf,11741.18,1712009580,321
e26933e3,16809.75,1712009581,387
77f00672,39959.49,1712009582,452
e31d9738,44032.45,1712009583,376
a39939f5,7300.17,1712009584,211
4b867380,19507.19,1712009585,320
a1430f6c,49340.97,1712009586,498
6b8652e9,9135.84,1712009587,165
878e313e,36390.54,1712009588,168
a181626b,29790.03,1712009589,250
e63216d8,44421.87,1712009590,151
3bbf382a,46142.05,1712009591,494
8ac29965,38645.98,1712009592,238
79f7ba48,47622.1,1712009593,252
d8ab66d8,20551.33,1712009594,141
2b92cafa,43488.19,1712009595,179
3133533f,49677.18,1712009596,454
5f81d643,23797.85,1712009597,386
b9aa6341,41204.16,1712009598,465
7d8f4e72,45348.77,1712009599,411
170d72b4,48309.02,1712009600,305
4b2ade65,34503.77,1712009601,427
6de50cbc,49864.7,1712009602,281
968a680b,47242.04,1712009603,316
861b80be,12973.0,1712009604,440
fa18a55d,19880.32,1712009605,350
c777f501,23651.31,1712009606,434
d333c528,47293.51,1712009607,241
7256b12f,18336.64,1712009608,101
011e57bf,43598.27,1712009609,283
65e3808a,45584.91,1712009610,162
2051731c,30504.31,1712009611,131
780410a0,6871.01,1712009612,428
07c13fd7,32179.4,1712009613,356
0af8c1f5,36155.6,1712009614,235
c3feb7db,4744.68,1712009615,467
396e792f,45513.44,1712009616,454
b7ac78f7,47942.76,1712009617,235
1b47cd35,2373.38,1712009618,208
f54ca989,44295.7,1712009619,484
bc122ca7,35778.53,1712009620,240
469030c8,40671.95,1712009621,352
982cf5e6,4656.0,1712009622,408
fd0668b1,14189.38,1712009623,477
e89cae2f,7175.54,1712009624,314
bf897ca3,5643.95,1712009625,255
53c418c6,17385.46,1712009626,381
1ff285d2,3502.01,1712009627,432
3e2cc30b,4425.63,1712009628,435
c9b58491,8328.58,1712009629,183
cb46264c,20451.03,1712009630,231
d5f31818,17379.94,1712009631,178
24edccaa,43143.66,1712009632,305
8985ee5c,15079.44,1712009633,226
9c9dc5ac,9615.15,1712009634,186
e144641b,9379.11,1712009635,351
fc8ede58,42111.69,1712009636,271
489b991e,13808.97,1712009637,415
a71ad907,46625.21,1712009638,378
3897c8e5,17486.0,1712009639,488
92948457,11561.64,1712009640,239
1a88f4f2,9400.56,1712009641,405
1ceca7d2,47938.28,1712009642,250
ab71a9f8,19580.66,1712009643,309
af91a5f0,30603.11,1712009644,203
5b37ccee,46616.55,1712009645,415
1c79feeb,37322.54,1712009646,218
8ee956e9,19812.19,1712009647,276
69575d84,22556.59,1712009648,311
f0dbc977,23744.69,1712009649,477
42dda4b5,48748.88,1712009650,475
45cf18d3,5874.01,1712009651,404
8451c72f,11541.57,1712009652,373
00227a90,48930.83,1712009653,457
e24be0b7,49800.33,1712009654,177
2210909c,2397.9,1712009655,134
0b144118,13580.0,1712009656,341
40dcdbed,39655.25,1712009657,379
ba686d20,46676.93,1712009658,199
b2d50b78,39489.09,1712009659,133
86906824,14205.11,1712009660,305
2792f4e8,27103.88,1712009661,469
407541d9,11521.3,1712009662,257
883997e6,33422.43,1712009663,468
20ed20e8,32332.33,1712009664,411
bcb48a83,13892.97,1712009665,121
58307cd1,28466.75,1712009666,431
9f6b1ff0,27417.21,1712009667,145
00d49427,23409.72,1712009668,204
073fba59,20835.47,1712009669,354
596812df,49133.44,1712009670,495
3554a18f,31115.94,1712009671,247
be40ef50,20122.33,1712009672,191
0b308029,36846.01,1712009673,419
61862581,33425.96,1712009674,253
ecb65550,8037.0,1712009675,185
a3fd9c88,32554.34,1712009676,120
2d60e9be,21210.51,1712009677,198
ce48602f,10636.83,1712009678,261
306da874,5959.68,1712009679,174
08488aa5,3513.56,1712009680,188
c4433877,25577.13,1712009681,498
6a43c9df,30527.63,1712009682,375
a60f51df,37645.08,1712009683,210
67b3a29c,33813.99,1712009684,294
d7f04713,43234.27,1712009685,245
bc27ab98,45341.24,1712009686,305
34d541fe,10343.63,1712009687,435
992635dd,11166.6,1712009688,253
f0f82490,7887.56,1712009689,210
e277a552,25454.26,1712009690,198
5ba20ad5,26927.07,1712009691,452
c3ece99d,41514.05,1712009692,259
022e5233,17875.76,1712009693,347
b323a23c,24002.96,1712009694,356
6ace85b7,21271.4,1712009695,245
99ab98d9,2207.44,1712009696,432
b6534bfe,49922.51,1712009697,486
1df31a4d,34425.84,1712009698,265
7c59c9f9,44271.69,1712009699,277
0be4cda2,27389.7,1712009700,172
ee46905f,18998.33,1712009701,116
2189c514,13287.08,1712009702,148
1281f43d,38399.79,1712009703,453
880b6f55,15757.9,1712009704,466
bcfb90fc,9398.81,1712009705,110
b9333aa7,40388.0,1712009706,419
3e19b68f,20247.55,1712009707,499
d315dcd5,11166.68,1712009708,488
5f31be0d,37180.03,1712009709,314
9e8e77fb,25691.37,1712009710,357
28ba69e2,1131.46,1712009711,334
c2868665,27024.11,1712009712,203
52fa7545,31480.2,1712009713,120
f5d165dd,3058.66,1712009714,396
50dd437a,48295.52,1712009715,320
039005fa,26889.28,1712009716,231
6ef00eeb,36159.25,1712009717,291
c3d267c5,12622.76,1712009718,147
112a4fc6,40662.24,1712009719,279
cf6f10df,42879.23,1712009720,207
148db5a4,28822.89,1712009721,340
fc43379c,6680.81,1712009722,282
609f193f,45627.23,1712009723,101
b88a25ae,12475.98,1712009724,499
e932179c,17403.22,1712009725,398
cdbc2083,5744.61,1712009726,359
65227f44,9757.78,1712009727,485
dcac9a95,3120.63,1712009728,199
5587b79a,32523.61,1712009729,202
0c2c86f6,28187.62,1712009730,185
482558a0,15051.08,1712009731,262
5c4d2cb1,5923.79,1712009732,313
764300a6,48062.67,1712009733,168
ef599d33,14788.5,1712009734,220
3fff39db,32181.02,1712009735,422
b74400d8,48195.17,1712009736,145
85228ceb,49303.82,1712009737,225
7d4d1a0d,30646.24,1712009738,213
a5727b59,7040.08,1712009739,207
56a95119,29190.72,1712009740,460
c69d3d5f,24914.77,1712009741,240
c50b9e13,1533.62,1712009742,407
2bbf027d,27945.0,1712009743,481
2338960c,46840.78,1712009744,484
ffd91f7b,11355.71,1712009745,107
40c10244,25417.48,1712009746,419
9fd303ba,2470.31,1712009747,185
f5f6bee6,46010.12,1712009748,329
32b5c123,20978.66,1712009749,479
121a73c4,22382.62,1712009750,462
3c625d1f,20226.64,1712009751,131
018c2c59,32624.49,1712009752,485
0de1b9d5,24599.74,1712009753,350
fa8afcb3,9025.82,1712009754,304
b825d383,47599.79,1712009755,317
9594489a,36806.7,1712009756,482
54851d45,42482.59,1712009757,286
282c1538,14768.56,1712009758,234
588daec7,48579.88,1712009759,357
623515f8,15938.75,1712009760,392
decee9a5,1104.42,1712009761,418
25103336,38810.63,1712009762,362
6c32f9c5,14603.57,1712009763,295
146df4ef,8016.85,1712009764,422
d428472d,27659.05,1712009765,127
57bf5f73,21508.84,1712009766,343
fe69ae8e,3106.71,1712009767,165
9f37e440,35286.56,1712009768,127
1d117f55,2691.2,1712009769,229
3617a9af,21311.18,1712009770,364
5a645587,36776.37,1712009771,396
9e384ef9,30100.03,1712009772,499
f43d4117,14389.11,1712009773,478
e3a69215,16414.69,1712009774,179
b89d1a08,1017.48,1712009775,342
63881bec,38464.3,1712009776,271
2e670a1a,26974.99,1712009777,242
1016548a,18637.51,1712009778,389
15904c77,36217.97,1712009779,168
7c17af12,45492.61,1712009780,270
69795719,44677.87,1712009781,106
aeaacaf6,22894.64,1712009782,195
c099d251,23655.51,1712009783,415
5ac3fcb2,16331.63,1712009784,339
d0fc98f1,9839.57,1712009785,467
6283e2fa,38624.6,1712009786,306
3e67ff5f,20055.07,1712009787,495
52e200f3,30096.19,1712009788,383
16a9ceab,14311.9,1712009789,102
03595f05,27275.2,1712009790,250
25df6dd8,45183.68,1712009791,357
70da42e6,38811.91,1712009792,134
f1971289,45957.57,1712009793,317
7100d3ec,15246.55,1712009794,316
5df3f4d7,24014.04,1712009795,314
06f7a0c1,46433.03,1712009796,124
30dade45,19858.71,1712009797,472
c0ec2335,23682.63,1712009798,341
75eea6fb,41368.32,1712009799,246
71364274,18342.66,1712009800,447
a6f59c1e,31102.16,1712009801,235
da309eb6,14407.46,1712009802,302
ad51089a,44616.32,1712009803,481
c1bd17d8,33658.81,1712009804,286
b0db583a,27767.74,1712009805,125
056eeee9,47080.41,1712009806,231
c6722af7,45239.4,1712009807,283
15bccf70,49753.87,1712009808,185
44372247,47907.43,1712009809,472
26f873cd,12827.53,1712009810,491
04abe43a,9487.83,1712009811,139
b61fba28,40138.43,1712009812,271
ccbe7d51,48565.17,1712009813,289
efa451cd,36003.33,1712009814,499
c5ba29db,16621.01,1712009815,463
9c367d9a,48548.37,1712009816,318
d9945638,17382.34,1712009817,332
69441fad,6143.76,1712009818,485
22b59e44,11684.94,1712009819,354
d7aeed54,9517.92,1712009820,292
036de15a,10840.52,1712009821,464
3f408893,47648.89,1712009822,362
b8cc38c5,36311.44,1712009823,175
682b6b97,33805.36,1712009824,168
b72435e2,29046.38,1712009825,157
53c9ce7d,27131.44,1712009826,139
6a6b3b5d,43234.72,1712009827,147
86260e73,44495.7,1712009828,215
9a489882,7523.02,1712009829,275
b0f70e7e,8697.72,1712009830,124
70f991a9,43059.09,1712009831,237
71dc80dd,16548.78,1712009832,484
e105bc54,15188.63,1712009833,342
c93c3de4,33294.56,1712009834,158
d5d9c033,36414.37,1712009835,381
5922d343,23523.19,1712009836,447
aadc53e4,31644.13,1712009837,206
8b3cfd5c,27531.02,1712009838,384
742faf99,32725.74,1712009839,213
42503d3a,49745.43,1712009840,109
ca99ab6b,34810.24,1712009841,391
fc9c5c5e,24736.58,1712009842,479
bc180ed0,1496.12,1712009843,196
dafd8807,36719.31,1712009844,119
8e8191bd,33147.79,1712009845,450
2f79847a,1077.74,1712009846,344
b914f30a,19022.68,1712009847,325
8cac89d9,6888.55,1712009848,216
31074be5,9108.99,1712009849,105
7344e970,24183.19,1712009850,345
5774fcef,32972.85,1712009851,478
1a74006a,49795.35,1712009852,373
4432c52b,2745.06,1712009853,431
4ab777ef,4491.85,1712009854,290
29281d19,18087.91,1712009855,201
c6c5a5c4,36072.75,1712009856,202
11523b93,14606.41,1712009857,130
950e5ea9,2340.9,1712009858,196
4a5364cf,29440.45,1712009859,260
c1a4c1f2,37226.26,1712009860,417
b9b88503,10467.83,1712009861,319
918c6ef0,44142.17,1712009862,402
bfe72536,35610.19,1712009863,444
b6e371d8,44304.27,1712009864,154
73205828,34225.23,1712009865,403
ed128a5e,44770.95,1712009866,420
0ef2481d,12757.81,1712009867,399
134ebe50,5865.96,1712009868,282
54800b5e,39935.36,1712009869,432
8106e0e3,46795.8,1712009870,496
51635cc9,34134.54,1712009871,229
a0758920,13603.16,1712009872,113
45c55396,10372.38,1712009873,290
df4e1f66,42876.45,1712009874,283
979db039,47706.91,1712009875,365
c767ee29,4786.72,1712009876,383
bf33320e,40522.09,1712009877,330
77afe91e,6227.04,1712009878,499
1c9efcf8,21776.11,1712009879,277
33bb837c,41147.28,1712009880,312
fe59ae01,25628.64,1712009881,104
44a355e9,31346.58,1712009882,223
98697719,49822.75,1712009883,131
bc83d6ec,44980.4,1712009884,422
971e5ae6,45690.03,1712009885,243
3dde7408,8628.02,1712009886,220
f5f941da,38028.17,1712009887,160
a5ec6f85,24323.46,1712009888,334
51dd4a8b,3539.27,1712009889,169
ffc4e4e1,33896.72,1712009890,257
bf3e2d1b,41593.67,1712009891,458
ee894815,26924.35,1712009892,222
52090250,47010.33,1712009893,353
f04be9ce,1971.82,1712009894,320
7eb62d4a,11786.11,1712009895,179
9a23a538,27158.61,1712009896,156
04cdc90f,10574.3,1712009897,329
8901b73d,33605.4,1712009898,456
3774fe82,36999.24,1712009899,363
b04bbc28,32590.24,1712009900,330
5ef10d95,33912.77,1712009901,332
863d85fb,15807.32,1712009902,383
f05de429,8444.66,1712009903,405
28bf492e,8328.69,1712009904,175
761cf163,41639.54,1712009905,271
f0c7c1e6,10512.43,1712009906,258
1ca22a94,25649.19,1712009907,491
7b1cb6a0,48982.51,1712009908,498
bba5a1ba,38668.9,1712009909,129
2fb95ca7,45607.5,1712009910,268
bb27c8cc,17856.09,1712009911,218
e57c6fdd,16378.82,1712009912,480
6c2f0e47,42502.08,1712009913,427
3f187d68,14685.44,1712009914,269
984874fa,8199.45,1712009915,263
552b4dc4,36431.46,1712009916,159
af799fca,10728.35,1712009917,200
17faf20f,3054.76,1712009918,260
5a4f9696,49520.21,1712009919,407
2656ebb4,18732.27,1712009920,248
36942e21,9971.55,1712009921,244
85d0aada,8324.43,1712009922,377
78ed2506,45971.9,1712009923,244
a10f44d7,37240.08,1712009924,457
00325e6a,7431.21,1712009925,437
6f633d15,26526.64,1712009926,158
cd366eaf,33703.23,1712009927,267
1e944373,4984.4,1712009928,386
0296a151,4242.81,1712009929,188
4da41bb3,13153.9,1712009930,141
baafca98,5739.7,1712009931,274
6565f5a5,11362.77,1712009932,210
5d497eac,30473.26,1712009933,238
87c4d1fd,14937.39,1712009934,128
ec5a8c94,16531.47,1712009935,102
087add7e,39934.03,1712009936,322
085b6da4,10409.51,1712009937,131
cf3ac0ee,18947.54,1712009938,308
a498f5c8,22240.45,1712009939,288
0d38fb5d,11817.38,1712009940,336
ba2d8739,2332.55,1712009941,260
564c018e,48024.74,1712009942,172
df221d52,28545.09,1712009943,113
7d2db3f7,34899.55,1712009944,473
1610e852,38416.27,1712009945,271
0d0bd517,7961.51,1712009946,481
375cd2d5,23613.23,1712009947,324
dd405dc9,26706.87,1712009948,380
84d971d1,14795.46,1712009949,243
ca3c20bf,26187.72,1712009950,158
a9ccce88,39823.1,1712009951,161
81688963,36034.36,1712009952,294
15f89d4e,22589.53,1712009953,121
34a1d470,38448.1,1712009954,384
62be5fd3,21639.5,1712009955,172
4bb48cc9,6646.57,1712009956,345
c43ce152,43620.88,1712009957,112
3dcdde0a,31452.13,1712009958,150
7a81cd2a,41716.28,1712009959,319
72cc45fe,19906.23,1712009960,353
bc2aac15,48863.44,1712009961,422
b98869df,46606.15,1712009962,289
f3292458,44988.05,1712009963,298
53b1621d,17302.12,1712009964,240
58bc1900,25245.25,1712009965,389
9c27761c,46153.46,1712009966,346
763770f3,26442.36,1712009967,337
60a8f465,49188.62,1712009968,340
ca958256,24486.77,1712009969,431
bbd6ca73,19044.83,1712009970,117
299d88bf,39842.92,1712009971,452
4ae01d97,4543.7,1712009972,151
31af7373,4003.89,1712009973,349
9536d0e7,34794.4,1712009974,145
327f9151,2138.19,1712009975,200
989c84dc,45960.36,1712009976,103
66219c3e,32320.54,1712009977,454
891d56f0,15502.75,1712009978,125
5808da6e,46201.23,1712009979,128
a6f03581,37426.8,1712009980,406
fdfa58e0,48063.45,1712009981,251
6cf9a0d4,26820.65,1712009982,108
df4e8f19,9244.55,1712009983,259
7c9fe12a,2896.14,1712009984,495
f639000f,9256.49,1712009985,317
fe63d660,27719.38,1712009986,491
915d3de3,48399.62,1712009987,133
ede77d38,35677.5,1712009988,169
68a7c0d6,8901.56,1712009989,155
f0b6647d,8590.15,1712009990,313
67ff5b60,28580.09,1712009991,482
f6280d25,43732.13,1712009992,302
eef191b9,49466.55,1712009993,239
e00a5dca,33081.59,1712009994,374
01fc35fb,46896.48,1712009995,390
40273b5d,27002.24,1712009996,372
3f4e4764,42260.84,1712009997,484
e0cb9aeb,21107.43,1712009998,297
33b2b136,34381.37,1712009999,226
